id,athleteName,year,nationality,sport,reviewStatus,sourceLocator,sourceUrl
1,Erriyon Knighton,2024,美國,田徑,core_checked,見個案公告與勘誤紀錄,https://www.athleticsintegrity.org/disciplinary-process/appeal-decisions
2,Iga Swiatek,2024,波蘭,網球,core_checked,見個案公告與勘誤紀錄,https://www.itia.tennis/news/sanctions/polish-tennis-player-iga-swiatek-accepts-one-month-suspension-under-tennis-anti-doping-programme/
3,Jannik Sinner,2024,義大利,網球,core_checked,見個案公告與勘誤紀錄,https://www.itia.tennis/news/sanctions/itia-statement/
8,Simona Halep,2022,羅馬尼亞,網球,core_checked,見個案公告與勘誤紀錄,https://www.itia.tennis/news/sanctions/full-decision-in-the-case-of-simona-halep-v-itia/
9,Blessing Okagbare,2021,奈及利亞,田徑,core_checked,見個案公告與勘誤紀錄,https://www.athleticsintegrity.org/downloads/pdfs/know-us/en/Press-Release-blessing.pdf
11,Sha'Carri Richardson,2021,美國,田徑,core_checked,見個案公告與勘誤紀錄,https://www.usada.org/sanction/shacarri-richardson-accepts-doping-sanction/
13,Christian Coleman,2020,美國,田徑,core_checked,見個案公告與勘誤紀錄,https://www.athleticsintegrity.org/downloads/pdfs/know-us/en/AIU-PRESS-RELEASE-ATHLETICS-INTEGRITY-UNIT-WELCOMES-CAS-DECISION-TO-BAN-CHRISTIAN-COLEMAN.pdf
23,Wilson Kipsang,2019,肯亞,田徑,core_checked,見個案公告與勘誤紀錄,https://www.athleticsintegrity.org/downloads/pdfs/disciplinary-process/en/Latest-Santions-AUGUST-2020.pdf
26,Ryan Lochte,2018,美國,游泳,core_checked,見個案公告與勘誤紀錄,https://www.usada.org/sanction/ryan-lochte-accepts-doping-sanction/
41,Gil Roberts,2017,美國,田徑,core_checked,見個案公告與勘誤紀錄,https://www.usada.org/wp-content/uploads/07_12_17-Gil-Roberts-AAA-FinalAward.pdf
45,Nijat Rahimov,2016,哈薩克,舉重,core_checked,見個案公告與勘誤紀錄,https://ita.sport/news/the-ita-welcomes-decision-of-cas-add-to-sanction-weightlifter-nijat-rahimov-for-adrv-of-swapping-samples/
48,Simone Biles,2016,美國,體操,core_checked,見個案公告與勘誤紀錄,https://usagym.org/usa-gymnastics-statement-regarding-simone-biles-and-wada-hack/
58,Alexander Legkov,2014,俄羅斯,越野滑雪,primary_excerpt_checked,見個案公告與勘誤紀錄,https://jurisprudence.tas-cas.org/Shared%20Documents/5379.pdf
59,Alexander Tretiakov,2014,俄羅斯,俯式冰橇,primary_excerpt_checked,見個案公告與勘誤紀錄,https://jurisprudence.tas-cas.org/Shared%20Documents/5429.pdf
65,Sun Yang,2014,中國,游泳,core_checked,見個案公告與勘誤紀錄,https://aquaticsintegrity.com/wp-content/uploads/2023/01/Award_6148__FINAL_.pdf
134,C.J. Hunter,2000,美國,田徑,core_checked,見個案公告與勘誤紀錄,https://worldathletics.org/news/news/iaaf-comment-regarding-cj-hunter-allegations
sun-yang-2018,Sun Yang,2018,中國,游泳,core_checked,見個案公告與勘誤紀錄,https://aquaticsintegrity.com/wp-content/uploads/2023/01/Award_6148__FINAL_.pdf
ita-cd187870e58d,Enrico Pellegrini,2025,義大利,登山滑雪,core_checked,"Pellegrini, Enrico | Italy | 28 January 2025",https://ita.sport/news/the-ita-acknowledges-the-cas-award-partially-upholding-the-appeal-of-ski-mountaineering-athlete-enrico-pellegrini/
ita-f7e39df6dcca,Cameron Schiller,2025,美國,壘球,core_checked,"Schiller, Cameron | United States of America | 13 July 2025",https://ita.sport/news/the-ita-reports-that-softball-player-cameron-schiller-has-accepted-a-3-year-ban-for-his-anti-doping-rule-violation/
ita-34f66203f4e5,Joe Skipper,2025,英國,鐵人三項,core_checked,"Skipper, Joe | United Kingdom | 15 May 2025",https://ita.sport/news/the-ita-acknowledges-the-international-hearing-panel-decision-sanctioning-ironman-athlete-joe-skipper/
ita-a9d763121732,Aymane Takzima,2026,摩洛哥,空手道,core_checked,"Takzima, Aymane | Morocco | 20 November 2022",https://ita.sport/news/the-ita-reports-that-athlete-aymane-takzima-has-accepted-a-3-year-ban-for-his-breach-of-anti-doping-rules/
ita-e4463f173249,Nursultan Mendybayev,2025,哈薩克,綜合格鬥,core_checked,"Mendybayev, Nursultan | Kazakhstan | 22 June 2025",https://ita.sport/news/the-ita-reports-that-mixed-martial-arts-athlete-nursultan-mendybayev-has-been-sanctioned-with-a-six-year-ban/
ita-833ebc948a5c,Yoana Georgieva,2023,保加利亞,輕艇,core_checked,"Georgieva, Yoana | Bulgaria | 15 December 2023",https://ita.sport/news/cas-imposes-six-year-ban-on-bulgarian-canoeist-yoana-georgieva/
ita-007d4fee6f50,Syimyk Makhmedov,2024,吉爾吉斯,角力,core_checked,"Makhmedov, Syimyk | Kyrgyzstan | 11 October 2024",https://ita.sport/news/the-ita-reports-that-wrestler-syimyk-makhmedov-has-been-sanctioned-with-a-four-year-period-of-ineligibility/
ita-eb2b272982be,Erdenesuvd Bat Erdene,2023,蒙古,角力,core_checked,"Bat Erdene, Erdenesuvd | Mongolian | 21 September 2023",https://ita.sport/news/the-ita-reports-that-wrestler-erdenesuvd-bat-erdene-has-been-sanctioned-with-a-two-year-period-of-ineligibility/
ita-2f61a44eca24,Aziz Mannai,2022,突尼西亞,舉重,core_checked,"Mannai, Aziz | Tunisia | 27 September 2022",https://ita.sport/news/the-ita-reports-that-weightlifter-aziz-mannai-has-been-sanctioned-with-a-4-year-period-of-ineligibility/
ita-aec1146d524c,Giovanni Carboni,2024,義大利,自行車,core_checked,"Carboni, Giovanni | Italy | 2 October 2024",https://ita.sport/news/the-ita-acknowledges-the-uci-anti-doping-tribunal-decision-sanctioning-giovanni-carboni/
ita-fcfe8d64fea6,Abdulrahman Abdullah H Alghamdi,2025,沙烏地阿拉伯,鐵人三項,core_checked,"Alghamdi, Abdulrahman Abdullah H | Saudi Arabia | 14 November 2025",https://ita.sport/news/the-ita-reports-that-triathlete-abdulrahman-alghamdi-has-been-sanctioned-with-a-6-year-period-of-ineligibility/
ita-68fd2d094cdf,Jhohan David Sanguino Matamoros,2024,委內瑞拉,舉重,core_checked,"Sanguino Matamoros, Jhohan David | Venezuela | 28 November 2024 and 13 December 2024",https://ita.sport/news/the-ita-reports-that-weightlifter-jhohan-david-sanguino-matamoros-has-accepted-a-4-year-ban-for-his-adrv/
ita-ac5538c7a75e,Brenda Uchenna Bosah,2026,奈及利亞,舉重,core_checked,"Bosah, Brenda Uchenna | Nigeria | 02 March 2026",https://ita.sport/news/the-ita-reports-that-weightlifter-brenda-uchenna-bosah-has-been-sanctioned-with-a-3-year-period-of-ineligibility/
ita-9d8065b6dab5,Junhong Lin,2016,中國,自行車,core_checked,"Lin, Junhong | China | 16 January 2016 and 29 January 2016",https://ita.sport/news/the-ita-reports-that-rider-junhong-lin-has-accepted-a-4-year-period-of-ineligibility-for-her-anti-doping-rule-violation/
ita-226edfa93a4f,Mariana Bernal Sanchez,2025,墨西哥,射箭,core_checked,"Bernal Sanchez, Mariana | Mexico | 29 September 2025",https://ita.sport/news/the-ita-reports-that-archer-mariana-bernal-sanchez-has-accepted-a-3-year-ban-for-her-anti-doping-rule-violation/
ita-19210cce34cd,Enkhtur Tegshjargal,2025,蒙古,拳擊,core_checked,"Tegshjargal, Enkhtur | Mongolia | 29 November 2025",https://ita.sport/news/the-ita-reports-that-boxer-enkhtur-tegshjargal-accepted-a-2-year-sanction-for-three-whereabouts-failures/
ita-8e2a8b3f698b,Batu Han Yuksel,2023,土耳其,舉重,core_checked,"Yuksel, Batu Han | Türkiye | 28 July 2023",https://ita.sport/news/court-of-arbitration-for-sport-confirms-eight-year-ban-imposed-on-turkish-weightlifter-batu-han-yuksel/
ita-cd387471474e,Prathamesh Samadhan Jawkar,2025,印度,射箭,core_checked,"Jawkar, Prathamesh Samadhan | India | 1 October 2025",https://ita.sport/news/the-ita-reports-that-archer-prathamesh-samadhan-jawkar-has-accepted-a-2-year-sanction-for-three-whereabouts-failures/
ita-b38ccaa15f5a,Daniil Kuzmin,2026,俄羅斯,體操,core_checked,"Kuzmin, Daniil | Russia | 3 February 2026",https://ita.sport/news/the-ita-reports-that-gymnast-daniil-kuzmin-has-been-sanctioned-with-a-3-year-period-of-ineligibility/
ita-ae0903caad5e,Gulsevar Urakova,2025,烏茲別克,桑搏,core_checked,"Urakova, Gulsevar | Uzbekistan | 4 August 2025 and 14 August 2025",https://ita.sport/news/the-ita-reports-that-two-sambo-athletes-have-been-sanctioned-with-a-5-and-3-year-period-of-ineligibility-respectively/
ita-07adfc13fc45,Ozodbek Murotov,2025,烏茲別克,桑搏,core_checked,"Murotov, Ozodbek | Uzbekistan | 12 August 2025",https://ita.sport/news/the-ita-reports-that-two-sambo-athletes-have-been-sanctioned-with-a-5-and-3-year-period-of-ineligibility-respectively/
ita-568a6741e703,Dayanch Omirov,2025,土庫曼,庫拉什,core_checked,"Omirov, Dayanch | Turkmenistan | 18 June 2025",https://ita.sport/news/the-ita-reports-that-kurash-athlete-dayanch-omirov-has-been-sanctioned-with-a-six-year-period-of-ineligibility/
ita-32742f90fa3f,Nihad Fozail Oglu Nihad,2025,亞塞拜然,綜合格鬥,core_checked,"Nihad, Nihad Fozail Oglu | Azerbaijan | 22 June 2025",https://ita.sport/news/the-ita-reports-that-mma-athlete-nihad-fozail-oglu-nihad-has-been-sanctioned-with-a-four-year-period-of-ineligibility/
ita-06d43cb2bedd,Maicon de Andrade Siqueira,2025,巴西,跆拳道,core_checked,"de Andrade Sigueira, Maicon | Brazil | 13 July 2025",https://ita.sport/news/the-ita-reports-that-taekwondo-athlete-maicol-de-andrade-siqueira-receives-a-2-year-period-of-ineligibility/
ita-d7db49f1b2dd,Nurlan Rasulov,2025,亞塞拜然,舉重,core_checked,"Rasulov, Nurlan | Azerbaijan | 24 October 2025",https://ita.sport/news/the-ita-reports-that-weightlifter-nurlan-rasulov-has-accepted-a-5-year-ban-for-his-anti-doping-rule-violation/
ita-5f619325ade9,Vitória Maciel Marcos,2025,巴西,跆拳道,core_checked,"Maciel Marcos, Vitória | Brazil | 31 May 2025",https://ita.sport/news/the-ita-reports-that-athlete-vitoria-maciel-marcos-has-accepted-a-2-year-ban-for-her-anti-doping-rule-violation/
ita-1adba3098100,Jean Carlos Herrera Malambo,2025,哥倫比亞,棒球,core_checked,"Herrera Malambo, Jean Carlos | Colombia | 08 November 2025",https://ita.sport/news/the-ita-reports-that-baseball-player-jean-carlos-herrera-malambo-has-been-sanctioned-with-a-3-year-period-of-ineligibility/
ita-198c619f0668,Plamen Yordanov,2025,保加利亞,桑搏,core_checked,"Yordanov, Plamen | Bulgaria | 23 April 2025",https://ita.sport/news/the-ita-reports-that-sambo-athlete-plamen-yordanov-has-been-sanctioned-with-a-four-year-period-of-ineligibility/
ita-9eba591f99e3,Ilyas Aasli,2024,摩洛哥,柔術,core_checked,"Aasli, Ilyas | Morocco | 13 December 2024",https://ita.sport/news/the-ita-reports-that-ju-jitsu-athlete-ilyas-aasli-has-been-sanctioned-with-a-two-year-period-of-ineligibility/
ita-bb0170cfc7d7,Levan Tatunashvili,2025,喬治亞,輕艇,core_checked,"Tatunashvili, Levan | Georgia | 23 May 2025",https://ita.sport/news/the-ita-reports-that-canoeist-levan-tatunashvili-has-been-sanctioned-with-a-3-year-period-of-ineligibility/
ita-a2293b7b4dd2,Dinh Thi Pham,2025,越南,舉重,core_checked,"Pham, Dinh Thi | Vietnam | 05 July 2025",https://ita.sport/news/the-ita-reports-that-weightlifter-dinh-thi-pham-has-accepted-a-2-year-ban-for-her-anti-doping-rule-violation/
ita-4466be90e20a,Tsogbadrakh Tseveensuren,2025,蒙古,角力,core_checked,"Tseveensuren, Tsogbadrakh | Mongolia | 29 March 2025",https://ita.sport/news/the-ita-acknowledges-the-cas-add-decision-sanctioning-wrestler-tsogbadrakh-tseveensuren/
ita-33dbfad751c1,Avtandil Kentchadze,2024,喬治亞,角力,core_checked,"Kentchadze, Avtandil | Georgia | 31 October 2024 and 13 January 2025",https://ita.sport/news/the-ita-reports-that-wrestler-avtandil-kentchadze-has-been-sanctioned-with-a-20-month-period-of-ineligibility/
ita-19c95510831f,Shokhrukhbek Gapurov,2025,烏茲別克,桑搏,core_checked,"Gapurov, Shokhrukhbek | Uzbekistan | 21 September 2025",https://ita.sport/news/the-ita-reports-that-sambo-athlete-shokhrukhbek-gapurov-has-accepted-a-3-year-ban-for-his-anti-doping-rule-violation/
ita-c9475e60a3ed,Neisi Patricia Dajomes Barrera,2025,厄瓜多,舉重,core_checked,"Dajomes Barrera, Neisi Patricia | Ecuador | 7 April 2025",https://ita.sport/news/the-ita-reports-that-weightlifter-neisi-patricia-dajomes-barrera-has-been-sanctioned-with-a-14-month-period-of-ineligibility/
ita-bb6ebcfb3ce5,Cameron-Lie Bernard,2025,法國,體操,core_checked,"Bernard, Cameron-Lie | France | 26 June 2025",https://ita.sport/news/the-ita-reports-that-gymnast-cameron-lie-bernard-accepted-a-22-month-sanction-for-three-whereabouts-failures/
ita-260e332c1c14,Yadir Drake Dominguez,2024,古巴,棒球,core_checked,"Drake Dominguez, Yadir | Cuba | 17 November 2024",https://ita.sport/news/the-ita-reports-that-baseball-player-yadir-drake-dominguez-has-been-sanctioned-with-a-two-year-period-of-ineligibility/
ita-31e91f5916a4,Anderson De Leon,2025,西班牙,棒球,core_checked,"De Leon, Anderson | Spain | 23 February 2025",https://ita.sport/news/the-ita-reports-that-baseball-player-anderson-de-leon-has-been-sanctioned-with-a-5-year-period-of-ineligibility/
ita-9ade5d350db5,Jose Andres Vargas Rueda,2025,墨西哥,角力,core_checked,"Vargas Rueda, Jose Andres | Mexico | 13 May 2025",https://ita.sport/news/the-ita-reports-that-wrestler-jose-andres-vargas-rueda-has-accepted-a-3-month-ban-for-his-anti-doping-rule-violation/
ita-cfefdacd2d92,Martha Bayona Pineda,2024,哥倫比亞,自行車,core_checked,"Bayona Pineda, Martha | Colombia | 05/12/2024",https://www.uci.org/pressrelease/uci-statement-concerning-martha-bayona-pineda/1lVG810ExGkBop80wVieJ8
ita-0252ec50e841,Daniil Sapunov,2025,烏克蘭,鐵人三項,core_checked,"Sapunov, Danylo | Ukraine | N/A",https://ita.sport/news/the-ita-reports-that-athlete-daniil-sapunov-has-accepted-a-3-5-year-ban-for-his-breach-of-anti-doping-rules/
ita-193d52584f41,Ibrahim Manarbek,2024,哈薩克,柔術,core_checked,"Manarbek, Ibrahim | Kazakhstan | 30 October 2024",https://ita.sport/news/the-ita-reports-that-ju-jitsu-athlete-ibrahim-manarbek-has-accepted-a-3-year-sanction-for-his-anti-doping-rule-violation/
ita-3925ae12ac5d,Pedro Afonso Pinto Gaspar,2025,葡萄牙,鐵人三項,core_checked,"Pinto Gaspar, Pedro Afonso | Portugal | 29 June 2025",https://ita.sport/news/the-ita-reports-that-triathlete-pedro-afonso-pinto-gaspar-has-accepted-a-3-year-sanction-for-his-adrv/
ita-c0175e15bb03,Scott Lazeroff,2025,美國,水上運動,core_checked,"Lazeroff, Scott | United States | 27 July 2025",https://ita.sport/news/the-ita-reports-that-high-diver-scott-lazeroff-has-accepted-a-14-months-ban-for-his-anti-doping-rule-violation/
ita-2f8626bf852a,Martti Sciortino,2025,義大利,自行車,core_checked,"Sciortino, Martti | Italy | 24/05/2025",https://www.uci.org/pressrelease/uci-statement-concerning-martti-sciortino2/6LSIAEbHLYFbHiRMGN2Has
ita-5c094a50f6e6,Vinicius Rangel Costa,2025,巴西,自行車,core_checked,"Costa, Vinicius Rangel | Brazil | 23/03/2025",https://www.uci.org/pressrelease/uci-statement-concerning-vinicius-rangel-costa/2QNZgFdmqSwMSKg92jBxqj
ita-7633257bebb2,Imogen Carlina Simmonds,2024,瑞士,鐵人三項,core_checked,"Simmonds, Imogen Carlina | Switzerland | 8 December 2024",https://ita.sport/news/ironman-athlete-imogen-simmonds-accepts-a-finding-of-no-fault-for-her-anti-doping-rule-violation/
sia-peter-bol-2023,Peter Bol,2023,澳洲,田徑,core_checked,2023-08-01 Update on Peter Bol matter,https://www.sportintegrity.gov.au/news/media-statements/2023-08/update-peter-bol-matter
ita-5e7e6ea76e46,Oleh Pryimachov,2024,烏克蘭,泰拳,core_checked,"Pryimachov, Oleh | Ukraine | 22 February 2024",https://ita.sport/news/the-ita-reports-that-muaythai-athlete-oleh-pryimachov-has-been-sanctioned-with-a-4-year-period-of-ineligibility/
ita-671290710875,Arran Gulliver,2025,英國,雪車,core_checked,"Gulliver, Arran | United Kingdom | 2 March 2025",https://ita.sport/news/the-ita-reports-that-bobsleigh-athlete-arran-gulliver-has-been-sanctioned-with-a-2-year-period-of-ineligibility/
ita-cd4ff5268813,Lucky Joseph,2026,奈及利亞,舉重,core_checked,The ITA reports that weightlifter Lucky Joseph has been sanctioned with a 4-year ban for his anti-doping rule violation：個案公告導言、採樣／違規段、處分期間段及程序說明,https://ita.sport/news/the-ita-reports-that-weightlifter-lucky-joseph-has-been-sanctioned-with-a-4-year-ban-for-his-anti-doping-rule-violation/
ita-51c526c62685,Aidyn Tolepbayev,2024,哈薩克,綜合格鬥,core_checked,The ITA reports that MMA athlete Aidyn Tolepbayev has been sanctioned with a four-year period of ineligibility：個案公告導言、採樣／違規段、處分期間段及程序說明,https://ita.sport/news/the-ita-reports-that-mma-athlete-aidyn-tolepbayev-has-been-sanctioned-with-a-four-year-period-of-ineligibility/
ita-097e950d5957,Mazhit Sardarov,2024,哈薩克,綜合格鬥,core_checked,The ITA reports that MMA athlete Mazhit Sardarov has been sanctioned with a four-year period of ineligibility：個案公告導言、採樣／違規段、處分期間段及程序說明,https://ita.sport/news/the-ita-reports-that-mma-athlete-mazhit-sardarov-has-been-sanctioned-with-a-four-year-period-of-ineligibility/
ita-03eeb52b0fd1,Khakimjon Ismoilov,2025,烏茲別克,桑搏,core_checked,The ITA reports that sambo athlete Khakimjon Ismoilov has accepted a 2-year ban for his anti-doping rule violation：個案公告導言、採樣／違規段、處分期間段及程序說明,https://ita.sport/news/the-ita-reports-that-sambo-athlete-khakimjon-ismoilov-has-accepted-a-2-year-ban-for-his-anti-doping-rule-violation/
ita-189277da5c1a,Mauro Gabriel Gomez,2024,阿根廷,綜合格鬥,core_checked,The ITA reports that Mixed Martial Arts athlete Mauro Gabriel Gómez has been sanctioned with a 2-year period of ineligibility：個案公告導言、採樣／違規段、處分期間段及程序說明,https://ita.sport/news/the-ita-reports-that-mixed-martial-arts-athlete-mauro-gabriel-gomez-has-been-sanctioned-with-a-2-year-period-of-ineligibility/
ita-55fa8485fa30,Qasim Hasan Abdulhussein Al-Lami,2024,伊拉克,舉重,core_checked,The ITA reports that Weightlifter Qasim Hasan Abdulhussein Al-Lami has accepted a 7-year sanction for his adrv：個案公告導言、採樣／違規段、處分期間段及程序說明,https://ita.sport/news/the-ita-reports-that-weightlifter-qasim-hasan-abdulhussein-al-lami-has-accepted-a-7-year-sanction-for-his-adrv/
ita-fa8d36509836,Petru Buzdugan,2024,摩爾多瓦,綜合格鬥,core_checked,The ITA reports that Mixed Martial Arts athlete Petru Buzdugan has been sanctioned with a 4-year period of ineligibility：個案公告導言、採樣／違規段、處分期間段及程序說明,https://ita.sport/news/the-ita-reports-that-mixed-martial-arts-athlete-petru-buzdugan-has-been-sanctioned-with-a-4-year-period-of-ineligibility/
ita-64356cd7cd2b,Artyom Proskuryakov,2025,亞塞拜然,自行車,core_checked,UCI statement concerning Artyom Proskuryakov：個案公告導言、採樣／違規段、處分期間段及程序說明,https://www.uci.org/pressrelease/uci-statement-concerning-artyom-proskuryakov2/6rmgpqNMFtp8d7qxDTt8My
ita-ce72c7ec15a5,Khatthamarasri Anueng,2022,泰國,泰拳,core_checked,The ITA reports that Muaythai athlete Khatthamarasri Anueng has been sanctioned with a 3-year period of ineligibility：個案公告導言、採樣／違規段、處分期間段及程序說明,https://ita.sport/news/the-ita-reports-that-muaythai-athlete-khatthamarasri-anueng-has-been-sanctioned-with-a-3-year-period-of-ineligibility/
ita-746841ced247,Ricardo Bachir,2023,黎巴嫩,綜合格鬥,core_checked,The ITA reports that Mixed Martial Arts athlete Ricardo Bachir has been sanctioned with a 4-year period of ineligibility：個案公告導言、採樣／違規段、處分期間段及程序說明,https://ita.sport/news/the-ita-reports-that-mixed-martial-arts-athlete-ricardo-bachir-has-been-sanctioned-with-a-4-year-period-of-ineligibility/
ita-e79063f8345e,Revaz Davitadze,2023,喬治亞,舉重,core_checked,The ITA acknowledges the CAS awards sanctioning weightlifters Revaz Davitadze and Gurami Giorbelidze：個案公告導言、採樣／違規段、處分期間段及程序說明,https://ita.sport/news/the-ita-acknowledges-the-cas-awards-sanctioning-weightlifters-revaz-davitadze-and-gurami-giorbelidze/
ita-04f56ae4f842,Alexandru Spac,2016,摩爾多瓦,舉重,core_checked,The ITA reports that weightlifter Alexandru Spac has accepted a 7-year period of ineligibility for his ADRV：個案公告導言、採樣／違規段、處分期間段及程序說明,https://ita.sport/news/the-ita-reports-that-weightlifter-alexandru-spac-has-accepted-a-7-year-period-of-ineligibility-for-his-adrv/
ita-88498e611484,Madeleine Egle,2023,奧地利,雪橇,core_checked,ITA：Madeleine Egle 接受二十個月行蹤申報違規處分：個案公告全文：導言、三次行蹤紀錄、接受後果、期間與上訴段落,https://ita.sport/news/the-ita-reports-that-luger-madeleine-egle-accepted-a-20-month-sanction-for-three-whereabouts-failures/
ita-279e2718f2fd,Andrey Pokatilov,2015,俄羅斯,舉重,core_checked,"The ITA reports that weightlifter Andrey Pokatilov was sanctioned based on WADA investigation, McLaren report and LIMS data：個案公告導言、採樣／違規段、處分期間段及程序說明",https://ita.sport/news/the-ita-reports-that-weightlifter-andrey-pokatilov-was-sanctioned-based-on-wada-investigation-mclaren-report-and-lims-data/
ita-d8c0202bcd03,Otylia Marczuk,2024,波蘭,自行車,core_checked,UCI statement concerning Otylia Marczuk：個案公告導言、採樣／違規段、處分期間段及程序說明,https://www.uci.org/pressrelease/uci-statement-concerning-otylia-marczuk/7kZ0sB0iFADx1c2jxvjF1p
ita-825ba0518559,Baqer Idrees,2023,伊拉克,鐵人三項,core_checked,The ITA reports that triathlete Baqer Idrees has been sanctioned with a 2-year period of ineligibility：個案公告導言、採樣／違規段、處分期間段及程序說明,https://ita.sport/news/the-ita-reports-that-triathlete-baqer-idrees-has-been-sanctioned-with-a-2-year-period-of-ineligibility/
ita-1e63725a68a7,Simon Wulff,2024,德國,雪車,core_checked,German Bobsleigh athlete Simon Wulff has been sanctioned with a 21-month period of ineligibility：個案公告導言、採樣／違規段、處分期間段及程序說明,https://ita.sport/news/german-bobsleigh-athlete-simon-wulff-has-been-sanctioned-with-a-21-month-period-of-ineligibility/
ita-c8d8f0244027,Zhanela Nabiyeva,2025,哈薩克,桑搏,core_checked,The ITA reports that sambo athlete Zhanela Nabiyeva has accepted a 2-year ban for her anti-doping rule violation：個案公告導言、採樣／違規段、處分期間段及程序說明,https://ita.sport/news/the-ita-reports-that-sambo-athlete-zhanela-nabiyeva-has-accepted-a-2-year-ban-for-her-anti-doping-rule-violation/
ita-b7c414fb2d50,Louis Wayne Loic Gael Martinson,2025,模里西斯,舉重,core_checked,The ITA reports that weightlifter Louis Wayne Loic Gael Martinson has accepted a 3 year ban for his ADRV：個案公告導言、採樣／違規段、處分期間段及程序說明,https://ita.sport/news/the-ita-reports-that-weightlifter-louis-wayne-loic-gael-martinson-has-accepted-a-3-year-ban-for-his-adrv/
ita-a3e679811edf,Vanessa Sarno,2025,菲律賓,舉重,core_checked,The ITA reports that weightlifter Vanessa Sarno accepted a 2-year sanction for three whereabouts failures：個案公告導言、採樣／違規段、處分期間段及程序說明,https://ita.sport/news/the-ita-reports-that-weightlifter-vanessa-sarno-accepted-a-2-year-sanction-for-three-whereabouts-failures/
ita-1aa44e921acb,Tuğrulhan Erdemir,2024,土耳其,拳擊,core_checked,CAS confirms two-year ban imposed on turkish boxer Tuğrulhan Erdemir：個案公告導言、採樣／違規段、處分期間段及程序說明,https://ita.sport/news/cas-confirms-two-year-ban-imposed-on-turkish-boxer-tugrulhan-erdemir/
ita-790fc95712eb,Adnan Zaki,2024,敘利亞,鐵人三項,core_checked,The ITA reports that triathlete Adnan Zaki accepted a 2-year period of ineligibility for his anti-doping rule violation：個案公告導言、採樣／違規段、處分期間段及程序說明,https://ita.sport/news/the-ita-reports-that-triathlete-adnan-zaki-accepted-a-2-year-period-of-ineligibility-for-his-anti-doping-rule-violation/
ita-cbcebbfdd45b,Antwan Tolhoek,2023,荷蘭,自行車,core_checked,UCI statement concerning Antwan Tolhoek：個案公告導言、採樣／違規段、處分期間段及程序說明,https://www.uci.org/pressrelease/uci-statement-concerning-antwan-tolhoek1/7smBeq7cWIpWUNwt2m26XI
ita-e480a4db0b21,Penelope Oleksiak,2025,加拿大,游泳,core_checked,The ITA reports that swimmer Penelope Oleksiak accepted a two-year sanction for three whereabouts failures：個案公告導言、採樣／違規段、處分期間段及程序說明,https://ita.sport/news/the-ita-reports-that-swimmer-penelope-oleksiak-accepted-a-two-year-sanction-for-three-whereabouts-failures/
ita-988542cf0fbe,Shania Sophia Bedward,2024,加拿大,舉重,core_checked,The ITA reports that weightlifter Shania Sophia Bedward accepted a 2-year ban for her anti-doping rule violation：個案公告導言、採樣／違規段、處分期間段及程序說明,https://ita.sport/news/the-ita-reports-that-weightlifter-shania-sophia-bedward-accepted-a-2-year-ban-for-her-anti-doping-rule-violation/
ita-2d3933d307ee,Dae Hee Kwon,2025,韓國,舉重,core_checked,The ITA reports that weightlifter Dae Hee Kwon accepted a 3-year ban for his anti-doping rule violation：完整個案公告：身分／事件段、處分起訖與成績段、程序更新段,https://ita.sport/news/the-ita-reports-that-weightlifter-dae-hee-kwon-accepted-a-3-year-ban-for-his-anti-doping-rule-violation/
ita-46228f83daa9,Erkin Kozokov,2024,烏茲別克,庫拉什,core_checked,The ITA reports that Kurash athlete Erkin Kozokov accepted a 3 year ban for his anti-doping rule violation：完整個案公告：身分／事件段、處分起訖與成績段、程序更新段,https://ita.sport/news/the-ita-reports-that-kurash-athlete-erkin-kozokov-accepted-a-3-year-ban-for-his-anti-doping-rule-violation/
ita-dbea69b05e29,Chrístos Volikákis,2016,希臘,自行車,core_checked,UCI statement concerning Christos Volikákis：完整個案公告：身分／事件段、處分起訖與成績段、程序更新段,https://www.uci.org/pressrelease/uci-statement-concerning-christos-volikakis/574JoP2UHTw9lzDewKJM1P
ita-ba3a3cc60785,Fouad Ambelj,2024,奧地利,霹靂舞,core_checked,The ITA reports that dancer Fouad Ambelj (B-boy Lil Zoo) has been sanctioned with a 4-year period of ineligibility：完整個案公告：身分／事件段、處分起訖與成績段、程序更新段,https://ita.sport/news/the-ita-reports-that-dancer-fouad-ambelj-b-boy-lil-zoo-has-been-sanctioned-with-a-4-year-period-of-ineligibility/
ita-562db85b2505,Dilnoza Fayzullaeva,2024,烏茲別克,舉重,core_checked,The ITA reports that weightlifter Dilnoza Fayzullaeva has accepted a 2-year period of ineligibility：完整個案公告：身分／事件段、處分起訖與成績段、程序更新段,https://ita.sport/news/the-ita-reports-that-weightlifter-dilnoza-fayzullaeva-has-accepted-a-2-year-period-of-ineligibility/
ita-e2df476c812d,Eugene Kim Park,2023,關島,高爾夫,core_checked,The ITA reports that Golf player Eugene Kim Park has been sanctioned with a 4-year period of ineligibility：完整個案公告：身分／事件段、處分起訖與成績段、程序更新段,https://ita.sport/news/the-ita-reports-that-golf-player-eugene-kim-park-has-been-sanctioned-with-a-4-year-period-of-ineligibility/
ita-903ff29b8c39,Rukhshona Shukhratova,2025,烏茲別克,踢拳,core_checked,Kickboxer Shukhratova Rukhshona accepts a two-year period of ineligibility for her anti-doping rule violation：完整個案公告：身分／事件段、處分起訖與成績段、程序更新段,https://ita.sport/news/kickboxer-shukhratova-rukhshona-accepts-a-two-year-period-of-ineligibility-for-her-anti-doping-rule-violation/
ita-7e1f7d2aa11a,Abderrezzak Lamrani,2024,阿爾及利亞,泰拳,core_checked,The ITA reports that athlete Abderrezzak Lamrani has been sanctioned with a 6-year period of ineligibility：完整個案公告：身分／事件段、處分起訖與成績段、程序更新段,https://ita.sport/news/the-ita-reports-that-athlete-abderrezzak-lamrani-has-been-sanctioned-with-a-6-year-period-of-ineligibility/
ita-c346670bf110,Ulugbek Rashitov,2025,烏茲別克,跆拳道,core_checked,The ITA reports that taekwondo athlete Ulugbek Rashitov accepted a 2-year sanction for three whereabouts failures：完整個案公告：身分／事件段、處分起訖與成績段、程序更新段,https://ita.sport/news/the-ita-reports-that-taekwondo-athlete-ulugbek-rashitov-accepted-a-2-year-sanction-for-three-whereabouts-failures/
ita-630a0e06cd4d,Danylo Matiash,2024,烏克蘭,踢拳,core_checked,The ITA reports that kickboxer Danylo Matiash has been sanctioned with a 2-year period of ineligibility：完整個案公告：身分／事件段、處分起訖與成績段、程序更新段,https://ita.sport/news/the-ita-reports-that-kickboxer-danylo-matiash-has-been-sanctioned-with-a-2-year-period-of-ineligibility/
ita-3aa656ac7817,Noel Salas Buitimea,2024,墨西哥,棒球,core_checked,The ITA reports that baseball player Noel Salas Buitimea has been sanctioned with a four-year period of ineligibility：完整個案公告：身分／事件段、處分起訖與成績段、程序更新段,https://ita.sport/news/the-ita-reports-that-baseball-player-noel-salas-buitimea-has-been-sanctioned-with-a-four-year-period-of-ineligibility/
ita-4d5be27eaa86,Ruben Dario Tejada Abrego,2024,巴拿馬,棒球,core_checked,The ITA reports that baseball player Ruben Dario Tejada Abrego was sanctioned with a four-year period of ineligibility：完整個案公告：身分／事件段、處分起訖與成績段、程序更新段,https://ita.sport/news/the-ita-reports-that-baseball-player-ruben-dario-tejada-abrego-was-sanctioned-with-a-four-year-period-of-ineligibility/
ita-4e4b3efb8c31,Francisca Dias Laia,2024,葡萄牙,輕艇,core_checked,The ITA reports that canoeist Francisca Dias Laia has been sanctioned with a four-year period of ineligibility：完整個案公告：身分／事件段、處分起訖與成績段、程序更新段,https://ita.sport/news/the-ita-reports-that-canoeist-francisca-dias-laia-has-been-sanctioned-with-a-four-year-period-of-ineligibility/
ita-541fa9bb989c,Jaclynn Reese Fowler,2023,美國,跳水,core_checked,ITA reports that diver Jaclynn Reese Fowler has been sanctioned with a 4-year period of ineligibility：完整個案公告：身分／事件段、處分起訖與成績段、程序更新段,https://ita.sport/news/ita-reports-that-diver-jaclynn-reese-fowler-has-been-sanctioned-with-a-4-year-period-of-ineligibility/
ita-fe501f1c5029,Francisco Acuña Rocha,2023,哥倫比亞,棒球,core_checked,The ITA reports that baseball player Francisco Acuña Rocha has been sanctioned with a 2-year period of ineligibility：完整個案公告：身分／事件段、處分起訖與成績段、程序更新段,https://ita.sport/news/the-ita-reports-that-baseball-player-francisco-acuna-rocha-has-been-sanctioned-with-a-2-year-period-of-ineligibility/
ita-18dfc5fc2384,Sarsen Zhetibayev,2024,哈薩克,寢技格鬥,core_checked,The ITA reports that wrestler Sarsen Zhetibayev has been sanctioned with a 3-year period of ineligibility：完整個案公告：身分／事件段、處分起訖與成績段、程序更新段,https://ita.sport/news/the-ita-reports-that-wrestler-sarsen-zhetibayev-has-been-sanctioned-with-a-3-year-period-of-ineligibility/
ita-4be75fd7dbcc,Ahmed Jalal Abbas Mansoor Fadhul,2024,巴林,手球,core_checked,The ITA reports 2-year sanction for handball player Ahmed Jalal Abbas Mansoor Fadhul：完整個案公告：身分／事件段、處分起訖與成績段、程序更新段,https://ita.sport/news/the-ita-reports-2-year-sanction-for-handball-player-ahmed-jalal-abbas-mansoor-fadhul/
ita-cdb375c17d7b,Xiaojun Lyu,2022,中國,舉重,core_checked,The ITA acknowledges the CAS ADD decision sanctioning weightlifter Xiaojun Lyu：完整個案公告：身分／事件段、處分起訖與成績段、程序更新段,https://ita.sport/news/the-ita-acknowledges-the-cas-add-decision-sanctioning-weightlifter-xiaojun-lyu/
ita-f81d31071239,Miguel Angel Lopez Moreno,2022,哥倫比亞,自行車,core_checked,UCI statement concerning Miguel Ángel López：完整個案公告：身分／事件段、處分起訖與成績段、程序更新段,https://www.uci.org/pressrelease/uci-statement-concerning-miguel-angel-lopez/6CjUOXvDkWZN1FdLo8eYlV
ita-b004f8594e83,Mariam Hamdy Mostafa,2023,埃及,庫拉什,core_checked,The ITA reports that kurash athlete Mariam Hamdy Mostafa has been sanctioned with a 2-year period of ineligibility：完整個案公告：身分／事件段、處分起訖與成績段、程序更新段,https://ita.sport/news/the-ita-reports-that-kurash-athlete-mariam-hamdy-mostafa-has-been-sanctioned-with-a-2-year-period-of-ineligibility/
ita-fb7d5559b03e,Samat Aitpanbet,2024,哈薩克,寢技格鬥,core_checked,The ITA sanctions wrestler Samat Aitpanbet with a 3-year period of ineligibility：完整個案公告：身分／事件段、處分起訖與成績段、程序更新段,https://ita.sport/news/the-ita-sanctions-wrestler-samat-aitpanbet-with-a-3-year-period-of-ineligibility/
ita-53e58cf7fa92,Ali Sofuoğlu,2023,土耳其,空手道,core_checked,The ITA acknowledges the WKF’s decision to sanction athlete Ali Sofuoğlu with a two-year period of ineligibility：完整個案公告：身分／事件段、處分起訖與成績段、程序更新段,https://ita.sport/news/the-ita-acknowledges-the-wkfs-decision-to-sanction-athlete-ali-sofuoglu-with-a-two-year-period-of-ineligibility/
ita-b982468f3f91,Miguel Austin Olivares Medina,2024,委內瑞拉,棒球,core_checked,The ITA reports that baseball player Miguel Austin Olivares Medina has been sanctioned with a 3-year period of ineligibility：完整個案公告：身分／事件段、處分起訖與成績段、程序更新段,https://ita.sport/news/the-ita-reports-that-baseball-player-miguel-austin-olivares-medina-was-sanctioned-with-a-3-year-period-of-ineligibility/
ita-ebd5cbdb73ff,Dmitriy Baboryko,2024,俄羅斯,角力,core_checked,The ITA reports that wrestler Dmitriy Baboryko has been sanctioned with a 2-year period of ineligibility：完整官方公告；姓名對應段、處分期間及程序說明,https://ita.sport/news/the-ita-reports-that-wrestler-dmitriy-baboryko-has-been-sanctioned-with-a-2-year-period-of-ineligibility/
ita-938905a31f25,Melissa Lisset Martinez Acevez,2023,墨西哥,踢拳,core_checked,The ITA sanctions two kickboxers with 2-year ineligibility periods each for three whereabouts failures：完整官方公告；姓名對應段、處分期間及程序說明,https://ita.sport/news/the-ita-sanctions-two-kickboxers-with-2-year-ineligibility-periods-each-for-three-whereabouts-failures/
ita-08218f4c9c3b,Ikbol Fozilzhanov,2023,吉爾吉斯,踢拳,core_checked,The ITA sanctions two kickboxers with 2-year ineligibility periods each for three whereabouts failures：完整官方公告；姓名對應段、處分期間及程序說明,https://ita.sport/news/the-ita-sanctions-two-kickboxers-with-2-year-ineligibility-periods-each-for-three-whereabouts-failures/
ita-2c53ad98024e,Tia Sarah Tovarlaza,2023,克羅埃西亞,舉重,core_checked,The ITA acknowledges the CAS ADD decision sanctioning weightlifters Goran Ćetković and Tia Sarah Tovarlaža：完整官方公告；姓名對應段、處分期間及程序說明,https://ita.sport/news/the-ita-acknowledges-the-cas-add-decision-sanctioning-weightlifters-goran-cetkovic-and-tia-sarah-tovarlaza/
ita-959ddec62197,Goran Cetkovic,2023,克羅埃西亞,舉重,core_checked,The ITA acknowledges the CAS ADD decision sanctioning weightlifters Goran Ćetković and Tia Sarah Tovarlaža：完整官方公告；姓名對應段、處分期間及程序說明,https://ita.sport/news/the-ita-acknowledges-the-cas-add-decision-sanctioning-weightlifters-goran-cetkovic-and-tia-sarah-tovarlaza/
ita-3f8157eb3fb3,Caroline-Rita-Daniele Cruveillier,2023,法國,拳擊,core_checked,The ITA sanctions boxer Caroline Cruveillier with a 24-month period of ineligibility for three whereabouts failures：完整官方公告；姓名對應段、處分期間及程序說明,https://ita.sport/news/the-ita-sanctions-boxer-caroline-cruveillier-with-a-24-month-period-of-ineligibility-for-three-whereabouts-failures/
ita-341b2385fca6,Elizaveta Dolzhikova,2014,俄羅斯,跆拳道,core_checked,The ITA reports that two taekwondo athletes have each been sanctioned with a 2-year period of ineligibility：完整官方公告；姓名對應段、處分期間及程序說明,https://ita.sport/news/the-ita-reports-that-two-taekwondo-athletes-have-each-been-sanctioned-with-a-2-year-period-of-ineligibility/
ita-48033ebac0a5,Rustam Djangabaev,2024,烏茲別克,舉重,core_checked,The ITA reports that weightlifter Rustam Djangabaev has been sanctioned with an eight-year period of ineligibility：完整官方公告；姓名對應段、處分期間及程序說明,https://ita.sport/news/the-ita-reports-that-weightlifter-rustam-djangabaev-has-been-sanctioned-with-an-eight-year-period-of-ineligibility/
ita-51fcd6a4c084,Gitika Narwal,2023,印度,拳擊,core_checked,The ITA acknowledges the CAS ADD decision sanctioning boxer Gitika Narwal：完整官方公告；姓名對應段、處分期間及程序說明,https://ita.sport/news/the-ita-acknowledges-the-cas-add-decision-sanctioning-boxer-gitika-narwal/
ita-f6281c790b34,Pavle Vusurovic,2023,蒙特內哥羅,踢拳,core_checked,The ITA sanctions kickboxing athlete Pavle Vusurovic with a 24-month period of ineligibility：完整官方公告；姓名對應段、處分期間及程序說明,https://ita.sport/news/the-ita-sanctions-kickboxing-athlete-pavle-vusurovic-with-a-24-month-period-of-ineligibility/
ita-b29e6a80ce73,Muhammad Waqas Akbar,2021,巴基斯坦,舉重,core_checked,The ITA updates on its investigative and prosecutorial activities concerning the Pakistan weightlifting federation：完整官方公告；姓名對應段、處分期間及程序說明,https://ita.sport/news/the-ita-updates-on-its-investigative-and-prosecutorial-activities-concerning-the-pakistan-weightlifting-federation/
ita-0ac13662ff6f,Amjad Amin Butt,2021,巴基斯坦,舉重,core_checked,The ITA updates on its investigative and prosecutorial activities concerning the Pakistan weightlifting federation：完整官方公告；姓名對應段、處分期間及程序說明,https://ita.sport/news/the-ita-updates-on-its-investigative-and-prosecutorial-activities-concerning-the-pakistan-weightlifting-federation/
ita-6b41f5733e9d,Yuliya Volkova,2014,俄羅斯,跆拳道,core_checked,The ITA reports that two taekwondo athletes have each been sanctioned with a 2-year period of ineligibility：完整官方公告；姓名對應段、處分期間及程序說明,https://ita.sport/news/the-ita-reports-that-two-taekwondo-athletes-have-each-been-sanctioned-with-a-2-year-period-of-ineligibility/
ita-59e32de02a5a,Kristina Nad Varga,2024,塞爾維亞,拳擊,core_checked,ITA sanctions boxer Kristina Nad Varga with a 3-year period of ineligibility for the presence of a prohibited substance：完整官方公告；姓名對應段、處分期間及程序說明,https://ita.sport/news/ita-sanctions-boxer-kristina-nad-varga-with-a-3-year-period-of-ineligibility-for-the-presence-of-a-prohibited-substance/
ita-3bea7cef0331,Ilkhan Dostiyev,2024,哈薩克,自行車,core_checked,UCI statement concerning Ilkhan Dostiyev：完整官方公告；姓名對應段、處分期間及程序說明,https://www.uci.org/pressrelease/uci-statement-concerning-ilkhan-dostiyev/7M4UeMJJgr9zhISMyYzVEJ
ita-b419c5a1a737,Parveen Hooda,2022,印度,拳擊,core_checked,ITA sanctions Indian boxer Parveen Hooda with a 22-month period of ineligibility for three whereabouts failures：完整官方公告；姓名對應段、處分期間及程序說明,https://ita.sport/news/ita-sanctions-indian-boxer-parveen-hooda-with-a-22-month-period-of-ineligibility-for-three-whereabouts-failures/
ita-92183cbe5be3,Derik Felix Afornali,2022,巴西,鐵人三項,core_checked,The ITA imposes a 2-year sanction on IRONMAN athlete：完整官方公告；姓名對應段、處分期間及程序說明,https://ita.sport/news/the-ita-imposes-a-2-year-sanction-on-ironman-athlete/
ita-5ab80b907039,Tamas Ajan,2012,匈牙利,舉重,core_checked,Former IWF president and IWF vice-president sanctioned with a lifetime ban as a result of ITA’s prosecution：完整官方公告；姓名對應段、處分期間及程序說明,https://ita.sport/news/former-iwf-president-and-iwf-vice-president-sanctioned-with-a-lifetime-ban-as-a-result-of-itas-prosecution/
ita-9a8b5dd8e2a1,Vasco Ribeiro,2022,葡萄牙,衝浪,core_checked,The ITA acknowledges the decision of CAS confirming the sanction of surfer Vasco Ribeiro：完整官方公告；姓名對應段、處分期間及程序說明,https://ita.sport/news/the-ita-acknowledges-the-decision-of-cas-confirming-the-sanction-of-surfer-vasco-ribeiro/
aiu-fcb63b1504c8,Kibiwott Kandie,2025,肯亞,田徑,core_checked,Kibiwott Kandie：AIU／World Athletics 個案決定：第 1–8 頁；第 2、5–18、31–48、50–52 段,https://www.athleticsintegrity.org/downloads/pdfs/disciplinary-process/en/Kibwott-KANDIE-Decision.pdf
aiu-8305315880ae,Yamile Herrera,2026,墨西哥,田徑,core_checked,Yamile Herrera：AIU／World Athletics 個案決定：第 1–5 頁；第 2、5–10、17–24 段及第 2、4 註,https://www.athleticsintegrity.org/downloads/pdfs/disciplinary-process/en/AIU-26-184-HERRERA-Decision-of-the-AIU.pdf
aiu-4d69497d2000,Gudaf TSEGAY,2025,衣索比亞,田徑,core_checked,Gudaf TSEGAY：AIU／World Athletics 個案決定：第 1 頁，全份公告第 1–5 段,https://www.athleticsintegrity.org/downloads/pdfs/disciplinary-process/en/AIU-26-006-Tsegay-Communication-CRA.pdf
aiu-b3119208d998,Deborah Sang,2025,肯亞,田徑,core_checked,Deborah Sang：AIU／World Athletics 個案決定：第 1、2、5、6 頁；第 2、5–10、23–33 段,https://www.athleticsintegrity.org/downloads/pdfs/disciplinary-process/en/AIU-26-59-26-68-Deborah-SANG-Decision.pdf
aiu-b92f69a6866b,Patricia Álvarez Pérez,2025,西班牙,田徑,core_checked,Patricia Alvarez：AIU／World Athletics 個案決定：PDF 第 1、2、8–14 頁；第 2、4、44–76 段,https://www.athleticsintegrity.org/downloads/pdfs/disciplinary-process/en/260511-WA-v-Alvarez-Decision-Final.pdf
aiu-8f7e371f423d,Zinah SENBETA,2023,衣索比亞,田徑,core_checked,Zinah SENBETA：AIU／World Athletics 個案決定：第 1–6 頁；第 2、5–22、29–36 段,https://www.athleticsintegrity.org/downloads/pdfs/disciplinary-process/en/AIU-26-060-Zinah-Senbeta-Decision.pdf
aiu-5403f5195c51,Hillary Kipchirchir Chepkwony,2024,肯亞,田徑,core_checked,Hillary Kipchirchir Chepkwony：AIU／World Athletics 個案決定：PDF 第 1、2、23–25 頁；第 3–6、65–77 段,https://www.athleticsintegrity.org/downloads/pdfs/disciplinary-process/en/260501-WA-v-Chepkwony-Decision-Final.pdf
aiu-55fc8ff094dc,Alysha NEWMAN,2025,加拿大,田徑,core_checked,Alysha NEWMAN：AIU／World Athletics 個案決定：PDF 第 1、2、7–10 頁；第 2、7、45–69 段,https://www.athleticsintegrity.org/downloads/pdfs/disciplinary-process/en/AIU-26-028-NEWMAN-Decision-of-the-AIU.pdf
aiu-f9e275550d3f,Albert KORIR,2025,肯亞,田徑,core_checked,Albert KORIR：AIU／World Athletics 個案決定：PDF 第 1、2、4–6 頁；第 2、5–11、20–34 段,https://www.athleticsintegrity.org/downloads/pdfs/disciplinary-process/en/AIU-25-381-Albert-Korir-Decision.pdf
aiu-4117ae6a5114,Jackline Sakilu,2024,坦尚尼亞,田徑,core_checked,Jackline Sakilu：AIU／World Athletics 個案決定：PDF 第 1–7 頁；第 2、5–42、44–46 段,https://www.athleticsintegrity.org/downloads/pdfs/disciplinary-process/en/AIU-25-279-Jackline-SAKILU-Decision.pdf
aiu-25538d1692b0,Sneha Kolleri,2025,印度,田徑,core_checked,Sneha Kolleri：AIU／World Athletics 個案決定：PDF 第 1–9 頁；第 2、9–17、27–45、48–63 段及註 2–3,https://www.athleticsintegrity.org/downloads/pdfs/disciplinary-process/en/Sneha-KOLLERI-Decision-AIU-25-124.pdf
aiu-dbc9a1f66bb9,Nancy Jelagat Meto,2024,肯亞,田徑,core_checked,Nancy Jelagat Meto：AIU 個案決定：PDF 第 1–6 頁；第 2、5–24、27–35 段,https://www.athleticsintegrity.org/downloads/pdfs/disciplinary-process/en/AIU-24-175-Nancy-Jelagat-Meto-Decision.pdf
aiu-7f1ad8515185,Fred Kerley,2024,美國,田徑,core_checked,Fred Kerley：AIU／紀律庭個案決定：PDF 第 1–3、50–53 頁；尤其第 193–205 段,https://www.athleticsintegrity.org/downloads/pdfs/disciplinary-process/en/260227_WA-v-Kerley_Decision.pdf
aiu-bc0ceeb232fa,Twinkle Chaudhary,2025,印度,田徑,core_checked,Twinkle Chaudhary：AIU／紀律庭個案決定：PDF 第 1–3、17–20 頁；尤其第 51、55、59 段,https://www.athleticsintegrity.org/downloads/pdfs/disciplinary-process/en/260225_WA-v-Twinkle-Chaudhary_Decision.pdf
aiu-e51af3de2c02,Mathew Samperu,2025,肯亞,田徑,core_checked,Mathew Samperu：AIU 個案決定：PDF 第 1、2、4、5 頁；第 2、5–10、19–26 段及註 3,https://www.athleticsintegrity.org/downloads/pdfs/disciplinary-process/en/AIU-26-022-Mathew-SAMPERU-Decision.pdf
aiu-50084e62b4f1,Pooja Aatmaram,2025,印度,田徑,core_checked,Pooja Aatmaram：AIU 個案決定：PDF 第 1、2、4、5 頁；第 2、6–8、15–26 段,https://www.athleticsintegrity.org/downloads/pdfs/disciplinary-process/en/AIU-26-026-Pooja-AATMARAM-Decision.pdf
aiu-cd329977c5ef,Blessing Solomon,2025,奈及利亞,田徑,core_checked,Blessing Solomon：AIU 個案決定：PDF 第 1–4 頁；第 2、5–9、12–23 段,https://www.athleticsintegrity.org/downloads/pdfs/disciplinary-process/en/AIU-26-25-Blessing-SOLOMON-Decision.pdf
aiu-8b52daa95cd1,Benard Kibet Koech,2024,肯亞,田徑,core_checked,Benard Kibet Koech：AIU／紀律庭個案決定：PDF 實體第 1、2、46–49 頁；第 155–168 段,https://www.athleticsintegrity.org/downloads/pdfs/disciplinary-process/en/260129-World-Athletics-v-Kibet-Koech-Decision-Redacted6.pdf
aiu-edc5ff29ebf6,Brian Limo,2025,肯亞,田徑,core_checked,Brian Limo：AIU 個案決定：全文第 1–7 頁，尤其第 5–20、24–37 段及第 2、3 註,https://www.athleticsintegrity.org/downloads/pdfs/disciplinary-process/en/AIU-25-095-25-378-Brian-LIMO-Decision.pdf
aiu-6b05a65fa97e,Mercyline Chelangat,2025,烏干達,田徑,core_checked,Mercyline Chelangat：AIU／紀律庭個案決定：PDF 第 1–7 頁；尤其第 5–6、11–21、30 段與最終處分,https://www.athleticsintegrity.org/downloads/pdfs/disciplinary-process/en/AIU-25-298-Mercyline-CHELANGAT-Decision83.pdf
aiu-b487a4c8f0f5,Yousef Mohammed Al-Asiri,2023,沙烏地阿拉伯,田徑,core_checked,Yousef Mohammed Al-Asiri：AIU／紀律庭個案決定：PDF 第 1–3、25–27 頁；尤其第 125–127 段及主文,https://www.athleticsintegrity.org/downloads/pdfs/disciplinary-process/en/251222-WA-v-Al-Asiri-Decision-Redacted2.pdf
aiu-d9d3f6f972eb,Jemila Wortesa,2025,衣索比亞,田徑,core_checked,Jemila Wortesa：AIU 個案決定：PDF 第 1、2、5、6 頁；第 2、5–8、30–38 段,https://www.athleticsintegrity.org/downloads/pdfs/disciplinary-process/en/AIU-25-232-Jemila-WORTESA-Decision.pdf
aiu-0031fcaf050f,Alice Koigi,2025,肯亞,田徑,core_checked,Alice Koigi：AIU 個案決定：PDF 第 1–4 頁；第 2、5–23 段及註 3、5,https://www.athleticsintegrity.org/downloads/pdfs/disciplinary-process/en/AIU-25-411-Alice-KOIGI-Decision.pdf
aiu-46aeac00cc17,Sheila Chelangat,2024,肯亞,田徑,core_checked,Sheila Chelangat：AIU／紀律庭個案決定：PDF 第 1–3、17–20 頁；尤其第 2–6、65–74 段,https://www.athleticsintegrity.org/downloads/pdfs/disciplinary-process/en/251128-WA-v-Chelangat-Decision.pdf
aiu-c3a658ea8149,Lydia Cheptarus Cheruiyot,2025,肯亞,田徑,core_checked,Lydia Cheptarus Cheruiyot：AIU 個案決定：PDF 第 1–4 頁；第 2、5–20 段,https://www.athleticsintegrity.org/downloads/pdfs/disciplinary-process/en/AIU-25-338-Lydia-Cheptarus-CHERUIYOT-Decision.pdf
aiu-8afca5fd5947,Yelena Kotulskaya,2013,俄羅斯,田徑,core_checked,Yelena Kotulskaya：AIU 原決定：第 1–7 頁；第 6、7–12、15–28 段,https://www.athleticsintegrity.org/downloads/pdfs/disciplinary-process/en/AIU-23-128-Yelena-KOTULSKAYA-Decision.pdf
aiu-e6f07ad6983e,Marina Novikova Pandakova,2013,俄羅斯,田徑,core_checked,Marina Novikova Pandakova：AIU 原決定：第 1–6 頁；第 6、9–16、20–26 段,https://www.athleticsintegrity.org/downloads/pdfs/disciplinary-process/en/AIU-23-156-Marina-NOVIKOVA-PANDAKOVA-Decision.pdf
aiu-513c0f4ab313,Marat Ablyazov,2013,俄羅斯,田徑,core_checked,Marat Ablyazov：AIU 原決定：第 1、2、5、6 頁；第 6、22–28 段,https://www.athleticsintegrity.org/downloads/pdfs/disciplinary-process/en/AIU-23-157-Marat-ABLYAZOV-Decision.pdf
aiu-efd2d8d072ff,Pavel Ivashko,2014,俄羅斯,田徑,core_checked,Pavel Ivashko：AIU 原決定：第 1、2、5、6 頁；第 6、21–27 段,https://www.athleticsintegrity.org/downloads/pdfs/disciplinary-process/en/AIU-24-50-Pavel-IVASHKO-Decision.pdf
aiu-6d47d6430f87,Esphond Cheruiyot,2025,肯亞,田徑,core_checked,Esphond Cheruiyot：AIU 個案決定：PDF 第 1–4 頁；第 2、5–9、12–23 段,https://www.athleticsintegrity.org/downloads/pdfs/disciplinary-process/en/AIU-25-330-Esphond-CHERUIYOT-Decision44.pdf
aiu-1da4c803b608,Esther Gitahi,2023,肯亞,田徑,core_checked,Esther Gitahi：AIU／紀律庭個案決定：PDF 實體第 1、2、14–16 頁；尤其第 46–57 段,https://www.athleticsintegrity.org/downloads/pdfs/disciplinary-process/en/251020-Decision-WA-v-Gitahi-Amended_Redacted.pdf
aiu-89efc48649bb,Cornelius Kibet Kiplagat,2025,肯亞,田徑,core_checked,Cornelius Kibet Kiplagat：AIU 個案決定：PDF 第 1–6 頁；第 2、5–30 段,https://www.athleticsintegrity.org/downloads/pdfs/disciplinary-process/en/AIU-25-283-Cornelius-Kibet-KIPLAGAT-Decision21.pdf
aiu-c07d6fc3cced,Joyline Chepngeno,2025,肯亞,田徑,core_checked,Joyline Chepngeno：AIU 個案決定：PDF 第 1–4 頁；第 2、5–20 段,https://www.athleticsintegrity.org/downloads/pdfs/disciplinary-process/en/AIU-25-277-Joyline-CHEPNGENO-Decision83.pdf
aiu-6d0ee595fa54,Maryna Bekh-Romanchuk,2024,烏克蘭,田徑,core_checked,Maryna Bekh-Romanchuk：AIU 個案決定：PDF 第 1–6 頁；第 2、5–40 段，尤其第 28–36 段,https://www.athleticsintegrity.org/downloads/pdfs/disciplinary-process/en/AIU-25-47-BEKH-ROMANCHUK-Decision.pdf
aiu-f52e72e49a35,Roncer Kipkorir Konga,2024,肯亞,田徑,core_checked,Roncer Kipkorir Konga：AIU 個案決定：PDF 第 1–6 頁；第 2、5–31 段,https://www.athleticsintegrity.org/downloads/pdfs/disciplinary-process/en/AIU-25-159-Konga-Decision.pdf
aiu-070b562aa8b4,Judy Jelagat Kemboi,2025,肯亞,田徑,core_checked,Judy Jelagat Kemboi：AIU 個案決定：PDF 第 1–4 頁；第 2、5–27 段,https://www.athleticsintegrity.org/downloads/pdfs/disciplinary-process/en/AIU-25-097-Judy-Jelegat-KEMBOI-Decision.pdf
aiu-7ecea0d3f0fd,Sheila Chebet,2024,肯亞,田徑,core_checked,Sheila Chebet：AIU 個案決定：全文第 1–8 頁，尤其第 2、5–32、35–49 段,https://www.athleticsintegrity.org/downloads/pdfs/disciplinary-process/en/AIU-24-272-25-189-Sheila-CHEBET-Decision.pdf
aiu-145cb734821e,Morine Gesare Michira,2025,肯亞,田徑,core_checked,Morine Gesare Michira：AIU 個案決定：PDF 第 1–4 頁；第 2、5–30 段,https://www.athleticsintegrity.org/downloads/pdfs/disciplinary-process/en/AIU-25-071-Morine-Gesare-MICHIRA-Decision.pdf
aiu-ce8bed2882d7,Ronald Kimeli Kurgat,2024,肯亞,田徑,core_checked,Ronald Kimeli Kurgat：AIU 個案決定：PDF 第 1–6 頁；第 2、6–29、32–44 段,https://www.athleticsintegrity.org/downloads/pdfs/disciplinary-process/en/AIU-24-336-Ronald-KURGAT-Decision.pdf
aiu-30a81b2d0d8f,Felix Kirui,2025,肯亞,田徑,core_checked,Felix Kirui：AIU 個案決定：PDF 第 1–4 頁；第 2、5–21 段,https://www.athleticsintegrity.org/downloads/pdfs/disciplinary-process/en/AIU-25-173-Felix-KIRUI-Decision.pdf
aiu-34aeaaef8366,Andrej Hladnik,2024,克羅埃西亞,田徑,core_checked,Andrej Hladnik：AIU 個案決定：全文第 1–11 頁，尤其第 5–8、25、32–44、52、56–70 段,https://www.athleticsintegrity.org/downloads/pdfs/disciplinary-process/en/AIU-24-293-HLADNIK-Decision.pdf
aiu-c42fc707f5bf,Citlali Cristian Moscote,2025,墨西哥,田徑,core_checked,Citlali Cristian Moscote：AIU 個案決定：PDF 第 1–6 頁；第 2–3、6–34 段,https://www.athleticsintegrity.org/downloads/pdfs/disciplinary-process/en/AIU-25-2-Citlali-CRISTIAN-MOSCOTE-Decision73.pdf
aiu-aa575a1e2dbf,Daniel Kinyanjui,2024,肯亞,田徑,core_checked,Daniel Kinyanjui：AIU 個案決定：全文第 1–7 頁，尤其第 2、5–19、21–29、31–39 段,https://www.athleticsintegrity.org/downloads/pdfs/disciplinary-process/en/AIU-24-389-25-088-KINYANJUI-Decision_FINAL.pdf
aiu-5f5be6118fe3,Varsha Tekam,2024,印度,田徑,core_checked,Varsha Tekam：AIU 個案決定：PDF 第 1–5 頁；第 2、4–25 段,https://www.athleticsintegrity.org/downloads/pdfs/disciplinary-process/en/AIU-25-125-TEKAM-Decision.pdf
aiu-83ec752ef25a,Tadu Teshome Nare,2024,衣索比亞,田徑,core_checked,Tadu Teshome Nare：AIU 個案決定：全文第 1–8 頁，尤其第 7、12–35、52–59 段,https://www.athleticsintegrity.org/downloads/pdfs/disciplinary-process/en/AIU-24-361-TESHOME-Decision_FINAL.pdf
aiu-79e1da0d7788,Nehemiah Kipyegon,2025,肯亞,田徑,core_checked,Nehamiah Kipyegon：AIU 個案決定：PDF 第 1–4 頁；第 2、5–26 段及註 2,https://www.athleticsintegrity.org/downloads/pdfs/disciplinary-process/en/AIU-25-48-KIPYEGON-Decision.pdf
aiu-5f4a21c5bb08,Roman Kokoshko,2024,烏克蘭,田徑,core_checked,Roman Kokoshko：AIU 個案決定：全文第 1–8 頁，尤其第 2、7、9–39、47、50–57 段,https://www.athleticsintegrity.org/downloads/pdfs/disciplinary-process/en/AIU-24-359-KOKOSHKO-Decision_FINAL.pdf
aiu-0ddb7eb4095a,Daniel Do Nascimento,2024,巴西,田徑,core_checked,Daniel Do Nascimento：AIU 個案決定：全文第 1–7 頁，尤其第 5–15、23–38、40–42 段,https://www.athleticsintegrity.org/downloads/pdfs/disciplinary-process/en/AIU-24-177-DO-NASCIMENTO-Decision.pdf
aiu-fc3d628c829c,Brian Kipsang,2025,肯亞,田徑,core_checked,Brian Kipsang：AIU 個案決定：PDF 第 1–3 頁；第 2、5–21 段,https://www.athleticsintegrity.org/downloads/pdfs/disciplinary-process/en/AIU-25-056-KIPSANG-Decision.pdf
aiu-50c7d7af7b33,Rameshwar Munjal,2024,印度,田徑,core_checked,Rameshwar Munjal：AIU 個案決定：PDF 第 1–5 頁；第 2、5–28 段,https://www.athleticsintegrity.org/downloads/pdfs/disciplinary-process/en/AIU-24-391-MUNJAL-Decision51.pdf
aiu-035a4b79e093,Emmanuel Kipchumba Kemboi,2024,肯亞,田徑,core_checked,Emmanuel Kipchumba Kemboi：AIU 個案決定：PDF 第 1–4 頁；第 2、5–20 段,https://www.athleticsintegrity.org/downloads/pdfs/disciplinary-process/en/AIU-24-352-KIPCHUMBA-Decision32.pdf
aiu-71b27e0cc19d,Liya Guo,2025,中國,田徑,core_checked,Liya Guo：AIU 個案決定：PDF 第 1–4 頁；第 2、5–24 段及註 2–4,https://www.athleticsintegrity.org/downloads/pdfs/disciplinary-process/en/AIU-25-41-Guo-Decision41.pdf
aiu-ca441528de10,Brimin Misoi Kipkorir,2024,肯亞,田徑,core_checked,Brimin Misoi Kipkorir：AIU 個案決定：PDF 第 1–6 頁；第 2、5–34 段,https://www.athleticsintegrity.org/downloads/pdfs/disciplinary-process/en/AIU-24-350-Brimin-KIPKORIR-Decision69.pdf
aiu-4213ba8b75b5,Pradhan Kirulkar,2024,印度,田徑,core_checked,Pradhan Kirulkar：AIU 個案決定：OCR 全文第 1–4 頁；第 4 頁主文另對照原頁影像；第 5–11、18–25 段,https://www.athleticsintegrity.org/downloads/pdfs/disciplinary-process/en/AIU-24-386-Pradhan-KIRULKAR-Decision.pdf
aiu-4207202fdd60,Vivek More,2024,印度,田徑,core_checked,Vivek More：AIU 個案決定：OCR 全文第 1–5 頁，尤其第 5–10、13–25、28–30 段,https://www.athleticsintegrity.org/downloads/pdfs/disciplinary-process/en/AIU-24-392-Vivek-MORE-Decision.pdf
aiu-a88d58d818af,Archana Laxman Jadhav,2024,印度,田徑,core_checked,Archana Laxman Jadhav：AIU 個案決定：PDF 第 1–5 頁；第 2、5–38 段,https://www.athleticsintegrity.org/downloads/pdfs/disciplinary-process/en/AIU-24-371-JADHAV-Decision.pdf
aiu-c8dba269da3e,Kokebe Abeba Olekeba,2024,衣索比亞,田徑,core_checked,Kokebe Abeba Olekeba：AIU 個案決定：PDF 第 1–6 頁；第 2、5–42 段,https://www.athleticsintegrity.org/downloads/pdfs/disciplinary-process/en/AIU-24-318-OLEKEBA-Decision.pdf
aiu-e9caa78a4236,Geoffrey Yegon,2024,肯亞,田徑,core_checked,Geoffrey Yegon：AIU 個案決定：PDF 第 1–5 頁；第 2、5–25 段,https://www.athleticsintegrity.org/downloads/pdfs/disciplinary-process/en/AIU-24-369-Geoffrey-YEGON-Decision.pdf
aiu-4abd9315be9a,Careen Cheptoek,2024,肯亞,田徑,core_checked,Careen Cheptoek：AIU 個案決定：PDF 第 1–4 頁；第 2、5–24 段,https://www.athleticsintegrity.org/downloads/pdfs/disciplinary-process/en/AIU-24-387-Careen-CHEPTOEK-Decision.pdf
aiu-1b0e964f6fd3,Sheila Jepkosgei Chesang,2024,肯亞,田徑,core_checked,Sheila Jepkosgei Chesang：AIU 個案決定：OCR 全文第 1–5 頁，尤其第 5–18、23–33 段,https://www.athleticsintegrity.org/downloads/pdfs/disciplinary-process/en/AIU-24-299-Sheila-Jepkosgei-CHESANG-Decision.pdf
aiu-90b4e5c36b5a,Elijah Kipkosgei,2024,肯亞,田徑,core_checked,Elijah Kipkosgei：AIU 個案決定：PDF 第 1–4 頁；第 2、5–32 段,https://www.athleticsintegrity.org/downloads/pdfs/disciplinary-process/en/AIU-24-341-Elijah-KIPKOSGEI-Decision.pdf
aiu-ce87ea8afd28,Faith Chepchirchir Kiprotich,2024,肯亞,田徑,core_checked,Faith Chepchirchir Kiprotich：AIU 個案決定：PDF 第 1–5 頁；第 2、5–30 段,https://www.athleticsintegrity.org/downloads/pdfs/disciplinary-process/en/AIU-24-289-Faith-Chepchirchir-KIPROTICH-Decision.pdf
aiu-6244681f445f,Ezekiel Kipkorir,2024,肯亞,田徑,core_checked,Ezekiel Kipkorir：AIU 個案決定：OCR 全文第 1–4 頁，尤其第 5–11、18–25 段,https://www.athleticsintegrity.org/downloads/pdfs/disciplinary-process/en/AIU-24-332-Ezekiel-KIPKORIR-Decision.pdf
aiu-4cb7a4743053,Aberash Mutala Amena,2024,衣索比亞,田徑,core_checked,Aberash Mutala Amena：AIU 個案決定：PDF 第 1–5 頁；第 2、5–28 段,https://www.athleticsintegrity.org/downloads/pdfs/disciplinary-process/en/AIU-24-277-Aberash-Mutala-AMENA-Decision.pdf
aiu-1c2227c89e40,Beatrice Jelagat Cherop,2024,肯亞,田徑,core_checked,Beatrice Jelagat Cherop：AIU 個案決定：PDF 第 1–4 頁；第 2、5–25 段,https://www.athleticsintegrity.org/downloads/pdfs/disciplinary-process/en/AIU-24-298-Beatrice-JELAGAT-CHEROP-Decision.pdf
aiu-8cfa8b5cb399,Kibrom Weldemicael,2024,厄利垂亞,田徑,core_checked,Kibrom Weldemicael：AIU 個案決定：OCR 全文第 1–6 頁，尤其第 5–27、37–44 段,https://www.athleticsintegrity.org/downloads/pdfs/disciplinary-process/en/AIU-24-221-Kibrom-WELDEMICAEL-Decision.pdf
aiu-3a4df5768c56,Emmaculate Anyango Achol,2024,肯亞,田徑,core_checked,Emmaculate Anyango Achol：AIU 個案決定：OCR 全文第 1–7 頁，尤其第 5–25、35–44 段,https://www.athleticsintegrity.org/downloads/pdfs/disciplinary-process/en/AIU-24-253-Emmaculate-Anyango-Achol-Decision.pdf
aiu-ab4d36119437,Yimer Bililign,2024,衣索比亞,田徑,core_checked,Yimer Bililign：AIU 個案決定：PDF 第 1–5 頁；第 2、5–34 段,https://www.athleticsintegrity.org/downloads/pdfs/disciplinary-process/en/AIU-24-198-BILILIGN_Decision_FINAL.pdf
aiu-1625199d365e,Faith Chepkoech,2024,肯亞,田徑,core_checked,Faith Chepkoech：AIU 個案決定：PDF 第 1–4 頁；第 2、5–26 段,https://www.athleticsintegrity.org/downloads/pdfs/disciplinary-process/en/AIU-24-251-Faith-Chepkoech-Decision.pdf
aiu-e9edda7565bd,Taoufik Allam,2024,摩洛哥,田徑,core_checked,Taoufik Allam：AIU 個案決定：法文 PDF 第 1–4 頁；第 2、5–23 段,https://www.athleticsintegrity.org/downloads/pdfs/disciplinary-process/en/AIU-24-230-Taoufik-ALLAM-Decision.pdf
aiu-1e9026a457aa,Shintsetseg Chuluunkhuu,2024,蒙古,田徑,core_checked,Shintsetseg Chuluunkhuu：AIU 個案決定：PDF 第 1–5 頁；第 2、5–35 段，尤其第 29 段註 2,https://www.athleticsintegrity.org/downloads/pdfs/disciplinary-process/en/AIU-24-135-CHULUUNKHUU-Decision.pdf
aiu-6ad885e39ba8,Nataliya Lehonkova,2024,烏克蘭,田徑,core_checked,Nataliya Lehonkova：AIU 個案決定：OCR 全文第 1–4 頁，尤其第 5–12、19–26 段,https://www.athleticsintegrity.org/downloads/pdfs/disciplinary-process/en/AIU-24-235-Nataliya-LEHONKOVA-Decision_final.pdf
aiu-4a9a2c98804d,Federico Bruno,2022,阿根廷,田徑,core_checked,Federico Bruno：AIU 個案決定：全文第 1–7 頁，尤其第 4–9、21–34、41–48 段,https://www.athleticsintegrity.org/downloads/pdfs/disciplinary-process/en/AIU-22-371-Federico-Bruno-Decision85.pdf
aiu-3e47571f3755,Dorcas Jepchirchir Tuitoek,2024,肯亞,田徑,core_checked,Dorcas Jepchirchir Tuitoek：AIU 個案決定：PDF 第 1–4 頁；第 2、5–24 段,https://www.athleticsintegrity.org/downloads/pdfs/disciplinary-process/en/AIU-24-207-Dorcas-Jepchirchir-TUITOEK-Decision51.pdf
aiu-dbebd12b843f,Abderrahim Ougra,2024,西班牙,田徑,core_checked,Abderrahim Ougra：AIU 個案決定：OCR 全文第 1–6 頁，尤其第 4.1–4.11、7–17 段,https://www.athleticsintegrity.org/downloads/pdfs/disciplinary-process/en/AIU-24-001-Abderrahim-OUGRA-Decision.pdf
aiu-5523f72a84c1,Daniel Muindi,2024,肯亞,田徑,core_checked,Daniel Muindi：AIU 個案決定：PDF 第 1–4 頁；第 2、5–24 段,https://www.athleticsintegrity.org/downloads/pdfs/disciplinary-process/en/AIU-24-159-Daniel-MUINDI-Decision.pdf
aiu-9744b78257fa,Jose Eduardo Rodriguez,2024,墨西哥,田徑,core_checked,Jose Eduardo Rodrigeuz：AIU 個案決定：PDF 第 1–5 頁；第 2、5–27 段,https://www.athleticsintegrity.org/downloads/pdfs/disciplinary-process/en/AIU-24-156-Jose-Eduardo-Rodriguez-Decision.pdf
aiu-297669cfd900,Lucy Karimi,2024,肯亞,田徑,core_checked,Lucy Karimi：AIU 個案決定：PDF 第 1–4 頁；第 2、5–30 段,https://www.athleticsintegrity.org/downloads/pdfs/disciplinary-process/en/AIU-24-112-Lucy-KARIMI-Decision7.pdf
aiu-0640a36be24f,Helen Daniela Baltazar,2024,玻利維亞,田徑,core_checked,Helen Daniela Baltazar：AIU 個案決定：OCR 全文第 1–5 頁，尤其第 5–11、19–29 段,https://www.athleticsintegrity.org/downloads/pdfs/disciplinary-process/en/AIU-24-089-Helen-Daniela-BALTAZAR-Decision.pdf
aiu-4f2d1634e1c2,Beatrice Toroitich,2022,肯亞,田徑,core_checked,Beatrice Toroitich：AIU 個案決定：OCR 全文第 1–7 頁，尤其第 4–22、34–48 段,https://www.athleticsintegrity.org/downloads/pdfs/disciplinary-process/en/AIU-23-323-Beatrice-TOROITICH-Decision_FINAL.pdf
aiu-c7469bd46410,Sophy Jepchirchir,2024,肯亞,田徑,core_checked,Sophy Jepchirchir：AIU 個案決定：OCR 全文第 1–4 頁，尤其第 5–10、17–24 段,https://www.athleticsintegrity.org/downloads/pdfs/disciplinary-process/en/AIU-24-124-Sophy-JEPCHIRCHIR-Decision.pdf
aiu-cceafd3f0bb9,Ibrahim Mukunga Wachira,2022,肯亞,田徑,core_checked,Ibrahim Mukunga Wachira：AIU 個案決定：OCR 全文第 1–7 頁，尤其第 5–36、45–52 段,https://www.athleticsintegrity.org/downloads/pdfs/disciplinary-process/en/AIU-22-232-Ibrahim-Mukunga-Wachira-Decision.pdf
aiu-d7f7ab7b8f83,Elias Kiprono Kemei,2024,肯亞,田徑,core_checked,Elias Kiprono Kemei：AIU 個案決定：PDF 第 1–5 頁；第 2、5–31 段,https://www.athleticsintegrity.org/downloads/pdfs/disciplinary-process/en/AIU-24-42-Kemei-Kiprono-Decision43.pdf
aiu-edd71a37c411,Josephine Chepkoech,2024,肯亞,田徑,core_checked,Josephine Chepkoech：AIU 個案決定：OCR 全文第 1–5 頁，尤其第 5–14、17–26 段,https://www.athleticsintegrity.org/downloads/pdfs/disciplinary-process/en/240521-Josephine-CHEPKOECH-Decision.pdf
aiu-07cadfc24971,Josphat Kipkemboi Kemei,2023,肯亞,田徑,core_checked,Josphat Kipkemboi Kemei：AIU 個案決定：全文第 1–7 頁，尤其第 5–25、34–46 段,https://www.athleticsintegrity.org/downloads/pdfs/disciplinary-process/en/240516_KIPKEMBOI-KEMEI_Decision_FINAL.pdf
aiu-a4b539fd16b6,Celestine Chepchirchir,2024,肯亞,田徑,core_checked,Celestine Chepchirchir：AIU 個案決定：PDF 第 1–4 頁；第 2、5–26 段,https://www.athleticsintegrity.org/downloads/pdfs/disciplinary-process/en/AIU-24-53-Celestine-CHEPCHIRCHIR-Decision.pdf
aiu-506b41d44f5c,Zerfe Wondemagegn,2023,衣索比亞,田徑,core_checked,Zerfe Wondemagegn：AIU 個案決定：全文第 1–6 頁，尤其第 5–20、28–38 段及第 3 註,https://www.athleticsintegrity.org/downloads/pdfs/disciplinary-process/en/AIU-23-295-WONDEMAGEGN-Decision-FINAL.pdf
aiu-00ff932a881a,Agnes Mueni Mutua,2023,肯亞,田徑,core_checked,Agnes Mueni Mutua：AIU 個案決定：PDF 第 1–6 頁；第 2、5–35 段，尤其第 15–16 段,https://www.athleticsintegrity.org/downloads/pdfs/disciplinary-process/en/AIU-23-393-MUTUA-Decision18.pdf
aiu-f014dcb08163,Marius Kimutai,2024,巴林,田徑,core_checked,Marius Kimutai：AIU 個案決定：PDF 第 1–4 頁；第 2、5–25 段,https://www.athleticsintegrity.org/downloads/pdfs/disciplinary-process/en/AIU-24-54-KIMUTAI-Decision61.pdf
aiu-5e53b892648b,Farida Soliyeva,2023,烏茲別克,田徑,core_checked,Farida Soliyeva：AIU 個案決定：PDF 第 1–5 頁；第 2、5–31 段及第 15 段註 5,https://www.athleticsintegrity.org/downloads/pdfs/disciplinary-process/en/AIU-23-222-Soliyeva-Decision.pdf
aiu-e23728ce2e6d,Winnie Jemutai Boinett,2023,肯亞,田徑,core_checked,Winnie Jemutai Boinett：AIU 個案決定：PDF 第 1–4 頁；第 2、5–26 段,https://www.athleticsintegrity.org/downloads/pdfs/disciplinary-process/en/AIU-23-438-JEMUTAI-Decision.pdf
aiu-190ce97cb856,Nobert Kigen,2023,肯亞,田徑,core_checked,Nobert Kigen：AIU 個案決定：PDF 第 1–4 頁；第 2、5–25 段,https://www.athleticsintegrity.org/downloads/pdfs/disciplinary-process/en/AIU-23-433-KIGEN-Decision.pdf
aiu-0b4c25ed084d,Rosemary Mumo Katua,2023,巴林,田徑,core_checked,Rosemary Mumo Katua：AIU 個案決定：全文第 1–6 頁，尤其第 4–23、29–40 段,https://www.athleticsintegrity.org/downloads/pdfs/disciplinary-process/en/AIU-23-366-Rosemary-Mumo-Katua-Decision.pdf
aiu-95dce4e66605,Caroline Chepkoech Kipkirui,2023,哈薩克,田徑,core_checked,Caroline Chepkoech Kipkirui：AIU 個案決定：全文第 1–6 頁，尤其第 2、7–33、35–40 段,https://www.athleticsintegrity.org/downloads/pdfs/disciplinary-process/en/AIU-23-436-Caroline-Chepkoech-Kipkirui-Decision.pdf
aiu-60a72a5b7a67,Purity Temutai Komen,2022,肯亞,田徑,core_checked,Purity Temutai Komen：AIU 個案決定：全文第 1–7 頁，尤其第 5–26、38–45 段,https://www.athleticsintegrity.org/downloads/pdfs/disciplinary-process/en/AIU-22-370-23-166-Komen-Decision.pdf
aiu-1d505234acb6,Victoriya Sudarušhkina,2013,俄羅斯,田徑,core_checked,Victoriya Sudarušhkina：AIU 個案決定：第 1–7 頁文字；尤其 1.6–1.7、2.1–2.6、3.2–3.17；未重作底層實驗室鑑識,https://www.athleticsintegrity.org/downloads/pdfs/disciplinary-process/en/AIU-23-2-Sudarushkina-Decision.pdf
aiu-7518b3ea3038,Kumari (K.M.) Rachna,2023,印度,田徑,core_checked,Kumari (K.M.) Rachna：AIU 個案決定：全文第 1–7 頁，尤其第 5–25、27、30–43 段與第 2、11 註,https://www.athleticsintegrity.org/downloads/pdfs/disciplinary-process/en/AIU-23-327-RACHNA-Decision_FINAL.pdf
aiu-6754540e0597,Sarah Chepchirchir,2023,肯亞,田徑,core_checked,Sarah Chepchirchir：AIU 個案決定：PDF 第 1–5 頁；第 4–33 段,https://www.athleticsintegrity.org/downloads/pdfs/disciplinary-process/en/AIU-23-388-CHEPCHIRCHIR-Decision_FINAL.pdf
aiu-b803fd27b415,James Gikunga Karanja,2023,肯亞,田徑,core_checked,James Gikunga Karanja：AIU 個案決定：全文第 1–6 頁，尤其第 4–23、30–37 段及第 7 註,https://www.athleticsintegrity.org/downloads/pdfs/disciplinary-process/en/AIU-23-285-James-Gikunga-KARANJA-Decision.pdf
aiu-8b4d6c038f72,Hosea Kimeli Kisorio,2023,肯亞,田徑,core_checked,Hosea Kimeli Kisorio：AIU 個案決定：PDF 第 1–4 頁；第 2、5–31 段,https://www.athleticsintegrity.org/downloads/pdfs/disciplinary-process/en/AIU-23-338-Hosea-Kimeli-Kisorio-Decision.pdf
aiu-28bc02b13e2c,Maurine Chepkemoi,2023,肯亞,田徑,core_checked,Maurine Chepkemoi：AIU 個案決定：PDF 第 1–4 頁；第 2、5–25 段,https://www.athleticsintegrity.org/downloads/pdfs/disciplinary-process/en/AIU-23-367-Maurine-Chepkemoi-Decision44.pdf
aiu-d5a54df0bdcb,Thomas Kibet Kutere,2023,肯亞,田徑,core_checked,Thomas Kibet Kutere：AIU 個案決定：PDF 第 1–4 頁；第 2、5–29 段,https://www.athleticsintegrity.org/downloads/pdfs/disciplinary-process/en/AIU-23-314-Thomas-KIBET-KUTERE-Decision56.pdf
aiu-f462aefdfa47,Samir Jouaher,2022,摩洛哥,田徑,core_checked,Samir Jouaher：AIU 個案決定：法文全文第 1–6 頁，尤其第 4–30、33–45 段,https://www.athleticsintegrity.org/downloads/pdfs/disciplinary-process/en/AIU-23-33-Jouaher-Decision-FRA2019.pdf
aiu-3741d9499180,Esther Birundu Borura,2023,肯亞,田徑,core_checked,Esther Birundu Borura：AIU 個案決定：PDF 第 1–5 頁；第 2、5–30 段,https://www.athleticsintegrity.org/downloads/pdfs/disciplinary-process/en/AIU-23-245-Esther-Borura-Decision_final.pdf
aiu-d662751a534d,Janat Chemusto,2023,烏干達,田徑,core_checked,Janat Chemusto：AIU 個案決定：PDF 第 1–5 頁；第 2、5–35 段,https://www.athleticsintegrity.org/downloads/pdfs/disciplinary-process/en/AIU-23-177-Janat-CHEMUSTO-Decision.pdf
aiu-b420ee0df19f,Jennifer Gonzalez Caro,2022,智利,田徑,core_checked,Jennifer Gonzalez Caro：AIU 個案決定：全文第 1–6 頁，尤其第 4–26、32–41 段與第 5 註,https://www.athleticsintegrity.org/downloads/pdfs/disciplinary-process/en/AIU-22-266_22-269-Jennifer-GONZALEZ-CARO_DECISION_FINAL.pdf
aiu-65a2f8bc978d,Agness Jeruto Barsosio,2022,肯亞,田徑,core_checked,Agness Jeruto Barsosio：AIU 個案決定：全文第 1–5 頁，尤其第 5–15、22–32 段及第 4 註,https://www.athleticsintegrity.org/downloads/pdfs/disciplinary-process/en/AIU-23-092-Agness-Jeruto-BARSOSIO-Decision.pdf
aiu-3d6cd250fd44,Fantu Eticha Jimma,2023,衣索比亞,田徑,core_checked,Fantu Eticha Jimma：AIU 個案決定：全文第 1–6 頁，尤其第 5–20、27–38 段,https://www.athleticsintegrity.org/downloads/pdfs/disciplinary-process/en/AIU-23-064-Fantu-Eticha-JIMMA-Decision.pdf
aiu-6d028ca80c10,Vasiliy Kharlamov,2012,俄羅斯,田徑,core_checked,Vasiliy Kharlamov：AIU 個案決定：第 1–6 頁文字；尤其 1.6、2.1–2.6、3.2–3.17；未重作底層實驗室鑑識,https://www.athleticsintegrity.org/downloads/pdfs/disciplinary-process/en/AIU-22-242-Vasiliy-KHARLAMOV-Decision.pdf
aiu-424f8426301d,Bogdan Pishchalnikov,2012,俄羅斯,田徑,core_checked,Bogdan Pishchalnikov：AIU 個案決定：第 1–7 頁文字；尤其 1.7–1.9、2.1–2.6、3.2–3.17；未重作底層實驗室鑑識,https://www.athleticsintegrity.org/downloads/pdfs/disciplinary-process/en/AIU-22-143-Bogdan-PISHCHALNIKOV-Decision-LIMS.pdf
aiu-1146ed3b5c0e,Esther Macharia,2022,肯亞,田徑,core_checked,Esther Macharia：AIU 個案決定：PDF 第 1–4 頁；第 2、5–29 段,https://www.athleticsintegrity.org/downloads/pdfs/disciplinary-process/en/AIU-22-351-Macharia-Decision.pdf
aiu-33e7c4d969f7,Anton Lyuboslavskiy,2012,俄羅斯,田徑,core_checked,Anton Lyuboslavskiy：AIU 個案決定：全文第 1–6 頁，尤其 1.7–1.8、2.1–2.6、3.2–3.17,https://www.athleticsintegrity.org/downloads/pdfs/disciplinary-process/en/AIU-22-103-Luboslavskiy-Anton-Decision-LIMS.pdf
aiu-004d2e74c500,Yevgeniya Polyakova,2012,俄羅斯,田徑,core_checked,Yevgeniya Polyakova：AIU 個案決定：全文第 1–6 頁，尤其 1.7–1.8、2.1–2.6、3.2–3.17,https://www.athleticsintegrity.org/downloads/pdfs/disciplinary-process/en/AIU-22-104-Polyakova-Evguenia-Decision-LIMS.pdf
aiu-a32c696dcdbb,Yekaterina Strokova,2012,俄羅斯,田徑,core_checked,Yekaterina Strokova：AIU 個案決定：第 1–7 頁文字；尤其 1.7–1.10、2.1–2.5、3.2–3.17；未重作底層實驗室鑑識,https://www.athleticsintegrity.org/downloads/pdfs/disciplinary-process/en/AIU-22-105-Strokova-Yekaterina-Decision-LIMS.pdf
aiu-6772c79f3f1d,Purity Cherotich Rionoripo,2022,肯亞,田徑,core_checked,Purity Cherotich Rionoripo：AIU 個案決定：全文第 1–7 頁，尤其第 5–19、24–37 段,https://www.athleticsintegrity.org/downloads/pdfs/disciplinary-process/en/AIU-22-114-Purity-Cherotich-RIONORIPO-Decision.pdf
aiu-27be8105679d,Keneth Kiprop Renju,2022,肯亞,田徑,core_checked,Keneth Kiprop Renju：AIU 個案決定：全文第 1–6 頁，尤其第 7–25、29–40 段及第 9、13 註,https://www.athleticsintegrity.org/downloads/pdfs/disciplinary-process/en/AIU-22-67-Renju-Decision.pdf
aiu-1369ae25c278,Vane Nyaboke Nyanamba,2021,肯亞,田徑,core_checked,Vane Nyaboke Nyanamba：AIU 個案決定：官方處分協議公告 PDF 第 1 頁；第 1–7 段,https://www.athleticsintegrity.org/downloads/pdfs/disciplinary-process/en/AIU-21-187-Nyanamba-Communication-CRA.pdf
aiu-ce72b844c773,Benik Abramyan,2021,喬治亞,田徑,core_checked,Benik Abramyan：AIU 個案決定：全文第 1–6 頁，尤其第 3、6–20、24–36 段,https://www.athleticsintegrity.org/downloads/pdfs/disciplinary-process/en/AIU-21-136-Abramyan-Decision.pdf
aiu-33d05bfbbad3,Getaye Fisseha Gelaw,2021,衣索比亞,田徑,core_checked,Getaye Fisseha Gelaw：AIU 個案決定：全文第 1–5 頁，尤其第 5–23、25–26 段及第 4 註,https://www.athleticsintegrity.org/downloads/pdfs/notifications-and-sanctions/en/AIU-21-196-GELAW-Decision_FINAL.pdf
usada-ccd3766a65f8,Evan Boyle,2025,美國,自行車,core_checked,Cycling Athlete Evan Boyle Accepts Sanction for Whereabouts Rule Violation：2026-04-24 公告全文：三次失誤日期與十六個月處分段；Cycling Athlete Evan Boyle Accepts Additional Sanction for Violating Period of Ineligibility：2026-09-09 公告全文：參賽情節、追加兩個月及十八個月總期間段；Evan BOYLE | UCI：UCI 個人頁原始 HTML 的 rider 資料：Evan BOYLE、dob 27.06.2004、nationality USA；國籍資料亦由網頁讀取工具交叉確認,https://www.usada.org/sanction/evan-boyle-accepts-sanction/
usada-30c9fa7aa386,Emily Oberst,2026,美國,輪椅籃球,core_checked,Wheelchair Basketball Athlete Emily Oberst Accepts Public Warning：2026-09-01 公告全文：未事先取得 TUE、canrenone、未來授權與無成績取消段；Emily Oberst：Team USA 個人頁：Emily Oberst、Paralympian 2024、Paralympic Experience,https://www.usada.org/sanction-public-warning/emily-oberst-accepts-public-warning/
usada-7774f20822ed,Robert Jerry Qualls,2024,美國,田徑,core_checked,U.S. Track & Field Athlete Robert Qualls Accepts Sanction for Anti-Doping Rule Violation：2024-06-26 公告全文：U.S. 標題、採樣物質、三年期間與成績取消；Track & Field Athlete Robert Jerry Qualls Accepts Additional Sanction for Violating Period of Ineligibility：2025-08-13 公告全文：兩場違規參賽、追加三個月與三十九個月總期間,https://www.usada.org/sanction/robert-qualls-accepts-doping-sanction/
usada-25958bca1e21,Cary Cooper,2024,美國,田徑,core_checked,U.S. Track and Field Athlete Cary Cooper Accepts Sanction for Anti-Doping Rule Violation：個案公告標題及全部個案實質段落；含物質／規則、處分、日期與成績後果，止於通用教育資訊前,https://www.usada.org/sanction/cary-cooper-accepts-doping-sanction/
usada-56c015d731e4,Johnny Maynard,2024,美國,田徑,core_checked,U.S. Track and Field Athlete Johnny Maynard Accepts Sanction for Anti-Doping Rule Violation：個案公告標題及全部個案實質段落；含物質／規則、處分、日期與成績後果，止於通用教育資訊前,https://www.usada.org/sanction/johnny-maynard-accepts-doping-sanction/
usada-ee1ce8ee98f6,NaLyssa Smith,2024,美國,籃球,core_checked,U.S. Basketball Athlete NaLyssa Smith Accepts Public Warning：個案公告標題及全部個案實質段落；含物質／規則、處分、日期與成績後果，止於通用教育資訊前,https://www.usada.org/sanction-public-warning/nalyssa-smith-accepts-public-warning/
usada-c459cc791bed,Ella Nicholson,2024,美國,舉重,core_checked,U.S. Weightlifting Athlete Ella Nicholson Accepts Public Warning：個案公告標題及全部個案實質段落；含物質／規則、處分、日期與成績後果，止於通用教育資訊前,https://www.usada.org/sanction-public-warning/ella-nicholson-accepts-public-warning/
usada-abb5a10e0ed3,Breezy Johnson,2023,美國,滑雪,core_checked,U.S. Skiing Athlete Breezy Johnson Accepts Sanction for Whereabouts Rule Violation：個案公告標題及全部個案實質段落；含物質／規則、處分、日期與成績後果，止於通用教育資訊前,https://www.usada.org/sanction/breezy-johnson-accepts-whereabouts-sanction/
usada-578b30358464,Jaron Flournoy,2022,美國,田徑,core_checked,U.S. Track & Field Athlete Jaron Flournoy Accepts Sanction for Anti-Doping Rule Violation：個案公告標題及全部個案實質段落；含物質／規則、處分、日期與成績後果，止於通用教育資訊前,https://www.usada.org/sanction/jaron-flournoy-accepts-doping-sanction/
usada-16f2d1c7b31c,Frank Travieso,2023,美國,自行車,core_checked,U.S. Cycling Athlete Frank Travieso Accepts Sanction for Anti-Doping Rule Violation：個案公告標題及全部個案實質段落；含物質／規則、處分、日期與成績後果，止於通用教育資訊前,https://www.usada.org/sanction/frank-travieso-accepts-doping-sanction/
usada-03cbaa641dbb,Christian DesChamps,2023,美國,自行車,core_checked,U.S. Cycling Athlete Christian DesChamps Accepts Sanction for Whereabouts Rule Violation：個案公告標題及全部個案實質段落；含物質／規則、處分、日期與成績後果，止於通用教育資訊前,https://www.usada.org/sanction/christian-deschamps-accepts-anti-doping-violation/
usada-42343d04a699,Katelyn Kirby,2023,美國,舉重,core_checked,U.S. Weightlifting Athlete Katelyn Kirby Accepts Sanction for Anti-Doping Rule Violation：個案公告標題及全部個案實質段落；含物質／規則、處分、日期與成績後果，止於通用教育資訊前,https://www.usada.org/sanction/katelyn-kirby-accepts-doping-sanction/
usada-7da5b8af5ba7,Tyler Sundeen,2023,美國,曲棍球,core_checked,U.S. Field Hockey Athlete Tyler Sundeen Accepts Sanction for Anti-Doping Rule Violation：個案公告標題及全部個案實質段落；含物質／規則、處分、日期與成績後果，止於通用教育資訊前,https://www.usada.org/sanction/tyler-sundeen-accepts-doping-sanction/
usada-8091f0d610a6,Ina Pfuhler,2023,美國,自行車,core_checked,U.S. Cycling Athlete Ina Pfuhler Accepts Sanction for Anti-Doping Rule Violation：個案公告標題及全部個案實質段落；含物質／規則、處分、日期與成績後果，止於通用教育資訊前,https://www.usada.org/sanction/ina-pfuhler-accepts-doping-sanction/
usada-18da72e16a59,Mariah Park,2023,美國,舉重,core_checked,U.S. Weightlifting Athlete Mariah Park Accepts Public Warning：個案公告標題及全部個案實質段落；含物質／規則、處分、日期與成績後果，止於通用教育資訊前,https://www.usada.org/sanction/mariah-park-accepts-public-warning/
usada-da041cee5592,John Frey,2023,美國,自行車,core_checked,U.S. Cycling Athlete John Frey Accepts Sanction for Anti-Doping Rule Violation：個案公告標題及全部個案實質段落；含物質／規則、處分、日期與成績後果，止於通用教育資訊前,https://www.usada.org/sanction/john-frey-accepts-doping-sanction/
usada-cbf0f5afcf61,Evan Forrest,2023,美國,舉重,core_checked,U.S. Weightlifting Athlete Evan Forrest Accepts Sanction for Anti-Doping Rule Violation：個案公告標題及全部個案實質段落；含物質／規則、處分、日期與成績後果，止於通用教育資訊前,https://www.usada.org/sanction/evan-forrest-accepts-doping-sanction/
usada-e13aa658e684,Nina Cutro-Kelly,2022,美國,柔道,core_checked,U.S. Judo Athlete Nina Cutro-Kelly Accepts Sanction for Anti-Doping Rule Violation：個案公告標題及全部個案實質段落；含物質／規則、處分、日期與成績後果，止於通用教育資訊前,https://www.usada.org/sanction/nina-cutro-kelly-accepts-doping-sanction/
usada-5c5d5188ddf0,Alyssa Wilson,2023,美國,田徑,core_checked,U.S. Track & Field Athlete Alyssa Wilson Accepts Public Warning：個案公告標題及全部個案實質段落；含物質／規則、處分、日期與成績後果，止於通用教育資訊前,https://www.usada.org/sanction/alyssa-wilson-accepts-public-warning/
usada-7e6f399372a6,Allison Ostrander,2023,美國,田徑,core_checked,U.S. Track & Field Athlete Allison Ostrander Accepts Sanction for Anti-Doping Rule Violation：個案公告標題及全部個案實質段落；含物質／規則、處分、日期與成績後果，止於通用教育資訊前,https://www.usada.org/sanction/track-field/allison-ostrander-accepts-doping-sanction/
usada-79470a91247a,Roger Whitham,2023,美國,自行車,core_checked,U.S. Cycling Athlete Roger Whitham Accepts Sanction for Anti-Doping Rule Violation：個案公告標題及全部個案實質段落；含物質／規則、處分、日期與成績後果，止於通用教育資訊前,https://www.usada.org/sanction/roger-whitham-accepts-doping-sanction/
usada-ea30e84daaab,Chad Olsen,2023,美國,舉重,core_checked,U.S. Weightlifting Athlete Chad Olsen Accepts Sanction for Anti-Doping Rule Violation：個案公告標題及全部個案實質段落；含物質／規則、處分、日期與成績後果，止於通用教育資訊前,https://www.usada.org/sanction/chad-olen-accepts-doping-sanction/
usada-8acc4528cb6b,Addie Bracy,2023,美國,田徑／超級馬拉松,core_checked,U.S. Ultrarunning and Track & Field Athlete Addie Bracy Accepts Public Warning：個案公告標題及全部個案實質段落；含物質／規則、處分、日期與成績後果，止於通用教育資訊前,https://www.usada.org/sanction/addie-bracy-accepts-public-warning/
usada-b03e0386a601,Katerina Brim,2022,美國,帕拉自行車,core_checked,U.S. Paralympic Cycling Athlete Katerina Brim Accepts Sanction for Anti-Doping Rule Violation：個案公告標題及全部個案實質段落；含物質／規則、處分、日期與成績後果，止於通用教育資訊前,https://www.usada.org/sanction/katerina-brim-accepts-doping-sanction/
usada-b6074d0cf1fc,Lindsey Corrigan,2022,美國,跆拳道,core_checked,U.S. Taekwondo Athlete Lindsey Corrigan Accepts Sanction for Anti-Doping Rule Violation：個案公告標題及全部個案實質段落；含物質／規則、處分、日期與成績後果，止於通用教育資訊前,https://www.usada.org/sanction/lindsey-corrigan-accepts-doping-sanction/
usada-3e2c75f84c3d,Breanna Clark,2023,美國,帕拉田徑,core_checked,U.S. Paralympic Track & Field Athlete Breanna Clark Accepts Public Warning：個案公告標題及全部個案實質段落；含物質／規則、處分、日期與成績後果，止於通用教育資訊前,https://www.usada.org/sanction/breanna-clark-accepts-public-warning/
usada-8fb29d61bbde,Tyler Burdick,2023,美國,帕拉單板滑雪,core_checked,U.S. Paralympic Snowboard Athlete Tyler Burdick Accepts Sanction for Anti-Doping Rule Violation：個案公告標題及全部個案實質段落；含物質／規則、處分、日期與成績後果，止於通用教育資訊前,https://www.usada.org/sanction/tyler-burdick-accepts-doping-sanction/
usada-88685d4069ae,Keiser Witte,2022,美國,舉重,core_checked,U.S. Weightlifting Athlete Keiser Witte Accepts Sanction for Anti-Doping Rule Violation：個案公告標題及全部個案實質段落；含物質／規則、處分、日期與成績後果，止於通用教育資訊前,https://www.usada.org/sanction/keiser-witte-accepts-doping-sanction/
usada-5f1f4ed8c4a9,Alejandra Echeverri,2022,美國,自行車,core_checked,U.S. Cycling Athlete Alejandra Echeverri Accepts 12-Month Sanction for Anti-Doping Rule Violations：個案公告標題及全部個案實質段落；含物質／規則、處分、日期與成績後果，止於通用教育資訊前,https://www.usada.org/sanction/alejandra-echeverri-accepts-doping-sanction/
usada-d7d75c2efaf9,Sidney Andrew,2022,美國,自行車,core_checked,U.S. Cycling Athlete Sidney Andrew Accepts Sanction for Anti-Doping Rule Violation：個案公告標題及全部個案實質段落；含物質／規則、處分、日期與成績後果，止於通用教育資訊前,https://www.usada.org/sanction/sidney-andrew-accepts-doping-sanction/
usada-a37e4ef92abb,Christian Rodriguez Ocasio,2022,美國,舉重,core_checked,U.S. Weightlifting Athlete Christian Rodriguez Ocasio Accepts Sanction for Anti-Doping Rule Violation：個案公告標題及全部個案實質段落；含物質／規則、處分、日期與成績後果，止於通用教育資訊前,https://www.usada.org/sanction/christian-rodriguez-ocasio-accepts-doping-sanction/
usada-091e5bf27388,Lindsey Scherf,2021,美國,田徑,core_checked,U.S. Track & Field Athlete Lindsey Scherf Accepts Sanction for Anti-Doping Rule Violation：個案公告標題及全部個案實質段落；含物質／規則、處分、日期與成績後果，止於通用教育資訊前,https://www.usada.org/sanction/lindsey-scherf-accepts-doping-sanction/
usada-0265c80a975c,Hassan Mead,2022,美國,田徑,core_checked,U.S. Track & Field Athlete Hassan Mead Accepts Sanction for Anti-Doping Rule Violation：個案公告標題及全部個案實質段落；含物質／規則、處分、日期與成績後果，止於通用教育資訊前,https://www.usada.org/sanction/hassan-mead-accepts-doping-sanction/
usada-1c34e76fa2a0,Aja Evans,2022,美國,雪車,core_checked,U.S. Bobsled Athlete Aja Evans Accepts Sanction for Anti-Doping Rule Violation：個案公告標題及全部個案實質段落；含物質／規則、處分、日期與成績後果，止於通用教育資訊前,https://www.usada.org/sanction/aja-evans-accepts-doping-sanction/
usada-05a51bc91d1e,Garrett Scantling,2022,美國,田徑,core_checked,U.S. Track and Field Athlete Garrett Scantling Accepts Sanction for Anti-Doping Rule Violations：個案公告標題及全部個案實質段落；含物質／規則、處分、日期與成績後果，止於通用教育資訊前,https://www.usada.org/sanction/garrett-scantling-accepts-doping-violation/
usada-365cbd5fbcea,Arika Skoog,2022,美國,拳擊,core_checked,U.S. Boxing Athlete Arika Skoog Accepts Sanction for Anti-Doping Rule Violation：個案公告標題及全部個案實質段落；含物質／規則、處分、日期與成績後果，止於通用教育資訊前,https://www.usada.org/sanction/arika-skoog-accepts-doping-sanction/
usada-13e15093f36a,Catarina Guimarães,2022,美國,帕拉田徑,core_checked,U.S. Paralympic Track & Field Athlete Catarina Guimarães Accepts Public Warning：個案公告標題及全部個案實質段落；含物質／規則、處分、日期與成績後果，止於通用教育資訊前,https://www.usada.org/sanction/catarina-guimaraes-accepts-public-warning/
usada-3b36b9d0fea7,Richard Browne,2022,美國,帕拉田徑,core_checked,U.S. Paralympic Track & Field Athlete Richard Browne Accepts Sanction for Anti-Doping Rule Violation：個案公告標題及全部個案實質段落；含物質／規則、處分、日期與成績後果，止於通用教育資訊前,https://www.usada.org/sanction/richard-browne-accepts-doping-sanction/
usada-77feffe8dfef,Nelson Trujillo,2022,美國,自行車,core_checked,U.S. Cycling Athlete Nelson Trujillo Accepts Sanction for Anti-Doping Rule Violations：個案公告標題及全部個案實質段落；含物質／規則、處分、日期與成績後果，止於通用教育資訊前,https://www.usada.org/sanction/nelson-trujillo-accepts-doping-sanction/
usada-06ec1067d02c,Clint Jordan,2022,美國,舉重,core_checked,U.S. Weightlifting Athlete Clint Jordan Receives Sanction for Anti-Doping Rule Violation：個案公告標題及全部個案實質段落；含物質／規則、處分、日期與成績後果，止於通用教育資訊前,https://www.usada.org/sanction/clint-jordan-receives-doping-sanction/
usada-b0f378938e1f,Gregory Walker,2022,美國,帕拉田徑,core_checked,U.S. Paralympic Track & Field Athlete Gregory Walker Accepts Sanction for Anti-Doping Rule Violation：個案公告標題及全部個案實質段落；含物質／規則、處分、日期與成績後果，止於通用教育資訊前,https://www.usada.org/sanction/gregory-walker-accepts-doping-sanction/
usada-edbbe5e82ff0,Riekert Hattingh,2022,美國,橄欖球,core_checked,U.S. Rugby Athlete Riekert Hattingh Accepts Sanction for Anti-Doping Rule Violation：個案公告標題及全部個案實質段落；含物質／規則、處分、日期與成績後果，止於通用教育資訊前,https://www.usada.org/sanction/riekert-hattingh-accepts-doping-sanction/
usada-ad29940bbb3c,"Jackson ""Huntley"" Nash",2021,美國,自行車,core_checked,U.S. Cycling Athlete Jackson “Huntley” Nash Receives Lifetime Sanction for Anti-Doping Rule Violations：個案公告標題及全部個案實質段落；含物質／規則、處分、日期與成績後果，止於通用教育資訊前,https://www.usada.org/sanction/jackson-huntley-nash-receives-doping-sanction/
usada-06a9eec196b6,Lucas Howes,2022,美國,自行車,core_checked,U.S. BMX Athlete Lucas Howes Accepts Sanction for Anti-Doping Rule Violation：個案公告標題及全部個案實質段落；含物質／規則、處分、日期與成績後果，止於通用教育資訊前,https://www.usada.org/sanction/lucas-howes-accepts-doping-sanction/
usada-cbc321b291f0,Wyatt Struxness,2022,美國,地板滾球,core_checked,U.S. Boccia Athlete Wyatt Struxness Accepts Public Warning：個案公告標題及全部個案實質段落；含物質／規則、處分、日期與成績後果，止於通用教育資訊前,https://www.usada.org/sanction/wyatt-struxness-accepts-public-warning/
usada-2a3f0160a9f3,Andrii Monastyrskyi,2022,美國,輕艇,core_checked,U.S. Canoe Athlete Andrii Monastyrskyi Accepts Sanction for Anti-Doping Rule Violation：個案公告標題及全部個案實質段落；含物質／規則、處分、日期與成績後果，止於通用教育資訊前,https://www.usada.org/sanction/andrii-monastyrskyi-accepts-doping-sanction/
usada-10e9f0a6f725,Erik Kynard,2022,美國,田徑,core_checked,U.S. Track & Field Athlete Erik Kynard Jr. Accepts Sanction for Anti-Doping Rule Violation：個案公告標題及全部個案實質段落；含物質／規則、處分、日期與成績後果，止於通用教育資訊前,https://www.usada.org/sanction/erik-kynard-accepts-doping-sanction/
usada-73473ebf3acd,Ana Irizarry,2022,美國,田徑,core_checked,U.S. Track & Field Athlete Ana Irizarry Accepts Sanction for Anti-Doping Rule Violation：個案公告標題及全部個案實質段落；含物質／規則、處分、日期與成績後果，止於通用教育資訊前,https://www.usada.org/sanction/ana-irizarry-accepts-doping-sanction/
usada-a11b3068ba54,Hanncer Valdes,2022,美國,自行車,core_checked,U.S. Cycling Athlete Hanncer Valdes Receives Sanction for Anti-Doping Rule Violation：個案公告標題及全部個案實質段落；含物質／規則、處分、日期與成績後果，止於通用教育資訊前,https://www.usada.org/sanction/hanncer-valdes-receives-doping-sanction/
usada-f3337bee1348,Geony Borrego Lee,2022,美國,自行車,core_checked,U.S. Cycling Athlete Geony Borrego Lee Accepts Sanction for Anti-Doping Rule Violation：個案公告標題及全部個案實質段落；含物質／規則、處分、日期與成績後果，止於通用教育資訊前,https://www.usada.org/sanction/geony-borrego-accepts-doping-sanction/
usada-9e3ec5e00217,Isabel Gormley,2021,美國,游泳,core_checked,U.S. Swimming Athlete Isabel Gormley Accepts Sanction for Whereabouts Rule Violation：個案公告標題及全部個案實質段落；含物質／規則、處分、日期與成績後果，止於通用教育資訊前,https://www.usada.org/sanction/isabel-gormley-accepts-sanction/
usada-a065a9e92dd5,Dryden McKay,2022,美國,冰球,core_checked,U.S. Hockey Athlete Dryden McKay Accepts Sanction for Anti-Doping Rule Violation：個案公告標題及全部個案實質段落；含物質／規則、處分、日期與成績後果，止於通用教育資訊前,https://www.usada.org/sanction/dryden-mckay-accepts-doping-sanction/
usada-1035e17c5288,Daniel Summerhill,2021,美國,自行車,core_checked,U.S. Cycling Athlete Daniel Summerhill Accepts Sanction for Anti-Doping Rule Violation：個案公告標題及全部個案實質段落；含物質／規則、處分、日期與成績後果，止於通用教育資訊前,https://www.usada.org/sanction/daniel-summerhill-accepts-doping-sanction/
usada-82602147d7d4,Brian Abers,2021,美國,自行車,core_checked,U.S. Cycling Athlete Brian Abers Accepts Sanction for Anti-Doping Rule Violation：個案公告標題及全部個案實質段落；含物質／規則、處分、日期與成績後果，止於通用教育資訊前,https://www.usada.org/sanction/brian-abers-accepts-doping-sanction/
usada-22913fa5df5e,Ahje Palmer,2021,美國,舉重,core_checked,U.S. Weightlifting Athlete Ahje Palmer Accepts Sanction for Anti-Doping Rule Violation：個案公告標題及全部個案實質段落；含物質／規則、處分、日期與成績後果，止於通用教育資訊前,https://www.usada.org/sanction/ahje-palmer-accepts-doping-sanction/
usada-48d68f0e2e03,Ernest Prempeh,2018,美國,舉重,core_checked,U.S. Weightlifting Athlete Ernest Prempeh Accepts Sanction for Anti-Doping Rule Violation：2019-05-07 原案公告：M3 檢體與四年期間、成績取消；U.S. Weightlifting Coaches Ernest Prempeh and Bernabe Chavez Accept Sanctions for Anti-Doping Rule Violation：2022-02-04 聯合公告：Prempeh 禁賽期間執教、追加四年、退休停算,https://www.usada.org/sanction/ernest-prempeh-accepts-doping-sanction/
usada-c0bcc1cac884,Bernabe Chavez,2021,美國,舉重,core_checked,U.S. Weightlifting Coaches Ernest Prempeh and Bernabe Chavez Accept Sanctions for Anti-Doping Rule Violation：個案公告標題及全部個案實質段落；含物質／規則、處分、日期與成績後果，止於通用教育資訊前,https://www.usada.org/sanction/ernest-prempeh-bernabe-chavez-accept-sanctions/
usada-159a9ae15f32,Ian Wilson,2021,美國,舉重,core_checked,U.S. Weightlifting Athlete Ian Wilson Accepts Sanction for Anti-Doping Rule Violation：個案公告標題及全部個案實質段落；含物質／規則、處分、日期與成績後果，止於通用教育資訊前,https://www.usada.org/sanction/ian-wilson-accepts-doping-sanction/
usada-5f2ba9170fdc,Grace Bowlby,2021,美國,冰球,core_checked,U.S. Ice Hockey Athlete Grace Bowlby Accepts Public Warning：個案公告標題及全部個案實質段落；含物質／規則、處分、日期與成績後果，止於通用教育資訊前,https://www.usada.org/sanction/grace-bowlby-accepts-public-warning/
usada-05c2efe09f20,Trey Lampkin,2021,美國,帕拉柔道,core_checked,U.S. Paralympic Judo Athlete Trey Lampkin Accepts Public Warning：個案公告標題及全部個案實質段落；含物質／規則、處分、日期與成績後果，止於通用教育資訊前,https://www.usada.org/sanction/trey-lampkin-accepts-public-warning/
usada-f8c1f2c29e25,Madeline Wethington,2021,美國,冰球,core_checked,U.S. Ice Hockey Athlete Madeline Wethington Accepts Public Warning：個案公告標題及全部個案實質段落；含物質／規則、處分、日期與成績後果，止於通用教育資訊前,https://www.usada.org/sanction/madeline-wethington-accepts-public-warning/
usada-956ec8818b4b,Jordan Adel,2021,美國,舉重,core_checked,U.S. Weightlifting Athlete Jordan Adel Accepts Sanction for Anti-Doping Rule Violation：個案公告標題及全部個案實質段落；含物質／規則、處分、日期與成績後果，止於通用教育資訊前,https://www.usada.org/sanction/jordan-adel-accepts-doping-sanction/
usada-2afd16a939d4,Noah Webb,2021,美國,鐵人三項,core_checked,U.S. Triathlon Athlete Noah Webb Accepts Sanction for Anti-Doping Rule Violation：個案公告標題及全部個案實質段落；含物質／規則、處分、日期與成績後果，止於通用教育資訊前,https://www.usada.org/sanction/noah-webb-accepts-doping-sanction/
usada-003de817c96a,Hillary Tran,2021,美國,舉重,core_checked,U.S. Weightlifting Athlete Hillary Tran Accepts Sanction for Anti-Doping Rule Violation：個案公告標題及全部個案實質段落；含物質／規則、處分、日期與成績後果，止於通用教育資訊前,https://www.usada.org/sanction/hillary-tran-accepts-doping-sanction/
usada-557b3d045e61,Jamaal Daniels,2021,美國,帕拉田徑,core_checked,U.S. Paralympic Track & Field Coach Jamaal Daniels Accepts Sanction for Anti-Doping Rule Violation：個案公告標題及全部個案實質段落；含物質／規則、處分、日期與成績後果，止於通用教育資訊前,https://www.usada.org/sanction/jamaal-daniels-accepts-doping-sanction/
usada-81ca863aa55c,Matt McWhirter,2021,美國,自行車,core_checked,U.S. Cycling Athlete Matt McWhirter Accepts Sanction for Anti-Doping Rule Violation：個案公告標題及全部個案實質段落；含物質／規則、處分、日期與成績後果，止於通用教育資訊前,https://www.usada.org/sanction/matt-mcwhirter-accepts-doping-sanction/
usada-7047ef231eac,Jacob Lacoste,2021,美國,舉重,core_checked,U.S. Weightlifting Athlete Jacob Lacoste Accepts Sanction for Anti-Doping Rule Violation：個案公告標題及全部個案實質段落；含物質／規則、處分、日期與成績後果，止於通用教育資訊前,https://www.usada.org/sanction/jacob-lacoste-accepts-doping-sanction/
usada-669c86e73b92,McAben Prince,2021,美國,自行車,core_checked,U.S. Cycling Athlete McAben Prince Receives Sanction for Anti-Doping Rule Violation：個案公告標題及全部個案實質段落；含物質／規則、處分、日期與成績後果，止於通用教育資訊前,https://www.usada.org/sanction/mcaben-receives-doping-sanction/
usada-f72472960e40,Christian Buckley,2021,美國,舉重,core_checked,U.S. Weightlifting Athlete Christian Buckley Accepts Sanction for Anti-Doping Rule Violation：個案公告標題及全部個案實質段落；含物質／規則、處分、日期與成績後果，止於通用教育資訊前,https://www.usada.org/sanction/christian-buckley-accepts-doping-sanction/
usada-c60db428c672,Katherine Compton,2020,美國,自行車,core_checked,U.S. Cycling Athlete Katherine Compton Accepts Sanction for Anti-Doping Rule Violation：個案公告標題及全部個案實質段落；含物質／規則、處分、日期與成績後果，止於通用教育資訊前,https://www.usada.org/sanction/katherine-compton-accepts-doping-sanction/
usada-6cd0ab12872b,Regina Hancock,2021,美國,舉重,core_checked,U.S. Weightlifting Athlete Regina Hancock Accepts Sanction for Anti-Doping Rule Violation：個案公告標題及全部個案實質段落；含物質／規則、處分、日期與成績後果，止於通用教育資訊前,https://www.usada.org/sanction/regina-hancock-accepts-doping-sanction/
usada-8d214edc5d96,Logan Storie,2020,美國,現代五項,core_checked,U.S. Pentathlon Athlete Logan Storie Accepts Sanction for Anti-Doping Rule Violation：個案公告標題及全部個案實質段落；含物質／規則、處分、日期與成績後果，止於通用教育資訊前,https://www.usada.org/sanction/logan-storie-accepts-doping-sanction/
usada-f708f100d313,Josh Sisson,2021,美國,帕拉柔道,core_checked,U.S. Paralympic Judo Athlete Josh Sisson Receives Sanction for Anti-Doping Rule Violation：個案公告標題及全部個案實質段落；含物質／規則、處分、日期與成績後果，止於通用教育資訊前,https://www.usada.org/sanction/josh-sisson-receives-doping-sanction/
usada-86ac6516e020,Luis Gallardo,2021,美國,舉重,core_checked,U.S. Masters Weightlifting Athlete Luis Gallardo Receives Maximum Sanction for Anti-Doping Rule Violation：個案公告標題及全部個案實質段落；含物質／規則、處分、日期與成績後果，止於通用教育資訊前,https://www.usada.org/sanction/luis-gallardo-receives-doping-sanction/
usada-6295d61b3ba5,Kahmari Montgomery,2021,美國,田徑,core_checked,U.S. Track & Field Athlete Kahmari Montgomery Accepts the Minimum Applicable Sanction of One Month for Anti-Doping Rule Violation：個案公告標題及全部個案實質段落；含物質／規則、處分、日期與成績後果，止於通用教育資訊前,https://www.usada.org/sanction/kahmari-montgomery-accepts-doping-sanction/
usada-4844a2d25120,Zach Gehm,2019,美國,田徑,core_checked,U.S. Track & Field Athlete Zach Gehm Accepts Sanction for Anti-Doping Rule Violation：2019-11-14 原案公告全部實質段落；U.S. Track & Field Athlete Zach Gehm Accepts Additional Sanction for Violating Period of Ineligibility：2021-05-17 追加公告全部實質段落,https://www.usada.org/sanction/zach-gehm-accepts-doping-sanction/
usada-7df0d8ede93d,Keir Pearson,2021,美國,划船,core_checked,U.S. Rowing Athlete Keir Pearson Accepts Lifetime Ban for Anti-Doping Rule Violations：個案公告標題及全部個案實質段落；含物質／規則、處分、日期與成績後果，止於通用教育資訊前,https://www.usada.org/sanction/keir-pearson-accepts-doping-sanction/
usada-c19d2e9f8557,Tate Jackson,2021,美國,游泳,core_checked,U.S. Swimming Athlete Tate Jackson Accepts the Minimum Applicable Sanction of One Month for Anti-Doping Rule Violation：個案公告標題及全部個案實質段落；含物質／規則、處分、日期與成績後果，止於通用教育資訊前,https://www.usada.org/sanction/tate-jackson-accepts-sanction/
usada-aebc5c3ff7f3,Vahe Aivazian,2010,美國,自行車,core_checked,U.S. Cycling Athlete Vahe Aivazian Accepts Sanction for Anti-Doping Rule Violation：個案公告標題及全部個案實質段落；含物質／規則、處分、日期與成績後果，止於通用教育資訊前,https://www.usada.org/sanction/vahe-aivazian-accepts-doping-sanction/
usada-ac7fef21590c,Obichukwu Igbokwe,2020,美國,田徑,core_checked,U.S. Track & Field Athlete Obichukwu Igbokwe Accepts Sanction for Anti-Doping Rule Violation：個案公告標題及全部個案實質段落；含物質／規則、處分、日期與成績後果，止於通用教育資訊前,https://www.usada.org/sanction/obichukwu-igbokwe-accepts-doping-sanction/
usada-c3a050be56a3,Richard Burkett,2020,美國,帕拉射箭,core_checked,U.S. Paralympic Archery Athlete Richard Burkett Accepts Sanction for Anti-Doping Rule Violation：個案公告標題及全部個案實質段落；含物質／規則、處分、日期與成績後果，止於通用教育資訊前,https://www.usada.org/sanction/richard-burkett-accepts-doping-sanction/
usada-1205b7548666,Scott Hisaka,2014,美國,舉重,core_checked,U.S. Weightlifting Athlete Scott Hisaka Accepts Sanction for Anti-Doping Rule Violation：個案公告標題及全部個案實質段落；含物質／規則、處分、日期與成績後果，止於通用教育資訊前,https://www.usada.org/sanction/scott-hisaka-accepts-doping-sanction/
usada-73b73fbed23a,Jasmine Blocker,2020,美國,田徑,core_checked,U.S. Track & Field Athlete Jasmine Blocker Accepts Public Warning：個案公告標題及全部個案實質段落；含物質／規則、處分、日期與成績後果，止於通用教育資訊前,https://www.usada.org/sanction/jasmine-blocker-accepts-public-warning/
usada-fd1d2cf8f708,Megan Munsell,2020,美國,舉重,core_checked,U.S. Weightlifting Athlete Megan Munsell Accepts Sanction for Anti-Doping Rule Violation：個案公告標題及全部個案實質段落；含物質／規則、處分、日期與成績後果，止於通用教育資訊前,https://www.usada.org/sanction/megan-munsell-accepts-doping-sanction/
usada-90621c3eb5e4,Susanne Williams,2020,美國,舉重,core_checked,U.S. Weightlifting Athlete Susanne Williams Accepts Sanction for Anti-Doping Rule Violation：個案公告標題及全部個案實質段落；含物質／規則、處分、日期與成績後果，止於通用教育資訊前,https://www.usada.org/sanction/susanne-williams-accepts-doping-sanction/
usada-9dd4639a6aac,Robert Pelegrin,2019,美國,自行車,core_checked,U.S. Cycling Athlete Robert Pelegrin Accepts Sanction for Anti-Doping Rule Violation：個案公告標題及全部個案實質段落；含物質／規則、處分、日期與成績後果，止於通用教育資訊前,https://www.usada.org/sanction/robert-pelegrin-accepts-doping-sanction/
usada-6f442259c6e3,Anthony McLaughlin,2016,美國,舉重,core_checked,U.S. Weightlifting Athlete Anthony McLaughlin Receives Sanction for Anti-Doping Rule Violation：個案公告標題及全部個案實質段落；含物質／規則、處分、日期與成績後果，止於通用教育資訊前,https://www.usada.org/sanction/anthony-mclaughlin-receives-doping-sanction/
usada-9ea9f3b4b3ea,Olivia Fiechter,2020,美國,壁球,core_checked,U.S. Squash Athlete Olivia Fiechter Accepts Public Warning：USADA 公告全部個案實質段落；Three U.S. Squash Athletes Combine to Make History In Santiago：Team USA 2023-11-02 前段：Olivia Weaver (nee Fiechter) 及代表美國,https://www.usada.org/sanction/olivia-fiechter-accepts-public-warning/
usada-3569c6e815d7,Alissandra Hipona,2017,美國,舉重,core_checked,U.S. Weightlifting Athlete Alissandra Hipona Accepts Sanction for Anti-Doping Rule Violation：個案公告標題及全部個案實質段落；含物質／規則、處分、日期與成績後果，止於通用教育資訊前,https://www.usada.org/sanction/alissandra-hipona-accepts-doping-sanction/
usada-4cabe0247888,Jeff Martin,2020,美國,自行車,core_checked,U.S. Cycling Athlete Jeff Martin Accepts Sanction for Anti-Doping Rule Violation：個案公告標題及全部個案實質段落；含物質／規則、處分、日期與成績後果，止於通用教育資訊前,https://www.usada.org/sanction/jeff-martin-accepts-doping-sanction/
usada-8eb48dbaf6e2,Morgan Millican,2020,美國,舉重,core_checked,U.S. Weightlifting Athlete Morgan Millican Accepts Sanction for Anti-Doping Rule Violation：個案公告標題及全部個案實質段落；含物質／規則、處分、日期與成績後果，止於通用教育資訊前,https://www.usada.org/sanction/morgan-millican-accepts-doping-sanction/
usada-9594a41ee3f8,Ridouane Harroufi,2020,美國,田徑,core_checked,U.S. Track & Field Athlete Ridouane Harroufi Accepts Sanction for Second Anti-Doping Rule Violation：USADA 公告全部個案實質段落；Ridouane HARROUFI | Profile | World Athletics：World Athletics 個人頁：出生日期及 MAR until 19 FEB 2020／USA from 20 FEB 2020,https://www.usada.org/sanction/ridouane-harroufi-accepts-second-doping-sanction/
usada-a54a0549888f,Matthew McCullough,2020,美國,舉重,core_checked,U.S. Weightlifting Athlete Matthew McCullough Accepts Sanction for Anti-Doping Rule Violation：個案公告標題及全部個案實質段落；含物質／規則、處分、日期與成績後果，止於通用教育資訊前,https://www.usada.org/sanction/matthew-mccullough-accepts-doping-sanction/
usada-707cea3b489e,Jonathan Wood,2019,美國,自行車,core_checked,U.S. Cycling Athlete Jonathan Wood Accepts Sanction for Anti-Doping Rule Violation：個案公告標題及全部個案實質段落；含物質／規則、處分、日期與成績後果，止於通用教育資訊前,https://www.usada.org/sanction/jonathan-wood-accepts-doping-sanction/
usada-ea963f8d28c3,Tiffany Parlor,2018,美國,舉重,core_checked,U.S. Weightlifting Athlete Tiffany Parlor Receives Sanction for Anti-Doping Rule Violation：個案公告標題及全部個案實質段落；含物質／規則、處分、日期與成績後果，止於通用教育資訊前,https://www.usada.org/sanction/tiffany-parlor-recieves-doping-violation/
usada-8a0a2483bd13,Barbara Gicquel,2019,美國,自行車,core_checked,U.S. Cycling Athlete Barbara Gicquel Accepts Sanction for Anti-Doping Rule Violation：個案公告標題及全部個案實質段落；含物質／規則、處分、日期與成績後果，止於通用教育資訊前,https://www.usada.org/sanction/barbara-gicquel-accepts-doping-sanction-2/
usada-d8d5e2c3a318,Flavia Paparella,2020,巴西,自行車,core_checked,U.S. Cycling Athlete Flavia Maria De Oliveira Paparella Accepts Sanction for Second Anti-Doping Rule Violation：2020-10-19 原案全部個案實質段落；U.S. Cycling Athlete Flavia De Maria Oliveira Paparella Granted a Reduced Sanction：2021-01-05 減刑公告全部實質段落；：PDF 第 6 頁：Women Entry List by Nation，BRA、完整姓名及 UCI Code BRA19811027；          WOMEN ELITE：PDF 第 3 頁女子菁英第 109 號，完整姓名與 BRA,https://www.usada.org/sanction/flavia-paparella-accepts-second-doping-sanction/
usada-80101a12888d,Danielle Rante,2020,美國,舉重,core_checked,U.S. Weightlifting Athlete Danielle Rante Accepts Sanction for Anti-Doping Rule Violation：2020-07-22 原案全部實質段落；Weightlifting Athlete Danielle Rante Granted a Reduced Sanction：2022-11-03 減刑公告全部實質段落,https://www.usada.org/sanction/danielle-rante-accepts-doping-sanction/
usada-e7f64638afe3,Taff Woolsey,2018,美國,舉重,core_checked,U.S. Weightlifting Athlete Taff Woolsey Accepts Sanction for Anti-Doping Rule Violation：個案公告標題及全部個案實質段落；含物質／規則、處分、日期與成績後果，止於通用教育資訊前,https://www.usada.org/sanction/taff-woolsey-accepts-doping-sanction/
usada-137ddb330f29,Kevin Castille,2019,美國,田徑,core_checked,U.S. Track and Field Athlete Kevin Castille Accepts Sanction for Anti-Doping Rule Violation：個案公告標題及全部個案實質段落；含物質／規則、處分、日期與成績後果，止於通用教育資訊前,https://www.usada.org/sanction/kevin-castille-accepts-doping-sanction/
usada-83915e97921c,Jeff Prusmack,2015,美國,舉重,core_checked,U.S. Weightlifting Athlete Jeff Prusmack Accepts Sanction for Anti-Doping Rule Violation：個案公告標題及全部個案實質段落；含物質／規則、處分、日期與成績後果，止於通用教育資訊前,https://www.usada.org/sanction/jeff-prusmack-accepts-doping-sanction/
usada-3d04ba268799,Justin Glanville,2016,美國,舉重,core_checked,U.S. Weightlifting Athlete Justin Glanville Accepts Sanction for Anti-Doping Rule Violation：個案公告標題及全部個案實質段落；含物質／規則、處分、日期與成績後果，止於通用教育資訊前,https://www.usada.org/sanction/justin-glanville-accepts-doping-sanction/
usada-3795cadeeacf,Cole Walsh,2020,美國,田徑,core_checked,U.S. Track and Field Athlete Cole Walsh Accepts Sanction for Anti-Doping Rule Violation：個案公告標題及全部個案實質段落；含物質／規則、處分、日期與成績後果，止於通用教育資訊前,https://www.usada.org/sanction/cole-walsh-accepts-doping-sanction/
usada-c88c72084b13,Rowdy Hurst,2019,美國,舉重,core_checked,U.S. Weightlifting Athlete Rowdy Hurst Receives Sanction for Anti-Doping Rule Violation：個案公告標題及全部個案實質段落；含物質／規則、處分、日期與成績後果，止於通用教育資訊前,https://www.usada.org/sanction/rowdy-hurst-receives-doping-sanction/
usada-fe88676c094a,John Gleaves,2019,美國,自行車,core_checked,U.S. Cycling Athlete John Gleaves Accepts Sanction for Anti-Doping Rule Violation：個案公告標題及全部個案實質段落；含物質／規則、處分、日期與成績後果，止於通用教育資訊前,https://www.usada.org/sanction/john-gleaves-accepts-doping-sanction/
usada-5eac04b001f6,Addison Jones,2019,美國,舉重,core_checked,U.S. Weightlifting Athlete Addison Jones Accepts Sanction for Anti-Doping Rule Violation：個案公告標題及全部個案實質段落；含物質／規則、處分、日期與成績後果，止於通用教育資訊前,https://www.usada.org/sanction/addison-jones-accepts-doping-violation/
usada-496b0452d607,Robert Strange,2019,美國,舉重,core_checked,U.S. Weightlifting Athlete Robert Strange Accepts Sanction for Anti-Doping Rule Violation：個案公告標題及全部個案實質段落；含物質／規則、處分、日期與成績後果，止於通用教育資訊前,https://www.usada.org/sanction/robert-strange-accepts-doping-sanction/
usada-a6e4b38ecdbe,Samantha Dumala,2020,美國,滑水,core_checked,U.S. Waterskiing Athlete Samantha Dumala Accepts Public Warning：個案公告標題及全部個案實質段落；含物質／規則、處分、日期與成績後果，止於通用教育資訊前,https://www.usada.org/sanction/samantha-dumala-accepts-public-warning/
usada-123713999e9c,Scott Glasgow,2017,美國,舉重,core_checked,U.S. Weightlifting Athlete Scott Glasgow Accepts Four-Year Ban for Anti-Doping Rule Violation：個案公告標題及全部個案實質段落；含物質／規則、處分、日期與成績後果，止於通用教育資訊前,https://www.usada.org/sanction/scott-glasgow-accepts-doping-sanction/
usada-74fda1ee0cc3,Miranda Merrell,2017,美國,舉重,core_checked,U.S. Weightlifting Athlete Miranda Merrell Accepts Sanction for Anti-Doping Rule Violation：個案公告標題及全部個案實質段落；含物質／規則、處分、日期與成績後果，止於通用教育資訊前,https://www.usada.org/sanction/miranda-merrell-accepts-doping-sanction/
usada-fb72031d87b1,Alexandria Gochenour,2018,美國,田徑,core_checked,U.S. Track and Field Athlete Alexandria Gochenour Accepts Sanction for Anti-Doping Rule Violation：個案公告標題及全部個案實質段落；含物質／規則、處分、日期與成績後果，止於通用教育資訊前,https://www.usada.org/sanction/alexandria-gochenour-accepts-doping-sanction/
usada-ae780d447bf0,Janelle Shafer,2019,美國,舉重,core_checked,U.S. Weightlifting Athlete Janelle Shafer Accepts Sanction for Anti-Doping Rule Violation：個案公告標題及全部個案實質段落；含物質／規則、處分、日期與成績後果，止於通用教育資訊前,https://www.usada.org/sanction/janelle-shafer-accepts-doping-sanction/
usada-13a7b9335634,Amy Hay,2017,美國,舉重,core_checked,"AAA Panel Imposes Two-Year Sanction on Weightlifting Athlete Amy Hay for Doping Violation：2017-10-31 仲裁結果官方公告全部個案實質段落；U.S. Weightlifting Athlete, Amy Hay, Granted a Reduced Sanction：2019-12-16 減刑及退休復出公告全部實質段落",https://www.usada.org/sanction/aaa-panel-imposes-doping-sanction-amy-hay/
usada-a504ae6790e5,Kaley Anderson,2019,美國,舉重,core_checked,U.S. Weightlifting Athlete Kaley Anderson Accepts Sanction for Anti-Doping Rule Violation：個案公告標題及全部個案實質段落；含物質／規則、處分、日期與成績後果，止於通用教育資訊前,https://www.usada.org/sanction/kaley-anderson-accept-doping-sanction/
usada-671281fb69ce,Ty Kurth,2018,美國,自行車,core_checked,U.S. Cycling Athlete Ty Kurth Accepts Sanction for Anti-Doping Rule Violation：個案公告標題及全部個案實質段落；含物質／規則、處分、日期與成績後果，止於通用教育資訊前,https://www.usada.org/sanction/ty-kurth-accepts-doping-sanction/
usada-ceba58fad888,Natalie Franklin,2019,美國,舉重,core_checked,U.S. Weightlifting Athlete Natalie Franklin Receives Sanction for Anti-Doping Rule Violation：個案公告標題及全部個案實質段落；含物質／規則、處分、日期與成績後果，止於通用教育資訊前,https://www.usada.org/sanction/natalie-franklin-receives-doping-sanction/
usada-b54bb0c30eb2,Kyler Allison,2019,美國,雪車,core_checked,U.S. Bobsled Athlete Kyler Allison Receives Sanction for Anti-Doping Rule Violation：個案公告標題及全部個案實質段落；含物質／規則、處分、日期與成績後果，止於通用教育資訊前,https://www.usada.org/sanction/kyler-allison-receives-doping-sanction/
usada-8644c327e2ca,Todd Davis,2019,美國,田徑,core_checked,U.S. Track and Field Athlete Todd Davis Receives Sanction for Anti-Doping Rule Violation：個案公告標題及全部個案實質段落；含物質／規則、處分、日期與成績後果，止於通用教育資訊前,https://www.usada.org/sanction/todd-davis-receives-doping-sanction/
usada-5a1c3cf5b36f,Josue Cano,2019,美國,舉重,core_checked,U.S. Weightlifting Athlete Josue Cano Receives Sanction for Anti-Doping Rule Violation：個案公告標題及全部個案實質段落；含物質／規則、處分、日期與成績後果，止於通用教育資訊前,https://www.usada.org/sanction/josue-cano-receives-doping-sanction/
usada-b91273ba81fa,Angela Carlberg,2019,美國,舉重,core_checked,U.S. Weightlifting Athlete Angela Carlberg Accepts Public Warning：個案公告標題及全部個案實質段落；含物質／規則、處分、日期與成績後果，止於通用教育資訊前,https://www.usada.org/sanction/angela-carlberg-accepts-public-warning/
usada-b714a3c460a7,Lauren Goss,2019,美國,鐵人三項,core_checked,U.S. Triathlon Athlete Lauren Goss Accepts Sanction for Anti-Doping Rule Violation：個案公告標題及全部個案實質段落；含物質／規則、處分、日期與成績後果，止於通用教育資訊前,https://www.usada.org/sanction/lauren-goss-accepts-doping-sanction/
usada-d11c3ef3a336,Nicole Maynard,2019,美國,舉重,core_checked,U.S. Weightlifting Athlete Nicole Maynard Receives Sanction for Anti-Doping Rule Violation：個案公告標題及全部個案實質段落；含物質／規則、處分、日期與成績後果，止於通用教育資訊前,https://www.usada.org/sanction/nicole-maynard-receives-doping-sanction/
usada-a00b98f42826,William Licon,2019,美國,游泳,core_checked,U.S. Swimming Athlete William Licon Accepts Public Warning：個案公告標題及全部個案實質段落；含物質／規則、處分、日期與成績後果，止於通用教育資訊前,https://www.usada.org/sanction/william-licon-accepts-public-warning/
usada-a187e411794f,Mallory Schafer,2019,美國,鐵人三項／鐵人兩項,core_checked,U.S. Triathlon Athlete Mallory Schafer Accepts Sanction for Anti-Doping Rule Violation：個案公告標題及全部個案實質段落；含物質／規則、處分、日期與成績後果，止於通用教育資訊前,https://www.usada.org/sanction/mallory-schafer-accepts-doping-sanction/
usada-990a455fba77,Jacqueline Galloway,2019,美國,跆拳道,core_checked,U.S. Taekwondo Athlete Jacqueline Galloway Accepts Sanction for Anti-Doping Rule Violation：個案公告標題及全部個案實質段落；含物質／規則、處分、日期與成績後果，止於通用教育資訊前,https://www.usada.org/sanction/jacqueline-galloway-accepts-doping-sanction/
usada-faf9ebfb231f,Joe Sacklow,2019,美國,舉重,core_checked,U.S. Weightlifting Athlete Joe Sacklow Accepts Sanction for Anti-Doping Rule Violation：個案公告標題及全部個案實質段落；含物質／規則、處分、日期與成績後果，止於通用教育資訊前,https://www.usada.org/sanction/joe-sacklow-accepts-doping-sanction/
usada-5dca0d670577,Joane Orbon,2019,美國,空手道,core_checked,U.S. Karate Athlete Joane Orbon Accepts Sanction for Anti-Doping Rule Violation：USADA 2019-08-12 公告全部個案實質段落；名冊記載 09-10 更新；Joane Orbon：Team USA 個人頁：Pan Am Games US Team 2015 與美國青年、成人國家隊經歷,https://www.usada.org/sanction/joane-obon-accepts-doping-sanction/
usada-74510fc23e03,Darcie Warren,2019,美國,舉重,core_checked,U.S. Weightlifting Athlete Darcie Warren Receives Sanction for Second Anti-Doping Rule Violation：個案公告標題及全部個案實質段落；含物質／規則、處分、日期與成績後果，止於通用教育資訊前,https://www.usada.org/sanction/darcie-warren-receives-doping-sanction/
usada-4518fb0dbd4d,Talina Le,2019,美國,跆拳道,core_checked,U.S. Taekwondo Athlete Talina Le Accepts Sanction for Anti-Doping Rule Violation：個案公告標題及全部個案實質段落；含物質／規則、處分、日期與成績後果，止於通用教育資訊前,https://www.usada.org/sanction/talina-le-accepts-doping-sanction/
usada-d4f42cda7250,Mandy Mosley,2019,美國,舉重,core_checked,U.S. Weightlifting Athlete Mandy Mosley Accepts Sanction for Anti-Doping Rule Violation：個案公告標題及全部個案實質段落；含物質／規則、處分、日期與成績後果，止於通用教育資訊前,https://www.usada.org/sanction/mandy-mosely-accepts-doping-sanction/
usada-75e40a8ec8cb,Mohamed Omar,2019,美國,舉重,core_checked,U.S. Weightlifting Athlete Mohamed Omar Receives Sanction for Anti-Doping Rule Violation：個案公告標題及全部個案實質段落；含物質／規則、處分、日期與成績後果，止於通用教育資訊前,https://www.usada.org/sanction/mohamed-omar-receives-doping-sanction/
usada-f534d40de6df,Janel Tisinger-Ledkins,2019,美國,短柄牆球,core_checked,U.S. Racquetball Athlete Janel Tisinger-Ledkins Accepts Sanction for Anti-Doping Rule Violation：個案公告標題及全部個案實質段落；含物質／規則、處分、日期與成績後果，止於通用教育資訊前,https://www.usada.org/sanction/janel-tisinger-ledkins-accepts-doping-sanction/
usada-d75ed8b5f7e7,Joseph Baratto,2018,美國,自行車,core_checked,U.S. Cycling Athlete Joseph Baratto Accepts Sanction for Anti-Doping Rule Violation：個案公告標題及全部個案實質段落；含物質／規則、處分、日期與成績後果，止於通用教育資訊前,https://www.usada.org/sanction/joseph-baratto-accepts-doping-sanction/
usada-51b08866d858,Devin Logan,2018,美國,自由式滑雪,core_checked,U.S. Ski Athlete Devin Logan Accepts Sanction for Anti-Doping Rule Violation：個案公告標題及全部個案實質段落；含物質／規則、處分、日期與成績後果，止於通用教育資訊前,https://www.usada.org/sanction/devin-logan-accepts-doping-sanction/
usada-6b18a7917171,Cheyenne Schenk,2018,美國,舉重,core_checked,U.S. Weightlifting Athlete Cheyenne Schenk Accepts Sanction for Anti-Doping Rule Violation：個案公告標題及全部個案實質段落；含物質／規則、處分、日期與成績後果，止於通用教育資訊前,https://www.usada.org/sanction/cheyenne-schenk-accepts-doping-sanction/
usada-7892ab1bda15,Ira Sorensen,2018,美國,自行車,core_checked,U.S. Cycling Athlete Ira Sorensen Accepts Sanction for Anti-Doping Rule Violation：個案公告標題及全部個案實質段落；含物質／規則、處分、日期與成績後果，止於通用教育資訊前,https://www.usada.org/sanction/ira-sorensen-accepts-doping-sanction/
usada-a7c95fd980c0,Jennifer Pate,2018,美國,自行車,core_checked,U.S. Cycling Athlete Jennifer Pate Accepts Sanction for Anti-Doping Rule Violation：個案公告標題及全部個案實質段落；含物質／規則、處分、日期與成績後果，止於通用教育資訊前,https://www.usada.org/sanction/jennifer-pate-accepts-doping-sanction/
usada-507362151651,Rachel Campbell,2018,美國,舉重／CrossFit,core_checked,U.S. Weightlifting Athlete Rachel Campbell Receives Sanction for Anti-Doping Rule Violation：個案公告標題及全部個案實質段落；含物質／規則、處分、日期與成績後果，止於通用教育資訊前,https://www.usada.org/sanction/rachel-campbell-receives-doping-sanction/
usada-0f9636fca02d,Trevor Cuicchi,2018,美國,舉重,core_checked,U.S. Weightlifting Athlete Trevor Cuicchi Accepts Sanction for Anti-Doping Rule Violation：個案公告標題及全部個案實質段落；含物質／規則、處分、日期與成績後果，止於通用教育資訊前,https://www.usada.org/sanction/trevor-cuicchi-accepts-doping-sanction/
usada-5541522b98d9,Cory Scott Juneau,2018,美國,滑板,core_checked,U.S. Skateboarding Athlete Cory Scott Juneau Accepts Sanction for Anti-Doping Rule Violation：個案公告標題及全部個案實質段落；含物質／規則、處分、日期與成績後果，止於通用教育資訊前,https://www.usada.org/sanction/cory-scott-juneau-accepts-doping-sanction/
usada-1b4c6223d309,Michel Carrillo,2018,美國,自行車,core_checked,U.S. Cycling Athlete Michel Carrillo Receives Sanction for Anti-Doping Rule Violation：個案公告標題及全部個案實質段落；含物質／規則、處分、日期與成績後果，止於通用教育資訊前,https://www.usada.org/sanction/michel-carrillo-receives-doping-sanction/
usada-d148c75dad18,Robert Brown,2018,美國,舉重,core_checked,U.S. Weightlifting Athlete Robert Brown Accepts Sanction for Anti-Doping Rule Violation：個案公告標題及全部個案實質段落；含物質／規則、處分、日期與成績後果，止於通用教育資訊前,https://www.usada.org/sanction/robert-brown-accepts-doping-sanction/
usada-48b4a6a3d8f2,Carl Grove,2018,美國,自行車,core_checked,U.S. Cycling Athlete Carl Grove Accepts Public Warning：個案公告標題及全部個案實質段落；含物質／規則、處分、日期與成績後果，止於通用教育資訊前,https://www.usada.org/sanction/carl-grove-accepts-public-warning/
usada-acd5a54c3768,David Pate,2018,美國,自行車,core_checked,U.S. Cycling Athlete David Pate Receives Sanction for Anti-Doping Rule Violation：個案公告標題及全部個案實質段落；含物質／規則、處分、日期與成績後果，止於通用教育資訊前,https://www.usada.org/sanction/david-pate-receives-doping-sanction/
usada-d1537bff40b3,Laura Zeng,2018,美國,韻律體操,core_checked,U.S. Gymnastics Athlete Laura Zeng Accepts Sanction for Anti-Doping Rule Violation：個案公告標題及全部個案實質段落；含物質／規則、處分、日期與成績後果，止於通用教育資訊前,https://www.usada.org/sanction/laura-zeng-accepts-doping-sanction/
usada-a54b4661de47,Enrique Lopez,2018,美國,自行車,core_checked,U.S. Cycling Athlete Enrique Lopez Receives Sanction for Anti-Doping Rule Violation：個案公告標題及全部個案實質段落；含物質／規則、處分、日期與成績後果，止於通用教育資訊前,https://www.usada.org/sanction/enrique-lopez-receives-doping-sanction/
usada-139867b729db,Steven Strickler,2018,美國,自行車,core_checked,U.S. Cycling Athlete Steven Strickler Receives Sanction for Anti-Doping Rule Violation：個案公告標題及全部個案實質段落；含物質／規則、處分、日期與成績後果，止於通用教育資訊前,https://www.usada.org/sanction/steven-strickler-receives-doping-sanction/
usada-dd1a97e9431d,Shaun Moffett,2017,美國,自行車,core_checked,U.S. Cycling Athlete Shaun Moffett Accepts Sanction for Anti-Doping Rule Violation：2018-04-24 原案全部個案實質段落；U.S. Cycling Athlete Shaun Moffett Accepts Additional Sanction for Violating Period of Ineligibility：2018-10-19 追加處分全部實質段落,https://www.usada.org/sanction/shaun-moffett-accepts-doping-sanction/
usada-ea0049989423,Jeff Tanski,2018,美國,自行車,core_checked,U.S. Cycling Athlete Jeff Tanski Receives Sanction for Anti-Doping Rule Violation：個案公告標題及全部個案實質段落；含物質／規則、處分、日期與成績後果，止於通用教育資訊前,https://www.usada.org/sanction/jeff-tanski-receives-doping-sanction/
usada-998b9264b440,Mijail Gonzalez,2018,美國,自行車,core_checked,U.S. Cycling Athlete Mijail Gonzalez Accepts Sanction for Anti-Doping Rule Violation：個案公告標題及全部個案實質段落；含物質／規則、處分、日期與成績後果，止於通用教育資訊前,https://www.usada.org/sanction/mijail-gonzalez-accepts-doping-sanction/
usada-9c2bd61dbab6,Raul Diaz,2018,美國,自行車,core_checked,U.S. Cycling Athlete Raul Diaz Accepts Sanction for Anti-Doping Rule Violation：個案公告標題及全部個案實質段落；含物質／規則、處分、日期與成績後果，止於通用教育資訊前,https://www.usada.org/sanction/raul-diaz-accepts-doping-sanction/
usada-5e279c9e9968,Cameron Dudeck,2018,美國,舉重,core_checked,U.S. Weightlifting Athlete Cameron Dudeck Receives Sanction for Anti-Doping Rule Violation：個案公告標題及全部個案實質段落；含物質／規則、處分、日期與成績後果，止於通用教育資訊前,https://www.usada.org/sanction/cameron-dudeck-receives-doping-sanction/
usada-e6341e3462ec,Stephen Bedford,2018,美國,自行車,core_checked,U.S. Cycling Athlete Stephen Bedford Accepts Sanction for Anti-Doping Rule Violation：個案公告標題及全部個案實質段落；含物質／規則、處分、日期與成績後果，止於通用教育資訊前,https://www.usada.org/sanction/stephen-bedford-accepts-doping-sanction/
usada-8e3e0cdfe74b,Victoria Francis,2018,美國,角力,core_checked,U.S. Wrestling Athlete Victoria Francis Accepts Sanction for Anti-Doping Rule Violation：個案公告標題及全部個案實質段落；含物質／規則、處分、日期與成績後果，止於通用教育資訊前,https://www.usada.org/sanction/victoria-francis-accepts-doping-sanction/
usada-22983a4911f9,Emily Malinowski,2017,美國,舉重,core_checked,U.S. Weightlifting Athlete Emily Malinowski Accepts Sanction for Anti-Doping Rule Violation：個案公告標題及全部個案實質段落；含物質／規則、處分、日期與成績後果，止於通用教育資訊前,https://www.usada.org/sanction/emily-malinowski-accepts-doping-sanction/
usada-04a1e7f11069,Demi Payne,2016,美國,田徑,core_checked,U.S. Track & Field Athlete Demi Payne Accepts Sanction for Anti-Doping Rule Violation：個案公告標題及全部個案實質段落；含物質／規則、處分、日期與成績後果，止於通用教育資訊前,https://www.usada.org/sanction/demi-payne-accepts-doping-sanction/
usada-69dbcabe44bb,Joshua Gaskins,2018,美國,舉重,core_checked,U.S. Weightlifting Athlete Joshua Gaskins Receives Sanction for Anti-Doping Rule Violation：個案公告標題及全部個案實質段落；含物質／規則、處分、日期與成績後果，止於通用教育資訊前,https://www.usada.org/sanction/joshua-gaskins-receives-doping-sanction/
usada-c42379b4285c,Daniel Frazier,2017,美國,自行車,core_checked,U.S. Cycling Athlete Daniel Frazier Accepts Sanction for Anti-Doping Rule Violation：個案公告標題及全部個案實質段落；含物質／規則、處分、日期與成績後果，止於通用教育資訊前,https://www.usada.org/sanction/daniel-frazier-accepts-doping-sanction/
usada-5d85c8dbd1a0,Anthony Ferraro,2018,美國,帕拉柔道,core_checked,U.S. Paralympic Judo Athlete Anthony Ferraro Accepts Sanction for Anti-Doping Rule Violation：個案公告標題及全部個案實質段落；含物質／規則、處分、日期與成績後果，止於通用教育資訊前,https://www.usada.org/sanction/anthony-ferraro-accepts-doping-sanction/
usada-5b1d89435a80,Bruce Mazur,2018,美國,自行車,core_checked,U.S. Cycling Athlete Bruce Mazur Receives Sanction for Anti-Doping Rule Violation：個案公告標題及全部個案實質段落；含物質／規則、處分、日期與成績後果，止於通用教育資訊前,https://www.usada.org/sanction/bruce-mazur-receives-doping-sanction/
usada-31d2d25d4314,Michael Meacham,2017,美國,鐵人三項,core_checked,U.S. Triathlon Athlete Michael Meacham Accepts Sanction for Anti-Doping Rule Violation：個案公告標題及全部個案實質段落；含物質／規則、處分、日期與成績後果，止於通用教育資訊前,https://www.usada.org/sanction/michael-meacham-accepts-doping-sanction/
usada-7ecfb208518e,Roger Ainslie,2017,美國,自行車,core_checked,U.S. Cycling Athlete Roger Ainslie Accepts Sanction for Anti-Doping Rule Violation：個案公告標題及全部個案實質段落；含物質／規則、處分、日期與成績後果，止於通用教育資訊前,https://www.usada.org/sanction/roger-ainslie-accepts-doping-sanction/
usada-38afed413abd,Buster Brown,2016,美國,自行車,core_checked,U.S. Cycling Athlete Buster Brown Accepts Sanction for Anti-Doping Rule Violation：個案公告標題及全部個案實質段落；含物質／規則、處分、日期與成績後果，止於通用教育資訊前,https://www.usada.org/sanction/buster-brown-accepts-doping-sanction/
usada-e833e68d19e3,Scott Gross,2018,美國,自行車,core_checked,U.S. Cycling Athlete Scott Gross Accepts Sanction for Anti-Doping Rule Violation：個案公告標題及全部個案實質段落；含物質／規則、處分、日期與成績後果，止於通用教育資訊前,https://www.usada.org/sanction/scott-gross-accepts-doping-sanction/
usada-1afebbd6c57b,Cesar Colunga,2018,美國,空手道,core_checked,U.S. Karate Athlete Cesar Colunga Accepts Sanction for Anti-Doping Rule Violation：個案公告標題及全部個案實質段落；含物質／規則、處分、日期與成績後果，止於通用教育資訊前,https://www.usada.org/sanction/cesar-colunga-accepts-doping-sanction/
usada-196afd5ac99f,Amanda Kendall,2018,美國,游泳,core_checked,U.S. Swimming Athlete Amanda Kendall Accepts Sanction for Anti-Doping Rule Violation：個案公告標題及全部個案實質段落；含物質／規則、處分、日期與成績後果，止於通用教育資訊前,https://www.usada.org/sanction/amanda-kendall-accepts-doping-sanction/
usada-f75282803398,Abigail Dahlkemper,2018,美國,足球,core_checked,U.S. Soccer Athlete Abigail Dahlkemper Accepts Public Warning：個案公告標題及全部個案實質段落；含物質／規則、處分、日期與成績後果，止於通用教育資訊前,https://www.usada.org/sanction/abigail-dahlkemper-accepts-public-warning/
usada-cc59982303fb,Jason Griffin,2018,美國,帕拉自行車,core_checked,U.S. Paralympic Cycling Athlete Jason Griffin Accepts Sanction for Anti-Doping Rule Violation：個案公告標題及全部個案實質段落；含物質／規則、處分、日期與成績後果，止於通用教育資訊前,https://www.usada.org/sanction/jason-griffin-accepts-doping-sanction/
usada-9de5a5d1696d,Jessica Rivera,2018,美國,舉重,core_checked,U.S. Weightlifting Athlete Jessica Rivera Accepts Sanction for Anti-Doping Rule Violation：個案公告標題及全部個案實質段落；含物質／規則、處分、日期與成績後果，止於通用教育資訊前,https://www.usada.org/sanction/jessica-rivera-accepts-doping-sanction/
usada-b16d0fb75234,Barry Miller,2017,美國,自行車,core_checked,U.S. Cycling Athlete Barry Miller Accepts Sanction for Anti-Doping Rule Violation：個案公告標題及全部個案實質段落；含物質／規則、處分、日期與成績後果，止於通用教育資訊前,https://www.usada.org/sanction/barry-miller-accepts-doping-sanction/
usada-fe4d160648aa,Dylan Lima,2017,美國,自行車,core_checked,U.S. Cycling Athlete Dylan Lima Accepts Sanction for Anti-Doping Rule Violation：個案公告標題及全部個案實質段落；含物質／規則、處分、日期與成績後果，止於通用教育資訊前,https://www.usada.org/sanction/dylan-lima-accepts-doping-sanction/
usada-3d848274e422,Teresa Britt,2017,美國,舉重,core_checked,U.S. Weightlifting Athlete Teresa Britt Accepts Sanction for Anti-Doping Rule Violation：個案公告標題及全部個案實質段落；含物質／規則、處分、日期與成績後果，止於通用教育資訊前,https://www.usada.org/sanction/teresa-britt-accepts-doping-sanction/
usada-7d929fe046a9,Megan Palicka,2017,美國,舉重,core_checked,U.S. Weightlifting Athlete Megan Palicka Accepts Sanction for Anti-Doping Rule Violation：個案公告標題及全部個案實質段落；含物質／規則、處分、日期與成績後果，止於通用教育資訊前,https://www.usada.org/sanction/megan-palicka-accepts-doping-sanction/
usada-1b7ba3ce3c38,Frank Volrath,2017,美國,舉重,core_checked,U.S. Weightlifting Athlete Frank Volrath Accepts Sanction for Anti-Doping Rule Violation：個案公告標題及全部個案實質段落；含物質／規則、處分、日期與成績後果，止於通用教育資訊前,https://www.usada.org/sanction/frank-volrath-accepts-doping-sanction/
usada-6e7d139bba18,Nicholas Gough,2017,美國,鐵人三項,core_checked,U.S. Triathlete Nicholas Gough Receives Sanction for Anti-Doping Rule Violation：個案公告標題及全部個案實質段落；含物質／規則、處分、日期與成績後果，止於通用教育資訊前,https://www.usada.org/sanction/nicholas-gough-receives-doping-sanction/
usada-07d30b0088c7,Julie Rosiek,2017,美國,鐵人三項,core_checked,U.S. Triathlete Julie Rosiek Accepts Sanction for Anti-Doping Rule Violation：個案公告標題及全部個案實質段落；含物質／規則、處分、日期與成績後果，止於通用教育資訊前,https://www.usada.org/sanction/julie-rosiek-accepts-doping-sanction/
usada-8bbe5698646b,Abby Raymond,2018,美國,舉重,core_checked,U.S. Weightlifting Athlete Abby Raymond Accepts Sanction for Anti-Doping Rule Violation：個案公告標題及全部個案實質段落；含物質／規則、處分、日期與成績後果，止於通用教育資訊前,https://www.usada.org/sanction/abby-raymond-accepts-doping-sanction/
usada-bfeee80825b1,Kaitlyn Jarrett,2017,美國,舉重,core_checked,U.S. Weightlifting Athlete Kaitlyn Jarrett Accepts Sanction for Anti-Doping Rule Violation：個案公告標題及全部個案實質段落；含物質／規則、處分、日期與成績後果，止於通用教育資訊前,https://www.usada.org/sanction/kaitlyn-jarrett-accepts-doping-sanction/
usada-901736ce5e01,Lazaro Roman,2017,美國,舉重,core_checked,U.S. Weightlifting Athlete Lazaro Roman Accepts Sanction for Anti-Doping Rule Violation：個案公告標題及全部個案實質段落；含物質／規則、處分、日期與成績後果，止於通用教育資訊前,https://www.usada.org/sanction/lazaro-roman-accepts-doping-sanction/
usada-503574acf7cc,Mihail (Mike) Alexandrov,2017,美國,游泳,core_checked,U.S. Swimming Athlete Mihail Alexandrov Accepts Sanction for Anti-Doping Rule Violation：個案公告標題及全部個案實質段落；含物質／規則、處分、日期與成績後果，止於通用教育資訊前,https://www.usada.org/sanction/mike-alexandrov-accepts-doping-sanction/
usada-e6a03aa80344,David Less,2017,美國,自行車,core_checked,U.S. Cycling Athlete David Less Accepts Sanction for Anti-Doping Rule Violation：個案公告標題及全部個案實質段落；含物質／規則、處分、日期與成績後果，止於通用教育資訊前,https://www.usada.org/sanction/david-less-accepts-doping-sanction/
usada-5dd19e96b68c,Craig Webb,2017,美國,自行車,core_checked,"U.S. Cycling Athlete Craig Webb, of Traverse City, Mich., Accepts Sanction for Anti-Doping Rule Violation：個案公告標題及全部個案實質段落；含物質／規則、處分、日期與成績後果，止於通用教育資訊前",https://www.usada.org/sanction/craig-webb-accepts-doping-sanction/
usada-f49825dfb87e,Sharon Jackson,2018,美國,短柄牆球,core_checked,U.S. Racquetball Athlete Sharon Jackson Accepts Public Warning：個案公告標題及全部個案實質段落；含物質／規則、處分、日期與成績後果，止於通用教育資訊前,https://www.usada.org/sanction/sharon-jackson-accepts-public-warning/
usada-0f682f5a12d7,Marck Harrison,2018,美國,帕拉地板滾球,core_checked,U.S. Paralympic Boccia Athlete Marck Harrison Accepts Public Warning：個案公告標題及全部個案實質段落；含物質／規則、處分、日期與成績後果，止於通用教育資訊前,https://www.usada.org/sanction/marck-harrison-accepts-public-warning/
usada-8b83386b3243,Alyssa Travis,2017,美國,舉重,core_checked,U.S. Weightlifting Athlete Alyssa Travis Accepts Sanction for Anti-Doping Rule Violation：個案公告標題及全部個案實質段落；含物質／規則、處分、日期與成績後果，止於通用教育資訊前,https://www.usada.org/sanction/alyssa-travis-accepts-doping-sanction/
usada-e211d17e78b9,Lemuel Grayson,2017,美國,舉重,core_checked,U.S. Weightlifting Athlete Lemuel Grayson Accepts Public Warning：個案公告標題及全部個案實質段落；含物質／規則、處分、日期與成績後果，止於通用教育資訊前,https://www.usada.org/sanction/lemuel-grayson-accepts-public-warning/
usada-2791db22edc5,Bill Beyer,2010,美國,鐵人三項,core_checked,U.S. Triathlon Athlete Bill Beyer Accepts Sanction for Anti-Doping Rule Violation：個案公告標題及全部個案實質段落；含物質／規則、處分、日期與成績後果，止於通用教育資訊前,https://www.usada.org/sanction/bill-beyer-accepts-doping-sanction/
usada-70b898158395,James Vennera,2018,美國,射箭,core_checked,U.S. Archery Athlete James Vennera Accepts Public Warning：個案公告標題及全部個案實質段落；含物質／規則、處分、日期與成績後果，止於通用教育資訊前,https://www.usada.org/sanction/james-vennera-accepts-public-warning/
usada-8ad943acd5b0,Jeffery Miller,2015,美國,自行車,core_checked,U.S. Cycling Athlete Jeffery Miller Accepts Sanction for Anti-Doping Rule Violations：個案公告標題及全部個案實質段落；含物質／規則、處分、日期與成績後果，止於通用教育資訊前,https://www.usada.org/sanction/jeffery-miller-accepts-sanction/
usada-47db4d671c02,Vikas Patel,2015,美國,田徑,core_checked,U.S. Track & Field Athlete Vikas Patel Accepts Sanction for Anti-Doping Rule Violations：個案公告標題及全部個案實質段落；含物質／規則、處分、日期與成績後果，止於通用教育資訊前,https://www.usada.org/sanction/vikas-patel-accepts-doping-sanction/
usada-994755070e39,Kenna Wolter,2015,美國,田徑,core_checked,U.S. Track & Field Athlete Kenna Wolter Accepts Sanction for Anti-Doping Rule Violations：個案公告標題及全部個案實質段落；含物質／規則、處分、日期與成績後果，止於通用教育資訊前,https://www.usada.org/sanction/kenna-wolter-accepts-doping-sanction/
usada-fcfbbcf8949b,Jonathan Sanford,2016,美國,田徑,core_checked,U.S. Track & Field Athlete Jonathan Sanford Accepts Sanction for Anti-Doping Rule Violations：個案公告標題及全部個案實質段落；含物質／規則、處分、日期與成績後果，止於通用教育資訊前,https://www.usada.org/sanction/jonathan-sanford-accepts-doping-sanction/
usada-2a7f0468db54,Michael Zoda,2015,美國,舉重,core_checked,U.S. Weightlifting Athlete Michael Zoda Accepts Sanction for Non-Analytical Anti-Doping Rule Violation：個案公告標題及全部個案實質段落；含物質／規則、處分、日期與成績後果，止於通用教育資訊前,https://www.usada.org/sanction/michael-zoda-accepts-doping-sanction/
usada-4366103d9b91,Tori Polk,2015,美國,田徑,core_checked,U.S. Track & Field Athlete Tori Polk Accepts Sanction for Non-Analytical Anti-Doping Rule Violation：個案公告標題及全部個案實質段落；含物質／規則、處分、日期與成績後果，止於通用教育資訊前,https://www.usada.org/sanction/tori-polk-accepts-doping-sanction/
usada-2c9f4748c39c,Jay Henderson,2017,美國,自行車,core_checked,U.S. Cycling Athlete Jay Henderson Accepts Sanction for Anti-Doping Rule Violation：個案公告標題及全部個案實質段落；含物質／規則、處分、日期與成績後果，止於通用教育資訊前,https://www.usada.org/sanction/jay-henderson-accepts-doping-sanction/
usada-5682bad4c39a,Royce Dates,2015,美國,田徑,core_checked,U.S. Track & Field Athlete Royce Dates Accepts Sanction for Anti-Doping Rule Violations：個案公告標題及全部個案實質段落；含物質／規則、處分、日期與成績後果，止於通用教育資訊前,https://www.usada.org/sanction/royce-dates-accepts-doping-sanction/
usada-e52ee6c67921,Lisa Roberts,2017,美國,鐵人三項,core_checked,U.S. Triathlon Athlete Lisa Roberts Accepts Public Warning for Anti-Doping Rule Violation：個案公告標題及全部個案實質段落；含物質／規則、處分、日期與成績後果，止於通用教育資訊前,https://www.usada.org/sanction/lisa-roberts-accepts-public-warning-doping-violation/
usada-4ab89c689116,Atlanta Westbrook,2015,美國,田徑,core_checked,U.S. Track & Field Athlete Atlanta Westbrook Accepts Sanction for Anti-Doping Rule Violations：個案公告標題及全部個案實質段落；含物質／規則、處分、日期與成績後果，止於通用教育資訊前,https://www.usada.org/sanction/atlanta-westbrook-accepts-doping-sanction/
usada-7cdaea68994c,Shaquille Vance,2017,美國,帕拉田徑,core_checked,"U.S. Paralympic Track & Field Athlete, Shaquille Vance, Accepts Sanction for Anti-Doping Rule Violation：個案公告標題及全部個案實質段落；含物質／規則、處分、日期與成績後果，止於通用教育資訊前",https://www.usada.org/sanction/shaquille-vance-accepts-doping-sanction/
usada-870d48eb51f7,John Schiefer,2017,美國,自行車,core_checked,"U.S. Cycling Athlete, John Schiefer, Accepts Sanction for Anti-Doping Rule Violation：個案公告標題及全部個案實質段落；含物質／規則、處分、日期與成績後果，止於通用教育資訊前",https://www.usada.org/sanction/john-schiefer-accepts-doping-sanction/
usada-fc2334e2f733,Zachary Wuebben,2017,美國,舉重,core_checked,"U.S. Weightlifting Athlete, Zachary Wuebben, Accepts Sanction for Anti-Doping Rule Violation：個案公告標題及全部個案實質段落；含物質／規則、處分、日期與成績後果，止於通用教育資訊前",https://www.usada.org/sanction/zachary-wuebben-accepts-doping-sanction/
usada-806eab5af83f,Sarah Heinzl,2017,美國,輪椅籃球,core_checked,"U.S. Wheelchair Basketball Athlete, Sarah Heinzl, Accepts Public Warning for Anti-Doping Rule Violation：個案公告標題及全部個案實質段落；含物質／規則、處分、日期與成績後果，止於通用教育資訊前",https://www.usada.org/sanction/sarah-heinzl-accepts-public-warning-anti-doping-rule-violation/
usada-f10f5acd5654,Zack Herbert,2017,美國,舉重,core_checked,"U.S. Weightlifting Athlete, Zack Herbert, Accepts Sanction for Anti-Doping Rule Violation：個案公告標題及全部個案實質段落；含物質／規則、處分、日期與成績後果，止於通用教育資訊前",https://www.usada.org/sanction/zack-herbert-accepts-doping-sanction/
usada-5028b81a128b,Carlee Acevedo-Fuller,2017,美國,舉重,core_checked,"U.S. Weightlifting Athlete, Carlee Acevedo-Fuller, Accepts Sanction for Anti-Doping Rule Violation：個案公告標題及全部個案實質段落；含物質／規則、處分、日期與成績後果，止於通用教育資訊前",https://www.usada.org/sanction/carlee-acevedo-fuller-accepts-doping-sanction/
usada-491a96341462,Chris Carter,2017,美國,田徑,core_checked,"U.S. Track & Field Athlete, Chris Carter, Accepts Sanction for Anti-Doping Rule Violation：個案公告標題及全部個案實質段落；含物質／規則、處分、日期與成績後果，止於通用教育資訊前",https://www.usada.org/sanction/chris-carter-accepts-doping-sanction/
usada-5b6cb4ab463d,Riley Stohr,2017,美國,雪橇,core_checked,"U.S. Luge Athlete, Riley Stohr, Accepts Sanction for Anti-Doping Rule Violation：個案公告標題及全部個案實質段落；含物質／規則、處分、日期與成績後果，止於通用教育資訊前",https://www.usada.org/sanction/riley-stohr-accepts-doping-sanction/
usada-a0a7483bcc7e,J.C. Cruse,2017,美國,雪車,core_checked,"U.S. Bobsled Athlete, J.C. Cruse, Accepts Sanction for Anti-Doping Rule Violation：個案公告標題及全部個案實質段落；含物質／規則、處分、日期與成績後果，止於通用教育資訊前",https://www.usada.org/sanction/jc-cruse-accepts-doping-sanction/
usada-55dafea87f5e,Kayla Bushey,2016,美國,田徑,core_checked,"U.S. Track & Field Athlete, Kayla Bushey, Accepts Sanction for Anti-Doping Rule Violation：個案公告標題及全部個案實質段落；含物質／規則、處分、日期與成績後果，止於通用教育資訊前",https://www.usada.org/sanction/kayla-bushey-accepts-doping-sanction/
usada-0c3ec7a2af1e,Scott McPherson,2017,美國,田徑,core_checked,"U.S. Track & Field Athlete, Scott McPherson, Receives Sanction for Anti-Doping Rule Violation：個案公告標題及全部個案實質段落；含物質／規則、處分、日期與成績後果，止於通用教育資訊前",https://www.usada.org/sanction/scott-mcpherson-receives-doping-sanction/
usada-1a29ad9ab5d6,Tam Nguyen,2017,美國,舉重,core_checked,"U.S. Weightlifting Athlete, Tam Nguyen, Accepts Sanction for Anti-Doping Rule Violation：個案公告標題及全部個案實質段落；含物質／規則、處分、日期與成績後果，止於通用教育資訊前",https://www.usada.org/sanction/tam-nguyen-accepts-doping-sanction/
usada-5c49a520d9f7,David Bayer,2016,美國,舉重,core_checked,"U.S. Weightlifting Athlete, David Bayer, Accepts Sanction for Anti-Doping Rule Violation：個案公告標題及全部個案實質段落；含物質／規則、處分、日期與成績後果，止於通用教育資訊前",https://www.usada.org/sanction/david-bayer-accepts-doping-sanction/
usada-0c3eeb120b51,Peter Park,2016,美國,帕拉田徑,core_checked,"U.S. Track & Field Para Athlete, Peter Park, Accepts Sanction for Anti-Doping Rule Violation：個案公告標題及全部個案實質段落；含物質／規則、處分、日期與成績後果，止於通用教育資訊前",https://www.usada.org/sanction/peter-park-accepts-doping-sanction/
usada-005ef8b2c89f,Michael Nackoul,2016,美國,舉重,core_checked,"U.S. Weightlifting Athlete, Michael Nackoul, Accepts Sanction for Non-Analytical Anti-Doping Rule Violation：個案公告標題及全部個案實質段落；含物質／規則、處分、日期與成績後果，止於通用教育資訊前",https://www.usada.org/sanction/michael-nackoul-accepts-doping-sanction/
usada-a866a19663a5,Robert Kyle Dosterschill,2016,美國,舉重,core_checked,"U.S. Weightlifting Athlete, Robert Dosterschill, Accepts Sanction For Anti-Doping Rule Violation：個案公告標題及全部個案實質段落；含物質／規則、處分、日期與成績後果，止於通用教育資訊前",https://www.usada.org/sanction/robert-dosterschill-accepts-doping-sanction/
usada-ab372572f1a9,Tyler Moore,2017,美國,舉重,core_checked,"U.S. Weightlifting Athlete, Tyler Moore, Accepts Sanction for Anti-Doping Rule Violation：個案公告標題及全部個案實質段落；含物質／規則、處分、日期與成績後果，止於通用教育資訊前",https://www.usada.org/sanction/tyler-moore-accepts-doping-sanction/
usada-9c8b8e7bbb4c,Chris Creveling,2016,美國,競速滑冰,core_checked,"U.S. Speed Skating Athlete, Chris Creveling, Accepts Sanction for Anti-Doping Rule Violation：個案公告標題及全部個案實質段落；含物質／規則、處分、日期與成績後果，止於通用教育資訊前",https://www.usada.org/sanction/chris-creveling-accepts-doping-sanction/
usada-36b25b3d84e6,Jason Young,2013,美國,田徑,core_checked,"U.S. Track & Field Athlete, Jason Young, Accepts Sanction for Non-Analytical Anti-Doping Rule Violation：個案公告標題及全部個案實質段落；含物質／規則、處分、日期與成績後果，止於通用教育資訊前",https://www.usada.org/sanction/jason-young-accepts-doping-sanction/
usada-64a436bacae4,Michael Gingras,2015,美國,舉重,core_checked,"U.S. Weightlifting Coach, Michael Gingras, Accepts Sanction for Anti-Doping Rule Violation：個案公告標題及全部個案實質段落；含物質／規則、處分、日期與成績後果，止於通用教育資訊前",https://www.usada.org/sanction/michael-gingras-accepts-doping-sanction/
usada-792c30cdc646,Imani Oliver,2016,美國,田徑,core_checked,U.S. Track & Field Athlete Imani Oliver Accepts Sanction for Anti-Doping Rule Violation：個案公告標題及全部個案實質段落；含物質／規則、處分、日期與成績後果，止於通用教育資訊前,https://www.usada.org/sanction/imani-oliver-accepts-doping-sanction/
usada-89c25ce0aa40,Darien Moore,2017,美國,田徑,core_checked,"U.S. Track & Field Athlete, Darien Moore, Accepts Sanction for Anti-Doping Rule Violation：個案公告標題及全部個案實質段落；含物質／規則、處分、日期與成績後果，止於通用教育資訊前",https://www.usada.org/sanction/darien-moore-accepts-doping-sanction/
usada-a190ab7e50ab,Scot Harvey,2017,美國,自行車,core_checked,"U.S. Cycling Athlete, Scot Harvey, Accepts Sanction for Anti-Doping Rule Violation：個案公告標題及全部個案實質段落；含物質／規則、處分、日期與成績後果，止於通用教育資訊前",https://www.usada.org/sanction/scot-harvey-accepts-doping-sanction/
usada-2368662f3457,Cliff Nielson,2014,美國,田徑,core_checked,"U.S. Track & Field Athlete, Cliff Nielson, Receives Sanction for Non-Analytical Anti-Doping Rule Violation：個案公告標題及全部個案實質段落；含物質／規則、處分、日期與成績後果，止於通用教育資訊前",https://www.usada.org/sanction/cliff-nielson-receives-doping-sanction/
usada-2a8b050c35ed,Molly Beckwith-Ludlow,2016,美國,田徑,core_checked,"U.S. Track & Field Athlete, Molly Beckwith-Ludlow, Accepts Public Warning for Anti-Doping Rule Violation：個案公告標題及全部個案實質段落；含物質／規則、處分、日期與成績後果，止於通用教育資訊前",https://www.usada.org/sanction/molly-beckwith-ludlow-accepts-public-warning/
usada-acfba90a8905,Amanda Geving,2017,美國,自行車,core_checked,"U.S. Cycling Athlete, Amanda Geving, Accepts Sanction for Anti-Doping Rule Violation：個案公告標題及全部個案實質段落；含物質／規則、處分、日期與成績後果，止於通用教育資訊前",https://www.usada.org/sanction/amanda-geving-accepts-doping-sanction/
usada-f40282760e72,"Patrick ""Dillon"" Schrodt",2017,美國,雪車,core_checked,"U.S. Bobsled Athlete, Patrick Schrodt, Accepts Sanction for Anti-Doping Rule Violation：個案公告標題及全部個案實質段落；含物質／規則、處分、日期與成績後果，止於通用教育資訊前",https://www.usada.org/sanction/patrick-schrodt-accepts-doping-sanction/
usada-5a084088440d,Roderick Green,2016,美國,坐式排球,core_checked,"U.S. Sitting Volleyball Athlete, Roderick Green, Accepts Sanction for Anti-Doping Rule Violation：個案公告標題及全部個案實質段落；含物質／規則、處分、日期與成績後果，止於通用教育資訊前",https://www.usada.org/sanction/roderick-green-accepts-doping-sanction/
usada-4c30c4355448,Robert Prenoveau,2016,美國,輪椅冰壺,core_checked,"U.S. Wheelchair Curling Athlete, Robert Prenoveau, Accepts Public Warning for Anti-Doping Rule Violation：個案公告標題及全部個案實質段落；含物質／規則、處分、日期與成績後果，止於通用教育資訊前",https://www.usada.org/sanction/robert-prenoveau-accepts-public-warning/
usada-3a2b44290235,Gabriel Dawson,2016,美國,舉重,core_checked,"U.S. Weightlifting Athlete, Gabriel Dawson, Receives Sanction for Anti-Doping Rule Violation：個案公告標題及全部個案實質段落；含物質／規則、處分、日期與成績後果，止於通用教育資訊前",https://www.usada.org/sanction/gabriel-dawson-receives-doping-sanction/
usada-e238095a79ab,Vincent Pierik,2016,美國,舉重,core_checked,"U.S. Weightlifting Athlete, Pierik, Accepts Sanction for Anti-Doping Rule Violation：個案公告標題及全部個案實質段落；含物質／規則、處分、日期與成績後果，止於通用教育資訊前",https://www.usada.org/sanction/vincent-pierik-accepts-doping-sanction/
usada-9aa5cea0cfe1,Tammy Thomas,2002,美國,自行車,core_checked,"U.S. Cyclist Thomas Receives Lifetime Suspension From USADA For Positive Drug Test：2002-08-30 原仲裁結果公告全部實質段落，至通用 USADA 介紹前；U.S. Cycling Athlete, Thomas, Granted a Reduced Sanction：2017-02-13 減刑公告全部實質段落",https://www.usada.org/sanction/u-s-cyclist-thomas-receives-lifetime-suspension-from-usada-for-positive-drug-test/
usada-f8fb776d4fa9,Dawn Harper-Nelson,2016,美國,田徑,core_checked,"U.S. Track & Field Athlete, Harper-Nelson, Accepts Sanction for Anti-Doping Rule Violation：個案公告標題及全部個案實質段落；含物質／規則、處分、日期與成績後果，止於通用教育資訊前",https://www.usada.org/sanction/dawn-harper-nelson-accepts-doping-sanction/
usada-c624acaae104,Andrew Vrabel,2013,美國,舉重,core_checked,"U.S. Weightlifting Athlete, Vrabel, Accepts Sanction for Non-Analytical Anti-Doping Rule Violation：個案公告標題及全部個案實質段落；含物質／規則、處分、日期與成績後果，止於通用教育資訊前",https://www.usada.org/sanction/andrew-vrabel-accepts-doping-sanction/
usada-97da51a4cd91,Angelique Matsushima,2016,美國,舉重,core_checked,"U.S. Weightlifting Athlete, Matsushima, Accepts Sanction for Anti-Doping Rule Violation：個案公告標題及全部個案實質段落；含物質／規則、處分、日期與成績後果，止於通用教育資訊前",https://www.usada.org/sanction/angelique-matsushima-accepts-doping-sanction/
usada-cca09860726b,Joseph Lamour,2016,美國,手球,core_checked,"U.S. Handball Athlete, Lamour, Receives Sanction for Anti-Doping Rule Violation：個案公告標題及全部個案實質段落；含物質／規則、處分、日期與成績後果，止於通用教育資訊前",https://www.usada.org/sanction/joseph-lamour-receives-doping-sanction/
usada-e7645ab29f67,Joseph Mazzie,2016,美國,直排輪曲棍球,core_checked,"U.S. Roller Hockey Athlete, Mazzie, Accepts Sanction for Anti-Doping Rule Violation：個案公告標題及全部個案實質段落；含物質／規則、處分、日期與成績後果，止於通用教育資訊前",https://www.usada.org/sanction/joseph-mazzie-accepts-doping-sanction/
usada-1f56bc7e39f1,Nick Mossberg,2014,美國,田徑,core_checked,"U.S. Track & Field Athlete, Mossberg, Accepts Sanction for Non-Analytical Anti-Doping Rule Violation：個案公告標題及全部個案實質段落；含物質／規則、處分、日期與成績後果，止於通用教育資訊前",https://www.usada.org/sanction/nicholas-mossberg-accepts-doping-sanction/
usada-e05e2fe6db96,Thomas Luton,2010,美國,自行車,core_checked,"U.S. Cycling Athlete, Luton, Receives Sanction for Non-Analytical Anti-Doping Rule Violation：個案公告標題及全部個案實質段落；含物質／規則、處分、日期與成績後果，止於通用教育資訊前",https://www.usada.org/sanction/thomas-luton-receives-sanction/
usada-a19d120a5a90,Brandon Reyes,2016,美國,舉重,core_checked,"U.S. Weightlifting Athlete, Reyes, Accepts Sanction for Anti-Doping Rule Violation：個案公告標題及全部個案實質段落；含物質／規則、處分、日期與成績後果，止於通用教育資訊前",https://www.usada.org/sanction/brandon-reyes-accepts-doping-sanction/
usada-35cf2f26656b,Nicole Moore,2016,美國,舉重,core_checked,"U.S. Weightlifting Athlete, Moore, Accepts Sanction for Anti-Doping Rule Violation：個案公告標題及全部個案實質段落；含物質／規則、處分、日期與成績後果，止於通用教育資訊前",https://www.usada.org/sanction/nicole-moore-accepts-doping-violation/
usada-c269d76b2513,Ryan Pinney,2016,美國,帕拉自行車,core_checked,"U.S. Para Cycling Athlete, Pinney, Accepts Sanction for Anti-Doping Rule Violation：個案公告標題及全部個案實質段落；含物質／規則、處分、日期與成績後果，止於通用教育資訊前",https://www.usada.org/sanction/ryan-pinney-accepts-doping-sanction/
usada-48f0300507d6,Michael Dunkum,2013,美國,角力,core_checked,"U.S. Wrestling Athlete, Dunkum, Accepts Sanction for Non-Analytical Anti-Doping Rule Violation：個案公告標題及全部個案實質段落；含物質／規則、處分、日期與成績後果，止於通用教育資訊前",https://www.usada.org/sanction/michael-dunkum-accepts-sanction/
usada-edde57057db6,Cody Bidlow,2013,美國,田徑,core_checked,"U.S. Track & Field Athlete, Bidlow, Accepts Sanction for Non-Analytical Anti-Doping Rule Violation：個案公告標題及全部個案實質段落；含物質／規則、處分、日期與成績後果，止於通用教育資訊前",https://www.usada.org/sanction/cody-bidlow-accepts-sanction/
usada-8bd7326e338b,Tim Root,2016,美國,自行車,core_checked,"U.S. Cycling Athlete, Root, Receives Sanction for Anti-Doping Rule Violation：個案公告標題及全部個案實質段落；含物質／規則、處分、日期與成績後果，止於通用教育資訊前",https://www.usada.org/sanction/tim-root-receives-doping-sanction/
usada-9078b2b3f8b8,Shawn D'Aurelio,2016,美國,自行車,core_checked,"U.S. Cycling Athlete, D’Aurelio, Accepts Sanction for Anti-Doping Rule Violation：個案公告標題及全部個案實質段落；含物質／規則、處分、日期與成績後果，止於通用教育資訊前",https://www.usada.org/sanction/shawn-daurelio-accepts-sanction/
usada-d14484534da6,Trell Kimmons,2016,美國,田徑,core_checked,"U.S. Track & Field Athlete, Kimmons, Accepts Sanction for Anti-Doping Rule Violation：個案公告標題及全部個案實質段落；含物質／規則、處分、日期與成績後果，止於通用教育資訊前",https://www.usada.org/sanction/trell-kimmons-accepts-doping-sanction/
usada-359e0f8decd5,Jeff Schwab,2016,美國,自行車,core_checked,"U.S. Cycling Athlete, Schwab, Accepts Sanction for Anti-Doping Rule Violation：個案公告標題及全部個案實質段落；含物質／規則、處分、日期與成績後果，止於通用教育資訊前",https://www.usada.org/sanction/jeff-schwab-accepts-doping-sanction/
usada-74c3aeb782a0,Jessica Denney Phillips,2016,美國,舉重,core_checked,"U.S. Weightlifting Athlete, Phillips, Accepts Sanction for Anti-Doping Rule Violation：個案公告標題及全部個案實質段落；含物質／規則、處分、日期與成績後果，止於通用教育資訊前",https://www.usada.org/sanction/jessica-phillips-accepts-doping-sanction/
usada-b06931c0b392,Robert Baatz,2016,美國,自行車,core_checked,"U.S. Cycling Athlete, Baatz, Accepts Sanction for Anti-Doping Rule Violation：個案公告標題及全部個案實質段落；含物質／規則、處分、日期與成績後果，止於通用教育資訊前",https://www.usada.org/sanction/robert-baatz-accepts-doping-sanction/
usada-bdc4265e8819,Kimberly Ciolli,2016,美國,自行車,core_checked,"U.S. Cycling Athlete, Ciolli, Accepts Sanction for Anti-Doping Rule Violation：個案公告標題及全部個案實質段落；含物質／規則、處分、日期與成績後果，止於通用教育資訊前",https://www.usada.org/sanction/kimberly-ciolli-accepts-doping-sanction/
usada-6fde059a15f4,Mary Verrando-Higgins,2016,美國,自行車,core_checked,"U.S. Cycling Athlete, Verrando-Higgins, Accepts Sanction for Anti-Doping Rule Violation：個案公告標題及全部個案實質段落；含物質／規則、處分、日期與成績後果，止於通用教育資訊前",https://www.usada.org/sanction/mary-verrando-higgins-accepts-doping-sanction/
usada-47a780e34432,Crystal Riggs,2016,美國,舉重,core_checked,"U.S. Weightlifting Athlete, Riggs, Accepts Sanction for Anti-Doping Rule Violation：個案公告標題及全部個案實質段落；含物質／規則、處分、日期與成績後果，止於通用教育資訊前",https://www.usada.org/sanction/crystal-riggs-accepts-doping-sanction/
usada-c0ec4fad5514,Thomas Cawley,2011,美國,田徑,core_checked,"U.S. Track & Field Athlete, Cawley, Accepts Sanction for Non-Analytical Anti-Doping Rule Violation：個案公告標題及全部個案實質段落；含物質／規則、處分、日期與成績後果，止於通用教育資訊前",https://www.usada.org/sanction/thomas-cawley-accepts-doping-sanction/
usada-1198265168e2,Liz Palmer,2016,美國,田徑,core_checked,"U.S. Track & Field Athlete, Palmer, Accepts Sanction for Anti-Doping Rule Violation：個案公告標題及全部個案實質段落；含物質／規則、處分、日期與成績後果，止於通用教育資訊前",https://www.usada.org/sanction/liz-palmer-accepts-doping-sanction/
usada-09d96ec873e6,Susan Dutta,2016,美國,馬術,core_checked,"U.S. Equestrian Athlete, Dutta, Accepts Public Warning for Anti-Doping Rule Violation：個案公告標題及全部個案實質段落；含物質／規則、處分、日期與成績後果，止於通用教育資訊前",https://www.usada.org/sanction/susan-dutta-accepts-public-warning-for-anti-doping-rule-violation/
usada-8813abb5dfc8,James Howe II,2016,美國,跆拳道,core_checked,"U.S. Taekwondo Athlete, Howe II, Accepts Sanction for Anti-Doping Rule Violation：個案公告標題及全部個案實質段落；含物質／規則、處分、日期與成績後果，止於通用教育資訊前",https://www.usada.org/sanction/james-howe-accepts-doping-sanction/
usada-6d48feafc5e9,Nia Williams,2015,美國,橄欖球,core_checked,"U.S. Rugby Athlete, Williams, Receives Sanction for Anti-Doping Rule Violations：個案公告標題及全部個案實質段落；含物質／規則、處分、日期與成績後果，止於通用教育資訊前",https://www.usada.org/sanction/nia-williams-receives-doping-sanction/
usada-b95ab234ef5b,Daniel Lehr,2015,美國,舉重,core_checked,"U.S. Weightlifting Athlete, Lehr, Accepts Sanction for Anti-Doping Rule Violation：個案公告標題及全部個案實質段落；含物質／規則、處分、日期與成績後果，止於通用教育資訊前",https://www.usada.org/sanction/daniel-lehr-accepts-doping-sanction/
usada-de625da34c51,Dylan Fischbach,2015,美國,輪椅籃球,core_checked,"US Paralympic Basketball Athlete, Fischbach, Accepts Sanction For Anti-Doping Rule Violation：2015-12-18 公告全部個案段落：身分、拒絕採樣日期、兩年處分與成績取消；U.S. Paralympic Basketball Athlete, Fischbach, Receives Disqualification of Results For Violating Period Of Ineligibility：2016-04-11 更新全部個案段落：NWBA 大學賽事參賽、過失判斷及追加取消成績",https://www.usada.org/sanction/dylan-fischbach-accepts-doping-sanction/
usada-e202db4ec31d,Ashley Paulson,2015,美國,鐵人三項,core_checked,"US Triathlon Athlete, Paulson, Accepts Sanction for Anti-Doping Rule Violation：個案公告標題及全部個案實質段落；含物質／規則、處分、日期與成績後果，止於通用教育資訊前",https://www.usada.org/sanction/ashley-paulson-accepts-sanction/
usada-5ba221c74afd,Chris Hyun Cho,2015,美國,舉重,core_checked,"US Weightlifting Athlete, Cho, Accepts Sanction for Anti-Doping Rule Violation：個案公告標題及全部個案實質段落；含物質／規則、處分、日期與成績後果，止於通用教育資訊前",https://www.usada.org/sanction/hyun-cho-accepts-doping-saction/
usada-32c2c6bdacff,Michael Buckley,2015,美國,自行車,core_checked,"US Cycling Athlete, Buckley, Accepts Sanction for Anti-Doping Rule Violation：個案公告標題及全部個案實質段落；含物質／規則、處分、日期與成績後果，止於通用教育資訊前",https://www.usada.org/sanction/michael-buckley-accepts-sanction/
usada-a71a79541adf,Cicely Kyle,2015,美國,舉重,core_checked,"US Weightlifting Athlete, Kyle, Accepts Sanction For Anti-Doping Rule Violation：個案公告標題及全部個案實質段落；含物質／規則、處分、日期與成績後果，止於通用教育資訊前",https://www.usada.org/sanction/cicely-kyle-accepts-doping-sanction/
usada-1359b69cc9a8,Joseph Roberto,2015,美國,舉重,core_checked,"US Weightlifting Athlete, Roberto, Receives Sanction for Anti-Doping Rule Violation：個案公告標題及全部個案實質段落；含物質／規則、處分、日期與成績後果，止於通用教育資訊前",https://www.usada.org/sanction/roberto-receives-doping-sanction/
usada-2428086c1745,Tara Harbert,2015,美國,棒球,core_checked,"US Baseball Athlete, Harbert, Receives Sanction For Anti-Doping Rule Violations：個案公告標題及全部個案實質段落；含物質／規則、處分、日期與成績後果，止於通用教育資訊前",https://www.usada.org/sanction/tara-harbert-accepts-doping-sanction/
