source,name,sport,person_type,country_as_listed,taiwan_excluded,nationality_review,sanction,source_status,decision_url,named,resolved_or_announced_with_link,name_key,name_matches_existing,publication_approved
USADA,"Samelo do Amaral, Rider",Brazilian Jiu-Jitsu,not separately classified in source table,,False,pending_individual_verification,3-Year Suspension; Loss of Results,announced,https://www.usada.org/sanction/rider-samelo-do-amaral-accepts-doping-sanction/,True,True,amaral do rider samelo,False,False
USADA,"Oprea, Erin",Triathlon,not separately classified in source table,,False,pending_individual_verification,5-Year Suspension; Loss of Results,announced,https://www.usada.org/sanction/erin-oprea-receives-doping-sanction/,True,True,erin oprea,False,False
USADA,"Boyle, Evan",Cycling,not separately classified in source table,,False,pending_individual_verification,16-Month Suspension; Loss of Results; Additional 2-Month Suspension,announced,https://www.usada.org/sanction/evan-boyle-accepts-sanction/ | https://www.usada.org/sanction/evan-boyle-violates-sanction/,True,True,boyle evan,False,False
USADA,"Meador, Laura",Weightlifting,not separately classified in source table,,False,pending_individual_verification,4-Year Suspension; Loss of Results,announced,https://www.usada.org/sanction/laura-meador-receives-doping-sanction/,True,True,laura meador,False,False
USADA,"Porfírio de Araújo, Tayane",Brazilian Jiu-Jitsu,not separately classified in source table,,False,pending_individual_verification,3-Month Suspension; Loss of Results,announced,https://www.usada.org/sanction/tayane-porfirio-de-araujo-accepts-doping-sanction-2/,True,True,araujo de porfirio tayane,False,False
USADA,"Oberst, Emily",Wheelchair Basketball,not separately classified in source table,,False,pending_individual_verification,Public Warning,announced,https://www.usada.org/sanction-public-warning/emily-oberst-accepts-public-warning/,True,True,emily oberst,False,False
USADA,"Hobbs, Aleia",Track and Field,not separately classified in source table,,False,pending_individual_verification,6-Month Suspension; Loss of Results,announced,https://www.usada.org/sanction/aleia-hobbs-accepts-doping-sanction/,True,True,aleia hobbs,False,False
USADA,"MacDermott, Jara",Weightlifting,not separately classified in source table,,False,pending_individual_verification,2-Year Suspension; Loss of Results,announced,https://www.usada.org/sanction/jara-macdermott-accepts-doping-sanction/,True,True,jara macdermott,False,False
USADA,"Aguila-Ramos, Ariana",Paralympic Taekwondo,not separately classified in source table,,False,pending_individual_verification,4-Year Suspension; Loss of Results,announced,https://www.usada.org/sanction/ariana-aguila-ramos-receives-sanction/,True,True,aguila ariana ramos,False,False
USADA,"Morris, Brian",Track and Field,not separately classified in source table,,False,pending_individual_verification,4-Year Suspension; Loss of Results,announced,https://www.usada.org/sanction/brian-morris-receives-doping-sanction/,True,True,brian morris,False,False
USADA,"Koech, Jonah",Track and Field,not separately classified in source table,,False,pending_individual_verification,3-Year Suspension; Loss of Results,announced,https://www.usada.org/sanction/jonah-koech-accepts-doping-sanction/,True,True,jonah koech,False,False
USADA,"Cantwell, Steven",Paralympic Snowboarding,not separately classified in source table,,False,pending_individual_verification,10-Year Suspension; Loss of Results -Second Violation. Sanction is tolled until athlete returns from retirement.,announced,https://www.usada.org/sanction/steven-cantwell-receives-second-doping-violation/,True,True,cantwell steven,False,False
USADA,"Miller, Adam",Field Hockey,not separately classified in source table,,False,pending_individual_verification,2-Year Suspension; Loss of Results,announced,https://www.usada.org/sanction/adam-miller-receives-doping-sanction-arbitrator/,True,True,adam miller,False,False
USADA,"Zilcosky, Chase",Weightlifting,not separately classified in source table,,False,pending_individual_verification,2-Year Suspension; Loss of Results,announced,https://www.usada.org/sanction/chase-zilcosky-receives-doping-sanction-arbitrator/,True,True,chase zilcosky,False,False
USADA,"Trabing, Bert",Weightlifting,not separately classified in source table,,False,pending_individual_verification,4-Year Suspension; Loss of Results,announced,https://www.usada.org/sanction/bert-trabing-receives-doping-sanction/,True,True,bert trabing,False,False
USADA,"Cantwell, Steven",Paralympic Snowboarding,not separately classified in source table,,False,pending_individual_verification,6-Year Suspension; Loss of Results,announced,https://www.usada.org/sanction/steven-cantwell-receives-doping-sanction/,True,True,cantwell steven,False,False
USADA,"Edwards, Monzavous “Rae”",Track and Field,not separately classified in source table,,False,pending_individual_verification,2-Year Suspension; Loss of Results,announced,https://www.usada.org/sanction/monzavous-rae-edwards-accepts-doping-sanction/,True,True,edwards monzavous rae,False,False
USADA,"Quintero, Angel",Weightlifting,not separately classified in source table,,False,pending_individual_verification,2-Year Suspension; Loss of Results,announced,https://www.usada.org/sanction/angel-quintero-accepts-doping-sanction/,True,True,angel quintero,False,False
USADA,"Digenis, Hanna",Weightlifting,not separately classified in source table,,False,pending_individual_verification,3-Month Suspension; Loss of Results,announced,https://www.usada.org/sanction/hanna-digenis-accepts-doping-sanction/,True,True,digenis hanna,False,False
USADA,"Bracy-Williams, Marvin",Track and Field,not separately classified in source table,,False,pending_individual_verification,12-Year Suspension; Third Violation; Sanction tolled due to retirement,announced,https://www.usada.org/sanction/marvin-bracy-williams-third-rule-violation/,True,True,bracy marvin williams,False,False
USADA,"De Sousa, Roosevelt",Brazilian Jiu-Jitsu,not separately classified in source table,,False,pending_individual_verification,3-Year Suspension; Loss of Results,announced,https://www.usada.org/sanction/roosevelt-de-sousa-accepts-doping-sanction/,True,True,de roosevelt sousa,False,False
USADA,"Anmaw Mengesha, Adane",Track and Field,not separately classified in source table,,False,pending_individual_verification,5-Year Suspension; Loss of Results,announced,https://www.usada.org/sanction/adane-anmaw-mengesha-accepts-doping-sanction/,True,True,adane anmaw mengesha,False,False
USADA,"Moon, Colleen",Weightlifting,not separately classified in source table,,False,pending_individual_verification,3-Year Suspension; Loss of Results,announced,https://www.usada.org/sanction/colleen-moon-accepts-doping-sanction/,True,True,colleen moon,False,False
USADA,"Gough, Annie",Weightlifting,not separately classified in source table,,False,pending_individual_verification,3-Year Suspension; Loss of Results,announced,https://www.usada.org/sanction/annie-gough-accepts-doping-sanction/,True,True,annie gough,False,False
USADA,"Cardozo Cabrera, Valeria",Cycling,not separately classified in source table,,False,pending_individual_verification,3-Year Suspension; Loss of Results,announced,https://www.usada.org/sanction/valeria-cardozo-cabrera-accepts-doping-sanction/,True,True,cabrera cardozo valeria,False,False
USADA,"Aguilar, Anthony",Weightlifting,not separately classified in source table,,False,pending_individual_verification,3-Year Suspension; Loss of Results,announced,https://www.usada.org/sanction/anthony-aguilar-accepts-doping-sanction/,True,True,aguilar anthony,False,False
USADA,"Armstrong, Alia",Track and Field,not separately classified in source table,,False,pending_individual_verification,Public Warning,announced,https://www.usada.org/sanction-public-warning/alia-armstrong-accepts-public-warning/,True,True,alia armstrong,False,False
USADA,"Terry, Blaine",Weightlifting,not separately classified in source table,,False,pending_individual_verification,4-Year Suspension; Loss of Results,announced,https://www.usada.org/sanction/blaine-terry-accepts-doping-sanction/,True,True,blaine terry,False,False
USADA,"Mitchell, Manteo",Bobsled,not separately classified in source table,,False,pending_individual_verification,2-Year Suspension; Loss of Results,announced,https://www.usada.org/sanction/manteo-mitchell-receives-doping-sanction-arbitrator/ | https://www.usada.org/sanction-public-warning/manteo-mitchell-public-warning-sanction-violation/,True,True,manteo mitchell,False,False
USADA,"Phillips, Joshua",Weightlifting,not separately classified in source table,,False,pending_individual_verification,3-Year Suspension; Loss of Results,announced,https://www.usada.org/sanction/joshua-phillips-accepts-doping-sanction/,True,True,joshua phillips,False,False
USADA,"Brooks, Aaron",Wrestling,not separately classified in source table,,False,pending_individual_verification,2-Year Suspension; Loss of Results,announced,https://www.usada.org/sanction/aaron-brooks-receives-doping-sanction-arbitrator/,True,True,aaron brooks,False,False
USADA,"Lesui, Roy",Weightlifting,not separately classified in source table,,False,pending_individual_verification,3-Month Suspension; Loss of Results,announced,https://www.usada.org/sanction/roy-lesui-accepts-doping-sanction/,True,True,lesui roy,False,False
USADA,"Sandor, Daniel ""Jason""",Wheelchair Rugby,not separately classified in source table,,False,pending_individual_verification,4-Year Suspension; Loss of Results,announced,https://www.usada.org/sanction/daniel-jason-sandor-accepts-doping-sanction/,True,True,daniel jason sandor,False,False
USADA,"Winegar, Weston",Weightlifting,not separately classified in source table,,False,pending_individual_verification,3-Year Suspension; Loss of Results,announced,https://www.usada.org/sanction/weston-winegar-accepts-doping-sanction/,True,True,weston winegar,False,False
USADA,"Khaybulaev, Movlid",Mixed Martial Arts,not separately classified in source table,,False,pending_individual_verification,1-Year Suspension,announced,https://www.usada.org/sanction/movlid-khaybulaev-accepts-doping-sanction/,True,True,khaybulaev movlid,False,False
USADA,"Teague, Rachelyn",Weightlifting,not separately classified in source table,,False,pending_individual_verification,1-Month Suspension; Loss of Results,announced,https://www.usada.org/sanction/rachelyn-teague-accepts-doping-sanction/,True,True,rachelyn teague,False,False
USADA,"Kumar, Kartik",Track and Field,not separately classified in source table,,False,pending_individual_verification,3-Year Suspension; Loss of Results,announced,https://www.usada.org/sanction/kartik-kumar-accepts-doping-sanction/,True,True,kartik kumar,False,False
USADA,"Bracy-Williams, Marvin",Track and Field,not separately classified in source table,,False,pending_individual_verification,45-Month Suspension; Loss of Results; Sanction tolled due to retirement,announced,https://www.usada.org/sanction/marvin-bracy-williams-accepts-doping-sanction/,True,True,bracy marvin williams,False,False
USADA,"Yuan, Bernard",Weightlifting,not separately classified in source table,,False,pending_individual_verification,2-Year Suspension; Loss of Results,announced,https://www.usada.org/sanction/bernard-yuan-accepts-doping-sanction/,True,True,bernard yuan,False,False
USADA,"Street, Semaj",Track and Field,not separately classified in source table,,False,pending_individual_verification,3-Month Suspension; Loss of Results,announced,https://www.usada.org/sanction/semaj-street-accepts-doping-sanction/,True,True,semaj street,False,False
USADA,"Kell, Devon",Weightlifting,not separately classified in source table,,False,pending_individual_verification,2-Year Suspension; Loss of Results,announced,https://www.usada.org/sanction/devon-kell-accepts-doping-sanction/,True,True,devon kell,False,False
USADA,"Didier, Brad",Triathlon,not separately classified in source table,,False,pending_individual_verification,Public Warning,announced,https://www.usada.org/sanction-public-warning/brad-didier-accepts-public-warning/,True,True,brad didier,False,False
USADA,"Hagerman, Adam",Weightlifting,not separately classified in source table,,False,pending_individual_verification,3-Month Suspension; Loss of Results,announced,https://www.usada.org/sanction/adam-hagerman-accepts-doping-sanction/,True,True,adam hagerman,False,False
USADA,"Mosteller, Barron",Taekwondo,not separately classified in source table,,False,pending_individual_verification,1-Year Suspension; Loss of Results,announced,https://www.usada.org/sanction/barron-mosteller-accepts-doping-sanction/,True,True,barron mosteller,False,False
USADA,"McCauley, Anthony",Triathlon,not separately classified in source table,,False,pending_individual_verification,4-Year Suspension; Loss of Results,announced,https://www.usada.org/sanction/anthony-mccauley-accepts-doping-sanction/,True,True,anthony mccauley,False,False
USADA,"Saunders, Raven",Track and Field,not separately classified in source table,,False,pending_individual_verification,30-Month Suspension; Loss of Results,announced,https://www.usada.org/sanction/raven-saunders-accepts-second-violation/,True,True,raven saunders,False,False
USADA,*Name Removed,Weightlifting,not separately classified in source table,,False,pending_individual_verification,No Fault or Negligence,announced,,False,False,name removed,False,False
USADA,"Hooker, Michael",Track and Field,not separately classified in source table,,False,pending_individual_verification,3-Year Suspension; Loss of Results,announced,https://www.usada.org/sanction/michael-hooker-accepts-doping-sanction/,True,True,hooker michael,False,False
USADA,"Keith, Aaron",Para Cycling,not separately classified in source table,,False,pending_individual_verification,14-Month Suspension; Loss of Results,announced,https://www.usada.org/sanction/aaron-keith-receives-extended-sanction/,True,True,aaron keith,False,False
USADA,"Biwott, Shadrack",Track and Field,not separately classified in source table,,False,pending_individual_verification,4-Year Suspension; Loss of Results,announced,https://www.usada.org/sanction/shadrack-biwott-receives-doping-sanction/,True,True,biwott shadrack,False,False
USADA,"Moore, Karl",Mixed Martial Arts,not separately classified in source table,,False,pending_individual_verification,1-Year Suspension,announced,https://www.usada.org/sanction/karl-moore-accepts-doping-sanction/,True,True,karl moore,False,False
USADA,"Wade, Daniel",Powerlifting,not separately classified in source table,,False,pending_individual_verification,2-Year Suspension; Loss of Results,announced,https://www.usada.org/sanction/daniel-wade-accepts-doping-sanction/,True,True,daniel wade,False,False
USADA,"Qualls, Robert Jerry",Track and Field,not separately classified in source table,,False,pending_individual_verification,3-Year Suspension; Loss of Results; Non-Analytical: Additional 3-Month Suspension,announced,https://www.usada.org/sanction/robert-qualls-accepts-doping-sanction/ | https://www.usada.org/sanction/robert-jerry-qualls-accepts-additional-sanction/,True,True,jerry qualls robert,False,False
USADA,"Kim, Ricky",Para Judo,not separately classified in source table,,False,pending_individual_verification,2-Year Suspension; Loss of Results,announced,https://www.usada.org/sanction/kim-accepts-doping-sanction/,True,True,kim ricky,False,False
USADA,"Hoffner, Tiffany",Weightlifting,not separately classified in source table,,False,pending_individual_verification,2-Year Suspension; Loss of Results,announced,https://www.usada.org/sanction/tiffany-hoffner-accepts-doping-sanction/,True,True,hoffner tiffany,False,False
USADA,"Vowell, Michael",Track and Field,not separately classified in source table,,False,pending_individual_verification,Lifetime Suspension,announced,https://www.usada.org/sanction/michael-vowell-and-athlete-accept-doping-sanctions/,True,True,michael vowell,False,False
USADA,*Name Removed,Track and Field,not separately classified in source table,,False,pending_individual_verification,2-Year Suspension; Loss of Results,announced,,False,False,name removed,False,False
USADA,"Williams, Ray",Powerlifting,not separately classified in source table,,False,pending_individual_verification,16-Month Suspension; Loss of Results,announced,https://www.usada.org/sanction/ray-williams-accepts-doping-sanction/,True,True,ray williams,False,False
USADA,"Lo, Francisco",Brazilian Jiu-Jitsu,not separately classified in source table,,False,pending_individual_verification,3-Year Suspension; Loss of Results,announced,https://www.usada.org/sanction/francisco-lo-accepts-doping-sanction/,True,True,francisco lo,False,False
USADA,"Recio, Nicolas",Powerlifting,not separately classified in source table,,False,pending_individual_verification,4-Year Suspension; Loss of Results,announced,https://www.usada.org/sanction/nicolas-recio-receives-doping-sanction/,True,True,nicolas recio,False,False
USADA,"Reeve Jr., Kevin",Para Fencing,not separately classified in source table,,False,pending_individual_verification,1-Month Suspension; Loss of Results,announced,https://www.usada.org/sanction/paralympic-fencing/kevin-reeve-jr-accepts-doping-sanction/,True,True,jr kevin reeve,False,False
USADA,"Doughty, Steven",Weightlifting,not separately classified in source table,,False,pending_individual_verification,3-Year Suspension; Loss of Results; Sanction tolled due to retirement,announced,https://www.usada.org/sanction/steven-doughty-accepts-doping-sanction/,True,True,doughty steven,False,False
USADA,"FitzSimons, Sean",Snowboarding,not separately classified in source table,,False,pending_individual_verification,3-Month Suspension,announced,https://www.usada.org/sanction/sean-fitzsimons-accepts-sanction/,True,True,fitzsimons sean,False,False
USADA,"Shabliy, Alexander",Mixed Martial Arts,not separately classified in source table,,False,pending_individual_verification,6-Month Suspension,announced,https://www.usada.org/sanction/alexander-shabliy-accepts-doping-sanction/,True,True,alexander shabliy,False,False
USADA,"Edwards, Jayden",Powerlifting,not separately classified in source table,,False,pending_individual_verification,3-Year Suspension; Loss of Results,announced,https://www.usada.org/sanction/jayden-edwards-accepts-doping-sanction/,True,True,edwards jayden,False,False
USADA,"Dondzila, Nicholas",Weightlifting,not separately classified in source table,,False,pending_individual_verification,4-Year Suspension; Loss of Results,announced,https://www.usada.org/sanction/nicholas-dondzila-receives-doping-sanction/,True,True,dondzila nicholas,False,False
USADA,"Gilman, Thomas",Wrestling,not separately classified in source table,,False,pending_individual_verification,18-Month Suspension; Loss of Results,announced,https://www.usada.org/sanction/thomas-gilman-accepts-whereabouts-sanction/,True,True,gilman thomas,False,False
USADA,"Waldon, Aaron",Boxing,not separately classified in source table,,False,pending_individual_verification,3-Year Suspension; Loss of Results,announced,https://www.usada.org/sanction/aaron-waldon-accepts-doping-sanction/,True,True,aaron waldon,False,False
USADA,"Ruiz, Zebenzui",Mixed Martial Arts,not separately classified in source table,,False,pending_individual_verification,6-Month Suspension,announced,https://www.usada.org/sanction/zebenzui-ruiz-accepts-doping-sanction/,True,True,ruiz zebenzui,False,False
USADA,"Santos, Taila",Mixed Martial Arts,not separately classified in source table,,False,pending_individual_verification,6-Month Suspension,announced,https://www.usada.org/sanction/taila-santos-accepts-doping-sanction/,True,True,santos taila,False,False
USADA,"Alaqraa, Mohammad",Mixed Martial Arts,not separately classified in source table,,False,pending_individual_verification,6-Month Suspension,announced,https://www.usada.org/sanction/mohammad-alaqraa-accepts-doping-sanction/,True,True,alaqraa mohammad,False,False
USADA,"Carter Jr., James",Track and Field,not separately classified in source table,,False,pending_individual_verification,1-Month Suspension; Loss of Results,announced,https://www.usada.org/sanction/james-carter-jr-accepts-doping-sanction/,True,True,carter james jr,False,False
USADA,"Jackson, Shawnti",Track and Field,not separately classified in source table,,False,pending_individual_verification,Public Warning,announced,https://www.usada.org/sanction/shawnti-jackson-accepts-public-warning/,True,True,jackson shawnti,False,False
USADA,"Winkler, Isabella",Boxing,not separately classified in source table,,False,pending_individual_verification,6-Month Suspension; Loss of Results,announced,https://www.usada.org/sanction/isabella-winkler-accepts-doping-sanction/,True,True,isabella winkler,False,False
USADA,"Sousa Costa, Cassio Felipe",Brazilian Jiu-Jitsu,not separately classified in source table,,False,pending_individual_verification,1-Year Suspension; Loss of Results,announced,https://www.usada.org/sanction/cassio-felipe-sousa-costa-doping-sanction/,True,True,cassio costa felipe sousa,False,False
USADA,"Prince, David",Para Track and Field,not separately classified in source table,,False,pending_individual_verification,7-Year Suspension; Loss of Results,announced,https://www.usada.org/sanction/david-prince-second-violation/,True,True,david prince,False,False
USADA,"Quinn, Michelle",Bobsled,not separately classified in source table,,False,pending_individual_verification,Public Warning,announced,https://www.usada.org/sanction-public-warning/michelle-quinn-accepts-public-warning/,True,True,michelle quinn,False,False
USADA,"Wilson, Jay Jay",Mixed Martial Arts,not separately classified in source table,,False,pending_individual_verification,3-Month Suspension,announced,https://www.usada.org/sanction/jay-jay-wilson-doping-sanction/,True,True,jay jay wilson,False,False
USADA,"Karaś, Robert",Ultra Triathlon,not separately classified in source table,,False,pending_individual_verification,8-Year Suspension; Loss of Results,announced,https://www.usada.org/sanction/independent-arbitrator-imposes-sanction-robert-karas/,True,True,karas robert,False,False
USADA,"Moldauer, Yul",Gymnastics,not separately classified in source table,,False,pending_individual_verification,16-Month Suspension; Loss of Results,announced,https://www.usada.org/sanction/yul-moldauer-accepts-whereabouts-sanction/,True,True,moldauer yul,False,False
USADA,"Provisor, Ben",Wrestling,not separately classified in source table,,False,pending_individual_verification,18-Month Suspension; Loss of Results,announced,https://www.usada.org/sanction/ben-provisor-accepts-whereabouts-violation/,True,True,ben provisor,False,False
USADA,"Madge, Don",Mixed Martial Arts,not separately classified in source table,,False,pending_individual_verification,2-Year Suspension; Sanction tolled due to retirement,announced,https://www.usada.org/sanction/don-madge-accepts-doping-sanction/,True,True,don madge,False,False
USADA,"Pierce, Nicholas",Snowboarding,not separately classified in source table,,False,pending_individual_verification,3-Year Suspension; Loss of Results,announced,https://www.usada.org/sanction/nicholas-pierce-accepts-doping-sanction/,True,True,nicholas pierce,False,False
USADA,"Turner, Loretta",Track and Field,not separately classified in source table,,False,pending_individual_verification,4-Year Suspension; Loss of Results,announced,https://www.usada.org/sanction/loretta-turner-receives-doping-sanction/,True,True,loretta turner,False,False
USADA,"Pimenta, Pedro",Brazilian Jiu-Jitsu,not separately classified in source table,,False,pending_individual_verification,1-Year Suspension; Loss of Results,announced,https://www.usada.org/sanction/pedro-pimenta-accepts-doping-sanction/,True,True,pedro pimenta,False,False
USADA,"James, Daniel",Mixed Martial Arts,not separately classified in source table,,False,pending_individual_verification,10-Month Suspension,announced,https://www.usada.org/sanction/daniel-james-accepts-doping-sanction/,True,True,daniel james,False,False
USADA,"Milani, Sydney",Bobsled,not separately classified in source table,,False,pending_individual_verification,1-Year Suspension; Loss of Results,announced,https://www.usada.org/sanction/sydney-milani-accepts-doping-sanction/,True,True,milani sydney,False,False
USADA,"Bueno, Yatan",Brazilian Jiu-Jitsu,not separately classified in source table,,False,pending_individual_verification,3-Year Suspension; Loss of Results,announced,https://www.usada.org/sanction/yatan-bueno-accepts-doping-sanction/,True,True,bueno yatan,False,False
USADA,"Silva, Fellipe Andrew Leandro",Brazilian Jiu-Jitsu,not separately classified in source table,,False,pending_individual_verification,2-Year Suspension; Loss of Results,announced,https://www.usada.org/sanction/andrew-leandro-silva-accepts-doping-sanction/,True,True,andrew fellipe leandro silva,False,False
USADA,"Smith, Michael",Snowboarding,not separately classified in source table,,False,pending_individual_verification,3-Year Suspension; Loss of Results,announced,https://www.usada.org/sanction/michael-smith-accepts-doping-sanction/,True,True,michael smith,False,False
USADA,"Ivanov, Blagoy",Mixed Martial Arts,not separately classified in source table,,False,pending_individual_verification,22-Month Suspension,announced,https://www.usada.org/sanction/blagoy-ivanov-accepts-doping-sanction/,True,True,blagoy ivanov,False,False
USADA,"Lute, Kamryn",Speedskating,not separately classified in source table,,False,pending_individual_verification,1-Year Suspension,announced,https://www.usada.org/sanction/independent-arbitrator-imposes-sanction-kamryn-lute/,True,True,kamryn lute,False,False
USADA,"Cooper, Cary",Track and Field,not separately classified in source table,,False,pending_individual_verification,2-Year Suspension; Loss of Results,announced,https://www.usada.org/sanction/cary-cooper-accepts-doping-sanction/,True,True,cary cooper,False,False
USADA,"Cappelozza, Bruno",Mixed Martial Arts,not separately classified in source table,,False,pending_individual_verification,1-Year Suspension,announced,https://www.usada.org/sanction/bruno-cappelozza-accepts-doping-sanction/,True,True,bruno cappelozza,False,False
USADA,"Maynard, Johnny",Track and Field,not separately classified in source table,,False,pending_individual_verification,3-Year Suspension; Loss of Results,announced,https://www.usada.org/sanction/johnny-maynard-accepts-doping-sanction/,True,True,johnny maynard,False,False
USADA,"de Oliveira, Uanderson Ferreira",Brazilian Jiu-Jitsu,not separately classified in source table,,False,pending_individual_verification,3-Month Suspension; Loss of Results,announced,https://www.usada.org/sanction/uanderson-ferreira-de-oliveira-accepts-doping-sanction/,True,True,de ferreira oliveira uanderson,False,False
USADA,"Smith, NaLyssa",Basketball,not separately classified in source table,,False,pending_individual_verification,Public Warning,announced,https://www.usada.org/sanction-public-warning/nalyssa-smith-accepts-public-warning/,True,True,nalyssa smith,False,False
USADA,"Saricam, Gokhan",Mixed Martial Arts,not separately classified in source table,,False,pending_individual_verification,1-Year Suspension,announced,https://www.usada.org/sanction/gokhan-saricam-accepts-doping-sanction/,True,True,gokhan saricam,False,False
USADA,*Name Removed,Artistic Swimming,not separately classified in source table,,False,pending_individual_verification,No Fault or Negligence,announced,,False,False,name removed,False,False
USADA,"Brinegar, Michael",Swimming,not separately classified in source table,,False,pending_individual_verification,4-Year Suspension; Loss of Results,announced,https://www.usada.org/sanction/michael-brinegar-receives-doping-sanction/,True,True,brinegar michael,False,False
USADA,"Roberts, Gil",Track and Field,not separately classified in source table,,False,pending_individual_verification,8-Year Suspension; Loss of Results,announced,https://www.usada.org/sanction/gil-roberts-receives-sanction-second-violation/,True,True,gil roberts,True,False
USADA,*Name Removed,Track and Field,not separately classified in source table,,False,pending_individual_verification,No Fault or Negligence,announced,,False,False,name removed,False,False
USADA,"Nicholson, Ella",Weightlifting,not separately classified in source table,,False,pending_individual_verification,Public Warning,announced,https://www.usada.org/sanction-public-warning/ella-nicholson-accepts-public-warning/,True,True,ella nicholson,False,False
USADA,"McMahon, Kensey",Swimming,not separately classified in source table,,False,pending_individual_verification,4-Year Suspension; Loss of Results,announced,https://www.usada.org/sanction/arbitrator-imposes-doping-sanction-kensey-mcmahon/,True,True,kensey mcmahon,False,False
USADA,"Johnson, Breezy",Skiing,not separately classified in source table,,False,pending_individual_verification,14-Month Suspension; Loss of Results,announced,https://www.usada.org/sanction/breezy-johnson-accepts-whereabouts-sanction/,True,True,breezy johnson,False,False
USADA,"Mauk, Joshua",Weightlifting,not separately classified in source table,,False,pending_individual_verification,3-Month Suspension; Loss of Results,announced,https://www.usada.org/sanction/joshua-mauk-accepts-doping-sanction/,True,True,joshua mauk,False,False
USADA,"Babet, Aaron",Weightlifting,not separately classified in source table,,False,pending_individual_verification,1-Month Suspension; Loss of Results,announced,https://www.usada.org/sanction/aaron-babet-accepts-doping-sanction/,True,True,aaron babet,False,False
USADA,"Porter, William",Powerlifting,not separately classified in source table,,False,pending_individual_verification,2-Year Suspension; Loss of Results,announced,https://www.usada.org/sanction/william-porter-receives-doping-sanction/,True,True,porter william,False,False
USADA,*Name Removed,Track and Field,not separately classified in source table,,False,pending_individual_verification,No Fault or Negligence,announced,,False,False,name removed,False,False
USADA,"Flournoy, Jaron",Track and Field,not separately classified in source table,,False,pending_individual_verification,3-Year Suspension; Loss of Results,announced,https://www.usada.org/sanction/jaron-flournoy-accepts-doping-sanction/,True,True,flournoy jaron,False,False
USADA,"Martinez Jr., Ruben",Weightlifting,not separately classified in source table,,False,pending_individual_verification,3-Month Suspension; Loss of Results,announced,https://www.usada.org/sanction/ruben-martinez-jr-accepts-doping-violation/,True,True,jr martinez ruben,False,False
USADA,"Tadic, Ilija",Para Swimming,not separately classified in source table,,False,pending_individual_verification,2-Year Suspension; Loss of Results,announced,https://www.usada.org/sanction/ilija-tadic-accepts-doping-sanction/,True,True,ilija tadic,False,False
USADA,"Lugo, Nathan",Boxing,not separately classified in source table,,False,pending_individual_verification,1-Month Suspension; Loss of Results,announced,https://www.usada.org/sanction/nathan-lugo-accepts-doping-violation/,True,True,lugo nathan,False,False
USADA,"Travieso, Frank",Cycling,not separately classified in source table,,False,pending_individual_verification,6-Month Suspension; Loss of Results,announced,https://www.usada.org/sanction/frank-travieso-accepts-doping-sanction/,True,True,frank travieso,False,False
USADA,"DesChamps, Christian",Cycling,not separately classified in source table,,False,pending_individual_verification,14-Month Suspension; Loss of Results,announced,https://www.usada.org/sanction/christian-deschamps-accepts-anti-doping-violation/,True,True,christian deschamps,False,False
USADA,"Kirby, Katelyn",Weightlifting,not separately classified in source table,,False,pending_individual_verification,3-Year Suspension; Loss of Results,announced,https://www.usada.org/sanction/katelyn-kirby-accepts-doping-sanction/,True,True,katelyn kirby,False,False
USADA,*Name Removed,Para Track and Field,not separately classified in source table,,False,pending_individual_verification,No Fault or Negligence,announced,,False,False,name removed,False,False
USADA,"Davis, Wyatt",Swimming,not separately classified in source table,,False,pending_individual_verification,3-Month Suspension; Loss of Results,announced,https://www.usada.org/sanction/wyatt-davis-accepts-doping-sanction/,True,True,davis wyatt,False,False
USADA,"Porfirio, Andre Luiz Novaes",Brazilian Jiu-Jitsu,not separately classified in source table,,False,pending_individual_verification,4-Year Suspension; Loss of Results,announced,https://www.usada.org/sanction/andre-luiz-novaes-porfirio-receives-doping-sanction/,True,True,andre luiz novaes porfirio,False,False
USADA,"Sundeen, Tyler",Field Hockey,not separately classified in source table,,False,pending_individual_verification,6-Month Suspension; Loss of Results,announced,https://www.usada.org/sanction/tyler-sundeen-accepts-doping-sanction/,True,True,sundeen tyler,False,False
USADA,"Pfuhler, Ina",Cycling,not separately classified in source table,,False,pending_individual_verification,2-Year Suspension; Loss of Results; Sanction tolled due to retirement,announced,https://www.usada.org/sanction/ina-pfuhler-accepts-doping-sanction/,True,True,ina pfuhler,False,False
USADA,"Rodriguez, Daniel",Mixed Martial Arts,not separately classified in source table,,False,pending_individual_verification,3-Month Suspenion,announced,https://www.usada.org/sanction/daniel-rodriguez-accepts-doping-sanction/,True,True,daniel rodriguez,False,False
USADA,"Park, Mariah",Weightlifting,not separately classified in source table,,False,pending_individual_verification,Public Warning,announced,https://www.usada.org/sanction/mariah-park-accepts-public-warning/,True,True,mariah park,False,False
USADA,"Frey, John",Cycling,not separately classified in source table,,False,pending_individual_verification,2-Year Suspension; Loss of Results,announced,https://www.usada.org/sanction/john-frey-accepts-doping-sanction/,True,True,frey john,False,False
USADA,"Jha, Kanak",Table Tennis,not separately classified in source table,,False,pending_individual_verification,1-Year Suspension; Loss of Results,announced,https://www.usada.org/sanction/kanak-jha-receives-doping-sanction/ | https://www.usada.org/sanction/arbitrator-confirms-kanak-jha-violated-provisional-suspension/,True,True,jha kanak,False,False
USADA,"Forrest, Evan",Weightlifting,not separately classified in source table,,False,pending_individual_verification,3-Year Suspension; Loss of Results,announced,https://www.usada.org/sanction/evan-forrest-accepts-doping-sanction/,True,True,evan forrest,False,False
USADA,*Name Removed,Para Alpine Skiing,not separately classified in source table,,False,pending_individual_verification,No Fault or Negligence,announced,,False,False,name removed,False,False
USADA,"Cutro-Kelly, Nina",Judo,not separately classified in source table,,False,pending_individual_verification,2-Year Suspension; Loss of Results,announced,https://www.usada.org/sanction/nina-cutro-kelly-accepts-doping-sanction/,True,True,cutro kelly nina,False,False
USADA,"Saint Preux, Ovince",Mixed Martial Arts,not separately classified in source table,,False,pending_individual_verification,6-Month Suspension,announced,https://www.usada.org/sanction/ovince-saint-preux-accepts-second-doping-sanction/,True,True,ovince preux saint,False,False
USADA,"Wilson, Alyssa",Track and Field,not separately classified in source table,,False,pending_individual_verification,Public Warning,announced,https://www.usada.org/sanction/alyssa-wilson-accepts-public-warning/,True,True,alyssa wilson,False,False
USADA,"Casey, Cortney",Mixed Martial Arts,not separately classified in source table,,False,pending_individual_verification,4-Month Suspension,announced,https://www.usada.org/sanction/cortney-casey-accepts-doping-sanction/,True,True,casey cortney,False,False
USADA,"Taylor, Zach",Powerlifting,not separately classified in source table,,False,pending_individual_verification,3-Month Suspension; Loss of Results,announced,https://www.usada.org/sanction/zach-taylor-accepts-doping-sanction/,True,True,taylor zach,False,False
USADA,"Ostrander, Allison",Track and Field,not separately classified in source table,,False,pending_individual_verification,4-Month Suspension; Loss of Results,announced,https://www.usada.org/sanction/track-field/allison-ostrander-accepts-doping-sanction/,True,True,allison ostrander,False,False
USADA,"Berry, Gwen",Track and Field,not separately classified in source table,,False,pending_individual_verification,16-Month Suspension; Loss of Results,announced,https://www.usada.org/sanction/gwendolyn-berry-accepts-second-doping-violation/,True,True,berry gwen,False,False
USADA,"Whitham, Roger",Cycling,not separately classified in source table,,False,pending_individual_verification,3-Year Suspension; Loss of Results,announced,https://www.usada.org/sanction/roger-whitham-accepts-doping-sanction/,True,True,roger whitham,False,False
USADA,"Olsen, Chad",Weightlifting,not separately classified in source table,,False,pending_individual_verification,3-Year Suspension; Loss of Results,announced,https://www.usada.org/sanction/chad-olen-accepts-doping-sanction/,True,True,chad olsen,False,False
USADA,"Murphy, Toccata",Track and Field,not separately classified in source table,,False,pending_individual_verification,8-Month Suspension,announced,https://www.usada.org/sanction/toccata-murphy-doping-sanction/,True,True,murphy toccata,False,False
USADA,"Smith, Braxton",Mixed Martial Arts,not separately classified in source table,,False,pending_individual_verification,2-Year Suspension,announced,https://www.usada.org/sanction/braxton-smith-accepts-doping-sanction,True,True,braxton smith,False,False
USADA,"Bracy, Addie",Track and Field,not separately classified in source table,,False,pending_individual_verification,Public Warning,announced,https://www.usada.org/sanction/addie-bracy-accepts-public-warning/,True,True,addie bracy,False,False
USADA,"De Souza, Jose",Mixed Martial Arts,not separately classified in source table,,False,pending_individual_verification,2-Year Suspension,announced,https://www.usada.org/sanction/jose-de-souza-accepts-doping-sanction/,True,True,de jose souza,False,False
USADA,"Brim, Katerina",Paralympic Cycling,not separately classified in source table,,False,pending_individual_verification,1-Year Suspension; Loss of Results,announced,https://www.usada.org/sanction/katerina-brim-accepts-doping-sanction/,True,True,brim katerina,False,False
USADA,"Corrigan, Lindsey",Taekwondo,not separately classified in source table,,False,pending_individual_verification,2-Year Suspension; Loss of Results,announced,https://www.usada.org/sanction/lindsey-corrigan-accepts-doping-sanction/,True,True,corrigan lindsey,False,False
USADA,"Clark, Breanna",Paralympic Track and Field,not separately classified in source table,,False,pending_individual_verification,Public Warning,announced,https://www.usada.org/sanction/breanna-clark-accepts-public-warning/,True,True,breanna clark,False,False
USADA,"Marquez, Marc",Weightlifting,not separately classified in source table,,False,pending_individual_verification,3-Month Suspension; Loss of Results,announced,https://www.usada.org/sanction/marc-marquez-accepts-doping-sanction/,True,True,marc marquez,False,False
USADA,"Dowling, Andrea",Weightlifting,not separately classified in source table,,False,pending_individual_verification,3-Year Suspension; Loss of Results,announced,https://www.usada.org/sanction/andrea-dowling-accepts-doping-sanction/,True,True,andrea dowling,False,False
USADA,"Davis-Woodhall, Tara",Track and Field,not separately classified in source table,,False,pending_individual_verification,1-Month Suspension; Loss of Results,announced,https://www.usada.org/sanction/tara-davis-woodhall-accepts-doping-sanction/,True,True,davis tara woodhall,False,False
USADA,"Schober, Zachary",Weightlifting,not separately classified in source table,,False,pending_individual_verification,4-Year Suspension; Loss of Results,announced,https://www.usada.org/sanction/zachary-schobert-receives-doping-sanction/,True,True,schober zachary,False,False
USADA,"Willey, Quentin",Bobsled,not separately classified in source table,,False,pending_individual_verification,3-Year Suspension; Loss of Results,announced,https://www.usada.org/sanction/quentin-willey-accepts-doping-sanction/,True,True,quentin willey,False,False
USADA,"McPherson, Inika",Track and Field,not separately classified in source table,,False,pending_individual_verification,16-Month Suspension; Loss of Results,announced,https://www.usada.org/sanction/inika-mcpherson-receives-doping-sanction/,True,True,inika mcpherson,False,False
USADA,"Burdick, Tyler",Paralympic Snowboarding,not separately classified in source table,,False,pending_individual_verification,3-Year Suspension; Loss of Results,announced,https://www.usada.org/sanction/tyler-burdick-accepts-doping-sanction/,True,True,burdick tyler,False,False
USADA,"Galvão, Micael",Brazilian Jiu-Jitsu,not separately classified in source table,,False,pending_individual_verification,1-Year Suspension; Loss of Results,announced,https://www.usada.org/uncategorized/micael-galvao-accepts-doping-sanction/,True,True,galvao micael,False,False
USADA,"Scavilla, Robert",Weightlifting,not separately classified in source table,,False,pending_individual_verification,4-Year Suspension; Loss of Results,announced,https://www.usada.org/sanction/robert-scavilla-receives-doping-sanction/,True,True,robert scavilla,False,False
USADA,"Oliver, Jordan",Wrestling,not separately classified in source table,,False,pending_individual_verification,2-Year Suspension; Loss of Results,announced,https://www.usada.org/sanction/jordan-oliver-accepts-second-doping-sanction/,True,True,jordan oliver,False,False
USADA,"Saunders, Raven",Track and Field,not separately classified in source table,,False,pending_individual_verification,18-Month Suspension; Loss of Results,announced,https://www.usada.org/sanction/raven-saunders-accepts-doping-sanction/,True,True,raven saunders,False,False
USADA,"da Costa Feliz, Igor Nascimento",Brazilian Jiu-Jitsu,not separately classified in source table,,False,pending_individual_verification,3-Year Suspension; Loss of Results,announced,https://www.usada.org/sanction/five-brazilian-jiu-jitsu-athletes-accept-doping-sanctions/,True,True,costa da feliz igor nascimento,False,False
USADA,"da Silva, Jonnatas Gracie Araujo",Brazilian Jiu-Jitsu,not separately classified in source table,,False,pending_individual_verification,3-Year Suspension; Loss of Results,announced,https://www.usada.org/sanction/five-brazilian-jiu-jitsu-athletes-accept-doping-sanctions/,True,True,araujo da gracie jonnatas silva,False,False
USADA,"de Abreu Filho, Roberto",Brazilian Jiu-Jitsu,not separately classified in source table,,False,pending_individual_verification,3-Year Suspension; Loss of Results,announced,https://www.usada.org/sanction/five-brazilian-jiu-jitsu-athletes-accept-doping-sanctions/,True,True,abreu de filho roberto,False,False
USADA,"Cardoso, José Henrique",Brazilian Jiu-Jitsu,not separately classified in source table,,False,pending_individual_verification,3-Year Suspension; Loss of Results,announced,https://www.usada.org/sanction/five-brazilian-jiu-jitsu-athletes-accept-doping-sanctions/,True,True,cardoso henrique jose,False,False
USADA,"Rocha, S. Vagner",Brazilian Jiu-Jitsu,not separately classified in source table,,False,pending_individual_verification,3-Year Suspension; Loss of Results,announced,https://www.usada.org/sanction/five-brazilian-jiu-jitsu-athletes-accept-doping-sanctions/,True,True,rocha s vagner,False,False
USADA,*Name Removed,Cycling,not separately classified in source table,,False,pending_individual_verification,No Fault or Negligence,announced,,False,False,name removed,False,False
USADA,"Witte, Keiser",Weightlifting,not separately classified in source table,,False,pending_individual_verification,1-Month Suspension; Loss of Results,announced,https://www.usada.org/sanction/keiser-witte-accepts-doping-sanction/,True,True,keiser witte,False,False
USADA,"do Carmo Mota, Carlos",Mixed Martial Arts,not separately classified in source table,,False,pending_individual_verification,2-Year Suspension,announced,https://www.usada.org/sanction/carlos-do-carmo-mota-accepts-sanction/,True,True,carlos carmo do mota,False,False
USADA,"Echeverri, Alejandra",Cycling,not separately classified in source table,,False,pending_individual_verification,1-Year Suspension; Loss of Results,announced,https://www.usada.org/sanction/alejandra-echeverri-accepts-doping-sanction/,True,True,alejandra echeverri,False,False
USADA,"Abdelwahab, Hamdy",Mixed Martial Arts,not separately classified in source table,,False,pending_individual_verification,2-Year Suspension,announced,https://www.usada.org/sanction/hamdy-abdelwahab-accepts-doping-sanction/,True,True,abdelwahab hamdy,False,False
USADA,"Montañez Barroso, Elias",Cycling,not separately classified in source table,,False,pending_individual_verification,4-Year Suspension; Loss of Results,announced,https://www.usada.org/sanction/elias-montanez-barroso-doping-sanction/,True,True,barroso elias montanez,False,False
USADA,"Ruiz-Gutierrez, Noslen",Cycling,not separately classified in source table,,False,pending_individual_verification,4-Year Suspension; Loss of Results,announced,https://www.usada.org/sanction/noslen-ruiz-gutierrez-doping-sanction/,True,True,gutierrez noslen ruiz,False,False
USADA,"Roberts, Gil",Track and Field,not separately classified in source table,,False,pending_individual_verification,16-Month Suspension; Loss of Results,announced,https://www.usada.org/sanction/gil-roberts-accepts-doping-sanction/,True,True,gil roberts,True,False
USADA,"Andrew, Sidney",Cycling,not separately classified in source table,,False,pending_individual_verification,1-Year Suspension; Loss of Results,announced,https://www.usada.org/sanction/sidney-andrew-accepts-doping-sanction/,True,True,andrew sidney,False,False
USADA,"Rodriguez Ocasio, Christian",Weightlifting,not separately classified in source table,,False,pending_individual_verification,1-Year Suspension; Loss of Results,announced,https://www.usada.org/sanction/christian-rodriguez-ocasio-accepts-doping-sanction/,True,True,christian ocasio rodriguez,False,False
USADA,"Scherf, Lindsey",Track and Field,not separately classified in source table,,False,pending_individual_verification,4-Year Suspension; Loss of Results; Sanction tolled due to retirement,announced,https://www.usada.org/sanction/lindsey-scherf-accepts-doping-sanction/,True,True,lindsey scherf,False,False
USADA,"Mead, Hassan",Track and Field,not separately classified in source table,,False,pending_individual_verification,3-Year Suspension; Loss of Results; Sanction tolled due to retirement,announced,https://www.usada.org/sanction/hassan-mead-accepts-doping-sanction/,True,True,hassan mead,False,False
USADA,"Evans, Aja",Bobsled,not separately classified in source table,,False,pending_individual_verification,2-Year Suspension; Loss of Results,announced,https://www.usada.org/sanction/aja-evans-accepts-doping-sanction/,True,True,aja evans,False,False
USADA,"Scantling, Garrett",Track and Field,not separately classified in source table,,False,pending_individual_verification,3-Year Suspension; Loss of Results,announced,https://www.usada.org/sanction/garrett-scantling-accepts-doping-violation/,True,True,garrett scantling,False,False
USADA,"Skoog, Arika",Boxing,not separately classified in source table,,False,pending_individual_verification,1-Year Suspension; Loss of Results,announced,https://www.usada.org/sanction/arika-skoog-accepts-doping-sanction/,True,True,arika skoog,False,False
USADA,"Navarrete, Rene",Weightlifting,not separately classified in source table,,False,pending_individual_verification,3-Month Suspension; Loss of Results,announced,https://www.usada.org/sanction/rene-navarrete-accepts-doping-sanction/,True,True,navarrete rene,False,False
USADA,"Green, Bobby",Mixed Martial Arts,not separately classified in source table,,False,pending_individual_verification,6-Month Suspension,announced,https://www.usada.org/sanction/bobby-green-accepts-doping-sanction/,True,True,bobby green,False,False
USADA,"Guimarães, Catarina",Para Track and Field,not separately classified in source table,,False,pending_individual_verification,Public Warning,announced,https://www.usada.org/sanction/catarina-guimaraes-accepts-public-warning/,True,True,catarina guimaraes,False,False
USADA,"Bringas, Joshua",Weightlifting,not separately classified in source table,,False,pending_individual_verification,3-Year Suspension; Loss of Results,announced,https://www.usada.org/sanction/joshua-bringas-accepts-doping-sanction/,True,True,bringas joshua,False,False
USADA,"Zaleski dos Santos, Elizeu",Mixed Martial Arts,not separately classified in source table,,False,pending_individual_verification,1-Year Suspension,announced,https://www.usada.org/sanction/elizeu-zaleski-dos-santos-accepts-doping-sanction/,True,True,dos elizeu santos zaleski,False,False
USADA,"Ray, Olivia",Cycling,not separately classified in source table,,False,pending_individual_verification,30-Month Suspension; Loss of Results,announced,https://www.usada.org/sanction/olivia-ray-accepts-doping-sanction/,True,True,olivia ray,False,False
USADA,"Browne, Richard",Para Track and Field,not separately classified in source table,,False,pending_individual_verification,3-Month Suspension; Loss of Results,announced,https://www.usada.org/sanction/richard-browne-accepts-doping-sanction/,True,True,browne richard,False,False
USADA,"Hearn, Timothy",Weightlifting,not separately classified in source table,,False,pending_individual_verification,3-Year Suspension; Loss of Results,announced,https://www.usada.org/sanction/timothy-hearn-accepts-doping-sanction/,True,True,hearn timothy,False,False
USADA,"Trujillo, Nelson",Cycling,not separately classified in source table,,False,pending_individual_verification,12-Year Suspension; Loss of Results; Sanction tolled due to retirement,announced,https://www.usada.org/sanction/nelson-trujillo-accepts-doping-sanction/,True,True,nelson trujillo,False,False
USADA,"Jordan, Clint",Weightlifting,not separately classified in source table,,False,pending_individual_verification,4-Year Suspension; Loss of Results,announced,https://www.usada.org/sanction/clint-jordan-receives-doping-sanction/,True,True,clint jordan,False,False
USADA,"Coleman, Ellis",Wrestling,not separately classified in source table,,False,pending_individual_verification,24-Month Suspension; Loss of Results,announced,https://www.usada.org/sanction/ellis-coleman-receives-doping-sanction/,True,True,coleman ellis,False,False
USADA,"Walker, Gregory",Para Track and Field,not separately classified in source table,,False,pending_individual_verification,3-Month Suspension; Loss of Results,announced,https://www.usada.org/sanction/gregory-walker-accepts-doping-sanction/,True,True,gregory walker,False,False
USADA,"Hattingh, Riekert",Rugby,not separately classified in source table,,False,pending_individual_verification,6-Month Suspension; Loss of Results,announced,https://www.usada.org/sanction/riekert-hattingh-accepts-doping-sanction/,True,True,hattingh riekert,False,False
USADA,"Nash, Jackson ""Huntley""",Cycling,not separately classified in source table,,False,pending_individual_verification,Lifetime Suspension; Loss of Results,announced,https://www.usada.org/sanction/jackson-huntley-nash-receives-doping-sanction/,True,True,huntley jackson nash,False,False
USADA,"Howes, Lucas",Cycling,not separately classified in source table,,False,pending_individual_verification,3-Month Suspension; Loss of Results,announced,https://www.usada.org/sanction/lucas-howes-accepts-doping-sanction/,True,True,howes lucas,False,False
USADA,"Johns, Miles",Mixed Martial Arts,not separately classified in source table,,False,pending_individual_verification,Public Warning,announced,https://www.usada.org/sanction/miles-johns-accepts-public-warning/,True,True,johns miles,False,False
USADA,"Struxness, Wyatt",Boccia,not separately classified in source table,,False,pending_individual_verification,Public Warning,announced,https://www.usada.org/sanction/wyatt-struxness-accepts-public-warning/,True,True,struxness wyatt,False,False
USADA,"Pena, Felipe",Brazilian Jiu-Jitsu,not separately classified in source table,,False,pending_individual_verification,1-Year Suspension; Loss of Results,announced,https://www.usada.org/sanction/felipe-pena-second-doping-violation/,True,True,felipe pena,False,False
USADA,"Allen, Sabina",Track and Field,not separately classified in source table,,False,pending_individual_verification,4-Year Suspension; Loss of Results,announced,https://www.usada.org/sanction/rodchenkov-act-sanction-sabina-allen/,True,True,allen sabina,False,False
USADA,"Monastyrskyi, Andrii",Canoe,not separately classified in source table,,False,pending_individual_verification,3-Year Suspension; Loss of Results,announced,https://www.usada.org/sanction/andrii-monastyrskyi-accepts-doping-sanction/,True,True,andrii monastyrskyi,False,False
USADA,"Kynard, Erik",Track and Field,not separately classified in source table,,False,pending_individual_verification,6-Month Suspension,announced,https://www.usada.org/sanction/erik-kynard-accepts-doping-sanction/,True,True,erik kynard,False,False
USADA,"Evans-Smith, Ashlee",Mixed Martial Arts,not separately classified in source table,,False,pending_individual_verification,14-Month Suspension,announced,https://www.usada.org/sanction/ashlee-evans-smith-accepts-doping-sanction/,True,True,ashlee evans smith,False,False
USADA,"Blanchfield, Erin",Mixed Martial Arts,not separately classified in source table,,False,pending_individual_verification,Public Warning,announced,https://www.usada.org/sanction/erin-blanchfield-accepts-public-warning/,True,True,blanchfield erin,False,False
USADA,"Downing, Tricia",Para Shooting,not separately classified in source table,,False,pending_individual_verification,2-Year Suspension,announced,https://www.usada.org/sanction/tricia-downing-receives-sanction-aaa-arbitrator/,True,True,downing tricia,False,False
USADA,"Irizarry, Ana",Track and Field,not separately classified in source table,,False,pending_individual_verification,3-Year Suspension; Loss of Results,announced,https://www.usada.org/sanction/ana-irizarry-accepts-doping-sanction/,True,True,ana irizarry,False,False
USADA,"Valdes, Hanncer",Cycling,not separately classified in source table,,False,pending_individual_verification,4-Year Suspension; Loss of Results,announced,https://www.usada.org/sanction/hanncer-valdes-receives-doping-sanction/,True,True,hanncer valdes,False,False
USADA,"Graham, Taylor",Wheelchair Tennis,not separately classified in source table,,False,pending_individual_verification,4-Year Suspension; Loss of Results,announced,https://www.usada.org/sanction/taylor-graham-receives-four-year-sanction-aaa/,True,True,graham taylor,False,False
USADA,"Borrego Lee, Geony",Cycling,not separately classified in source table,,False,pending_individual_verification,3-Year Suspension; Loss of Results,announced,https://www.usada.org/sanction/geony-borrego-accepts-doping-sanction/,True,True,borrego geony lee,False,False
USADA,"Gormley, Isabel",Swimming,not separately classified in source table,,False,pending_individual_verification,1-Year Suspension; Loss of Results,announced,https://www.usada.org/sanction/isabel-gormley-accepts-doping-sanction/,True,True,gormley isabel,False,False
USADA,"McKay, Dryden",Ice Hockey,not separately classified in source table,,False,pending_individual_verification,6-Month Suspension; Loss of Results,announced,https://www.usada.org/sanction/dryden-mckay-accepts-doping-sanction/,True,True,dryden mckay,False,False
USADA,"Summerhill, Daniel",Cycling,not separately classified in source table,,False,pending_individual_verification,1-Year Suspension; Loss of Results,announced,https://www.usada.org/sanction/daniel-summerhill-accepts-doping-sanction/,True,True,daniel summerhill,False,False
USADA,"Abers, Brian",Cycling,not separately classified in source table,,False,pending_individual_verification,1-Year Suspension; Loss of Results,announced,https://www.usada.org/sanction/brian-abers-accepts-doping-sanction/,True,True,abers brian,False,False
USADA,"Palmer, Ahje",Weightlifting,not separately classified in source table,,False,pending_individual_verification,1-Month Suspension; Loss of Results,announced,https://www.usada.org/sanction/ahje-palmer-accepts-doping-sanction/,True,True,ahje palmer,False,False
USADA,"Lazishvili, Zviad",Mixed Martial Arts,not separately classified in source table,,False,pending_individual_verification,10-Month Suspension,announced,https://www.usada.org/sanction/zviad-lazishvili-accepts-doping-sanction/,True,True,lazishvili zviad,False,False
USADA,"Prempeh, Ernest",Weightlifting,not separately classified in source table,,False,pending_individual_verification,4-Year Suspension; Loss of Results; Sanction tolled due to retirement; Additional 4-year Suspension,announced,https://www.usada.org/sanction/ernest-prempeh-accepts-doping-sanction/ | https://www.usada.org/sanction/ernest-prempeh-bernabe-chavez-accept-sanctions/,True,True,ernest prempeh,False,False
USADA,"Chavez, Bernabe",Weightlifting,not separately classified in source table,,False,pending_individual_verification,4-Year Suspension,announced,https://www.usada.org/sanction/ernest-prempeh-bernabe-chavez-accept-sanctions/,True,True,bernabe chavez,False,False
USADA,"Wilson, Ian",Weightlifting,not separately classified in source table,,False,pending_individual_verification,3-Year Suspension; Loss of Results,announced,https://www.usada.org/sanction/ian-wilson-accepts-doping-sanction/,True,True,ian wilson,False,False
USADA,"Ngetich, Eliud",Track and Field,not separately classified in source table,,False,pending_individual_verification,1-Year Suspension; Loss of Results,announced,https://www.usada.org/sanction/eliud-ngetich-accepts-doping-sanction-2/ | https://www.usada.org/sanction/eliud-ngetich-accepts-updated-sanction/,True,True,eliud ngetich,False,False
USADA,"Prazeres, Michel",Mixed Martial Arts,not separately classified in source table,,False,pending_individual_verification,4-Year Suspension,announced,https://www.usada.org/sanction/michel-prazeres-accepts-second-doping-sanction/,True,True,michel prazeres,False,False
USADA,"Bowlby, Grace",Ice Hockey,not separately classified in source table,,False,pending_individual_verification,Public Warning,announced,https://www.usada.org/sanction/grace-bowlby-accepts-public-warning/,True,True,bowlby grace,False,False
USADA,"Lampkin, Trey",Paralympic Judo,not separately classified in source table,,False,pending_individual_verification,Public Warning,announced,https://www.usada.org/sanction/trey-lampkin-accepts-public-warning/,True,True,lampkin trey,False,False
USADA,"Wethington, Madeline",Ice Hockey,not separately classified in source table,,False,pending_individual_verification,Public Warning,announced,https://www.usada.org/sanction/madeline-wethington-accepts-public-warning/,True,True,madeline wethington,False,False
USADA,"Adel, Jordan",Weightlifting,not separately classified in source table,,False,pending_individual_verification,3-Year Suspension; Loss of Results,announced,https://www.usada.org/sanction/jordan-adel-accepts-doping-sanction/,True,True,adel jordan,False,False
USADA,"Webb, Noah",Triathlon,not separately classified in source table,,False,pending_individual_verification,4-Year Suspension; Loss of Results,announced,https://www.usada.org/sanction/noah-webb-accepts-doping-sanction/,True,True,noah webb,False,False
USADA,"Benoit, Ryan",Mixed Martial Arts,not separately classified in source table,,False,pending_individual_verification,10-Month Suspension,announced,https://www.usada.org/sanction/ryan-benoit-accepts-doping-sanction/,True,True,benoit ryan,False,False
USADA,"Tran, Hillary",Weightlifting,not separately classified in source table,,False,pending_individual_verification,1-Year Suspension; Loss of Results,announced,https://www.usada.org/sanction/hillary-tran-accepts-doping-sanction/,True,True,hillary tran,False,False
USADA,"Daniels, Jamaal",Paralympic Track and Field,not separately classified in source table,,False,pending_individual_verification,4-Year Suspension,announced,https://www.usada.org/sanction/jamaal-daniels-accepts-doping-sanction/,True,True,daniels jamaal,False,False
USADA,"Jackson, Desmond",Paralympic Track and Field,not separately classified in source table,,False,pending_individual_verification,14-Month Suspension; Loss of Results,announced,https://www.usada.org/sanction/desmond-jackson-receives-doping-sanction/,True,True,desmond jackson,False,False
USADA,"Augusto de Freitas, Geraldo",Mixed Martial Arts,not separately classified in source table,,False,pending_individual_verification,2-Year Suspension,announced,https://www.usada.org/sanction/geraldo-augusto-de-freitas-receives-two-year-sanction/,True,True,augusto de freitas geraldo,False,False
USADA,"McWhirter, Matt",Cycling,not separately classified in source table,,False,pending_individual_verification,4-Year Suspension; Loss of Results,announced,https://www.usada.org/sanction/matt-mcwhirter-accepts-doping-sanction/,True,True,matt mcwhirter,False,False
USADA,"Lacoste, Jacob",Weightlifting,not separately classified in source table,,False,pending_individual_verification,3-Year Suspension; Loss of Results,announced,https://www.usada.org/sanction/jacob-lacoste-accepts-doping-sanction/,True,True,jacob lacoste,False,False
USADA,"Bontorin, Rogerio",Mixed Martial Arts,not separately classified in source table,,False,pending_individual_verification,3-Month Suspension,announced,https://www.usada.org/sanction/rogerio-bontorin-accepts-doping-sanction/,True,True,bontorin rogerio,False,False
USADA,"Prince, McAben",Cycling,not separately classified in source table,,False,pending_individual_verification,4-Year Suspension; Loss of Results,announced,https://www.usada.org/sanction/mcaben-receives-doping-sanction/,True,True,mcaben prince,False,False
USADA,"Butterworth, Andrew",Weightlifting,not separately classified in source table,,False,pending_individual_verification,7-Year Suspension; Loss of Results; Sanction tolled due to retirement,announced,https://www.usada.org/sanction/andrew-butterworth-accepts-second-doping-violation/,True,True,andrew butterworth,False,False
USADA,"Shakirova, Liliya",Mixed Martial Arts,not separately classified in source table,,False,pending_individual_verification,2-Year Suspension,announced,https://www.usada.org/sanction/liliya-shakirova-accepts-doping-sanction/,True,True,liliya shakirova,False,False
USADA,"Buckley, Christian",Weightlifting,not separately classified in source table,,False,pending_individual_verification,3-Year Suspension - Loss of Results,announced,https://www.usada.org/sanction/christian-buckley-accepts-doping-sanction/,True,True,buckley christian,False,False
USADA,"Compton, Katherine",Cycling,not separately classified in source table,,False,pending_individual_verification,4-Year Suspension; Loss of Results,announced,https://www.usada.org/sanction/katherine-compton-accepts-doping-sanction/,True,True,compton katherine,False,False
USADA,"Hancock, Regina",Weightlifting,not separately classified in source table,,False,pending_individual_verification,4-Year Suspension; Loss of Results,announced,https://www.usada.org/sanction/regina-hancock-accepts-doping-sanction/,True,True,hancock regina,False,False
USADA,"Storie, Logan",Pentathlon,not separately classified in source table,,False,pending_individual_verification,6-Year Suspension; Second Violation - Sanction was tolled due to retirement; Unretired so is eligible to compete starting 12/31/2026,announced,https://www.usada.org/sanction/logan-storie-accepts-doping-sanction/,True,True,logan storie,False,False
USADA,"Alvis, Juancamilo Ronderos",Mixed Martial Arts,not separately classified in source table,,False,pending_individual_verification,1-Month Suspension,announced,https://www.usada.org/sanction/juancamilo-ronderos-alvis-accepts-doping-sanction/,True,True,alvis juancamilo ronderos,False,False
USADA,"Richardson, Sha'Carri",Track and Field,not separately classified in source table,,False,pending_individual_verification,1-Month Suspension; Loss of Results,announced,https://www.usada.org/sanction/shacarri-richardson-accepts-doping-sanction/,True,True,carri richardson sha,True,False
USADA,"Nelson, James",Weightlifting,not separately classified in source table,,False,pending_individual_verification,4-Year Suspension; Loss of Results,announced,https://www.usada.org/sanction/aaa-arbitrator-sanction-james-nelson/,True,True,james nelson,False,False
USADA,"Prince, David",Paralympic Track and Field,not separately classified in source table,,False,pending_individual_verification,1-Year Suspension; Loss of Results,announced,https://www.usada.org/sanction/david-prince-accepts-doping-sanction/,True,True,david prince,False,False
USADA,"Koch, Erik",Mixed Martial Arts,not separately classified in source table,,False,pending_individual_verification,18-Month Suspension,announced,https://www.usada.org/sanction/erik-koch-accepts-doping-sanction/,True,True,erik koch,False,False
USADA,"Sisson, Josh",Paralympic Judo,not separately classified in source table,,False,pending_individual_verification,4-Year Suspension; Loss of Results,announced,https://www.usada.org/sanction/josh-sisson-receives-doping-sanction/,True,True,josh sisson,False,False
USADA,"Gallardo, Luis",Weightlifting,not separately classified in source table,,False,pending_individual_verification,4-Year Suspension; Loss of Results,announced,https://www.usada.org/sanction/luis-gallardo-receives-doping-sanction/,True,True,gallardo luis,False,False
USADA,"Montgomery, Kahmari",Track and Field,not separately classified in source table,,False,pending_individual_verification,1-Month Suspension; Loss of Results,announced,https://www.usada.org/sanction/kahmari-montgomery-accepts-doping-sanction/,True,True,kahmari montgomery,False,False
USADA,"Gehm, Zach",Track and Field,not separately classified in source table,,False,pending_individual_verification,2-Year Suspension; Loss of Results; Additional 3 months of suspension,announced,https://www.usada.org/sanction/zach-gehm-accepts-doping-sanction/ | https://www.usada.org/sanction/zach-gehm-accepts-additional-ineligibility/,True,True,gehm zach,False,False
USADA,"Pearson, Keir",Rowing,not separately classified in source table,,False,pending_individual_verification,Lifetime Suspension,announced,https://www.usada.org/sanction/keir-pearson-accepts-doping-sanction/,True,True,keir pearson,False,False
USADA,"Piechota, Oskar",Mixed Martial Arts,not separately classified in source table,,False,pending_individual_verification,22-Month Suspension,announced,https://www.usada.org/sanction/oskar-piechota-accepts-doping-sanction/,True,True,oskar piechota,False,False
USADA,"Pessoa Nunes, Raphael",Mixed Martial Arts,not separately classified in source table,,False,pending_individual_verification,2-Year Suspension,announced,https://www.usada.org/sanction/raphael-pessoa-nunes-accepts-second-doping-sanction/,True,True,nunes pessoa raphael,False,False
USADA,"Jackson, Tate",Swimming,not separately classified in source table,,False,pending_individual_verification,1-Month Suspension; Loss of Results,announced,https://www.usada.org/sanction/tate-jackson-accepts-sanction/,True,True,jackson tate,False,False
USADA,"Koehly, Rebekah",Weightlifting,not separately classified in source table,,False,pending_individual_verification,20-Month Suspension; Loss of Results,announced,https://www.usada.org/sanction/rebekah-koehly-accepts-doping-sanction/,True,True,koehly rebekah,False,False
USADA,"Aivazian, Vahe",Cycling,not separately classified in source table,,False,pending_individual_verification,4-Year Suspension; Loss of Results,announced,https://www.usada.org/sanction/vahe-aivazian-accepts-doping-sanction/,True,True,aivazian vahe,False,False
USADA,"Igbokwe, Obichukwu",Track and Field,not separately classified in source table,,False,pending_individual_verification,30-Month Suspension; Loss of Results,announced,https://www.usada.org/sanction/obichukwu-igbokwe-accepts-doping-sanction/,True,True,igbokwe obichukwu,False,False
USADA,"Burkett, Richard",Paralympic Archery,not separately classified in source table,,False,pending_individual_verification,15-Month Suspension; Loss of Results,announced,https://www.usada.org/sanction/richard-burkett-accepts-doping-sanction/,True,True,burkett richard,False,False
USADA,"Ellis, James",Weightlifting,not separately classified in source table,,False,pending_individual_verification,6-Month Suspension; Loss of Results,announced,https://www.usada.org/sanction/james-ellis-accepts-doping-sanction/,True,True,ellis james,False,False
USADA,"Thomas, Lorenzo",Rugby,not separately classified in source table,,False,pending_individual_verification,4-Year Suspension; Loss of Results,announced,https://www.usada.org/sanction/aaa-arbitrator-imposes-sanction-lorenzo-thomas/,True,True,lorenzo thomas,False,False
USADA,"Azaitar, Abu",Mixed Martial Arts,not separately classified in source table,,False,pending_individual_verification,7-Month Suspension,announced,https://www.usada.org/sanction/abu-azaitar-accepts-doping-sanction/,True,True,abu azaitar,False,False
USADA,"Pennington, Raquel",Mixed Martial Arts,not separately classified in source table,,False,pending_individual_verification,6-Month Suspension,announced,https://www.usada.org/sanction/raquel-pennington-accepts-doping-sanction/,True,True,pennington raquel,False,False
USADA,"Ewell, Andre",Mixed Martial Arts,not separately classified in source table,,False,pending_individual_verification,Public Warning,announced,https://www.usada.org/sanction/andre-ewell-receives-public-warning/,True,True,andre ewell,False,False
USADA,"Santanna, Eduarda Neves",Mixed Martial Arts,not separately classified in source table,,False,pending_individual_verification,1-Year Suspension,announced,https://www.usada.org/sanction/eduarda-neves-santanna-receives-doping-sanction/,True,True,eduarda neves santanna,False,False
USADA,"Castro, Vinicius Moreira",Mixed Martial Arts,not separately classified in source table,,False,pending_individual_verification,Public Warning,announced,https://www.usada.org/sanction/vinicius-moreira-castro-receives-public-warning/,True,True,castro moreira vinicius,False,False
USADA,"Hisaka, Scott",Weightlifting,not separately classified in source table,,False,pending_individual_verification,4-Year Suspension; Loss of Results,announced,https://www.usada.org/sanction/scott-hisaka-accepts-doping-sanction/,True,True,hisaka scott,False,False
USADA,*Name Removed,Track and Field,not separately classified in source table,,False,pending_individual_verification,No Fault or Negligence,announced,,False,False,name removed,False,False
USADA,"Blocker, Jasmine",Track and Field,not separately classified in source table,,False,pending_individual_verification,Public Warning,announced,https://www.usada.org/sanction/jasmine-blocker-accepts-public-warning,True,True,blocker jasmine,False,False
USADA,"Munsell, Megan",Weightlifting,not separately classified in source table,,False,pending_individual_verification,4-Year Suspension; Loss of Results,announced,https://www.usada.org/sanction/megan-munsell-accepts-doping-sanction/,True,True,megan munsell,False,False
USADA,*Name Removed,Archery,not separately classified in source table,,False,pending_individual_verification,No Fault or Negligence,announced,,False,False,name removed,False,False
USADA,"Williams, Susanne",Weightlifting,not separately classified in source table,,False,pending_individual_verification,4-Year Suspension; Loss of Results,announced,https://www.usada.org/sanction/susanne-williams-accepts-doping-sanction/,True,True,susanne williams,False,False
USADA,"Pelegrin, Robert",Cycling,not separately classified in source table,,False,pending_individual_verification,1-Year Suspension; Loss of Results,announced,https://www.usada.org/sanction/robert-pelegrin-accepts-doping-sanction/,True,True,pelegrin robert,False,False
USADA,"Lewis-Parry, Chi",Mixed Martial Arts,not separately classified in source table,,False,pending_individual_verification,4-Year Suspension,announced,https://www.usada.org/sanction/chi-lewis-parry-receives-doping-sanction-arbitrator/,True,True,chi lewis parry,False,False
USADA,"Barriault, Marc-Andre",Mixed Martial Arts,not separately classified in source table,,False,pending_individual_verification,6-Month Suspension,announced,https://www.usada.org/sanction/marc-andre-barriault-accepts-doping-sanction/,True,True,andre barriault marc,False,False
USADA,"Rodriguez, Yair",Mixed Martial Arts,not separately classified in source table,,False,pending_individual_verification,6-Month Suspension,announced,https://www.usada.org/sanction/yair-rodriguez-accepts-sanction-anti-doping-policy-violation/,True,True,rodriguez yair,False,False
USADA,"McLaughlin, Anthony",Weightlifting,not separately classified in source table,,False,pending_individual_verification,4-Year Suspension; Loss of Results,announced,https://www.usada.org/sanction/anthony-mclaughlin-receives-doping-sanction/,True,True,anthony mclaughlin,False,False
USADA,"Pessoa Nunes, Raphael",Mixed Martial Arts,not separately classified in source table,,False,pending_individual_verification,1-Year Suspension,announced,https://www.usada.org/sanction/raphael-pessoa-nunes-accepts-doping-sanction/,True,True,nunes pessoa raphael,False,False
USADA,"Fiechter, Olivia",Squash,not separately classified in source table,,False,pending_individual_verification,Public Warning,announced,https://www.usada.org/sanction/olivia-fiechter-accepts-public-warning/,True,True,fiechter olivia,False,False
USADA,"Ronson, Jesse",Mixed Martial Arts,not separately classified in source table,,False,pending_individual_verification,20-Month Suspension,announced,https://www.usada.org/sanction/jesse-ronson-accepts-doping-sanction/,True,True,jesse ronson,False,False
USADA,"Hipona, Alissandra",Weightlifting,not separately classified in source table,,False,pending_individual_verification,2-Year Suspension; Loss of Results,announced,https://www.usada.org/sanction/alissandra-hipona-accepts-doping-sanction/,True,True,alissandra hipona,False,False
USADA,"Hudson, Ryan",Weightlifting,not separately classified in source table,,False,pending_individual_verification,8-Year Suspension; Loss of Results,announced,https://www.usada.org/sanction/ryan-hudson-accept-doping-sanction-second-violation/ | https://www.usada.org/sanction/ryan-hudson-accepts-increased-sanction-second-violation/,True,True,hudson ryan,False,False
USADA,"Bey, Kamal",Wrestling,not separately classified in source table,,False,pending_individual_verification,1-Year Suspension; Loss of Results,announced,https://www.usada.org/sanction/kamal-bey-accepts-whereabouts-sanction/,True,True,bey kamal,False,False
USADA,*Name Removed,Paralympic Triathlon,not separately classified in source table,,False,pending_individual_verification,No Fault or Negligence,announced,,False,False,name removed,False,False
USADA,"Sherman, Chase",Mixed Martial Arts,not separately classified in source table,,False,pending_individual_verification,9-Month Suspension,announced,https://www.usada.org/sanction/chase-sherman-accepts-doping-sanction/,True,True,chase sherman,False,False
USADA,"Paparella, Flavia",Cycling,not separately classified in source table,,False,pending_individual_verification,6-Month Suspension; Loss of Results - Sanction Reduced,announced,https://www.usada.org/sanction/flavia-paparella-accepts-second-doping-sanction/ | https://www.usada.org/sanction/flavia-paparella-granted-reduced-sanction/,True,True,flavia paparella,False,False
USADA,"Martin, Jeff",Cycling,not separately classified in source table,,False,pending_individual_verification,2-Year Suspension; Loss of Results,announced,https://www.usada.org/sanction/jeff-martin-accepts-doping-sanction/,True,True,jeff martin,False,False
USADA,"Millican, Morgan",Weightlifting,not separately classified in source table,,False,pending_individual_verification,2-Year Suspension; Loss of Results,announced,https://www.usada.org/sanction/morgan-millican-accepts-doping-sanction/,True,True,millican morgan,False,False
USADA,"Harroufi, Ridouane",Track and Field,not separately classified in source table,,False,pending_individual_verification,8-Year Suspension; Loss of Results,announced,https://www.usada.org/sanction/ridouane-harroufi-accepts-second-doping-sanction/,True,True,harroufi ridouane,False,False
USADA,"Fritzen Procopio, Lara",Mixed Martial Arts,not separately classified in source table,,False,pending_individual_verification,6-Month Suspension,announced,https://www.usada.org/sanction/lara-fritzen-procopio-accepts-doping-sanction/,True,True,fritzen lara procopio,False,False
USADA,"McCullough, Matthew",Weightlifting,not separately classified in source table,,False,pending_individual_verification,20-Month Suspension; Loss of Results,announced,https://www.usada.org/sanction/matthew-mccullough-accepts-doping-sanction/,True,True,matthew mccullough,False,False
USADA,"Gonzalez Villa, Jorge",Mixed Martial Arts,not separately classified in source table,,False,pending_individual_verification,2-Year Suspension,announced,https://www.usada.org/sanction/jorge-gonzalez-villa-accepts-doping-sanction/,True,True,gonzalez jorge villa,False,False
USADA,"Wood, Jonathan",Cycling,not separately classified in source table,,False,pending_individual_verification,2-Year Suspension; Loss of Results,announced,https://www.usada.org/sanction/jonathan-wood-accepts-doping-sanction/,True,True,jonathan wood,False,False
USADA,"Parlor, Tiffany",Weightlifting,not separately classified in source table,,False,pending_individual_verification,4-Year Suspension; Loss of Results,announced,https://www.usada.org/sanction/tiffany-parlor-recieves-doping-violation/,True,True,parlor tiffany,False,False
USADA,"Fix, Daton",Wrestling,not separately classified in source table,,False,pending_individual_verification,1-Year Suspension; Loss of Results,announced,https://www.usada.org/sanction/aaa-panel-imposes-doping-sanction-daton-fix/,True,True,daton fix,False,False
USADA,"Doskalchuk, Oleksandr",Mixed Martial Arts,not separately classified in source table,,False,pending_individual_verification,14-Month Suspension,announced,https://www.usada.org/sanction/oleksandr-doskalchuk-accepts-doping-sanction/,True,True,doskalchuk oleksandr,False,False
USADA,"Murdock, Vince",Mixed Martial Arts,not separately classified in source table,,False,pending_individual_verification,20-Month Suspension - Sanction Reduced,announced,https://www.usada.org/sanction/vince-murdock-accepts-doping-sanction/ | https://www.usada.org/sanction/vince-murdock-receives-reduced-sanction/,True,True,murdock vince,False,False
USADA,"Gicquel, Barbara",Cycling,not separately classified in source table,,False,pending_individual_verification,1-Year Suspension; Loss of Results,announced,https://www.usada.org/sanction/barbara-gicquel-accepts-doping-sanction-2/,True,True,barbara gicquel,False,False
USADA,"Dombrovskiy, Vladyslav",Wrestling,not separately classified in source table,,False,pending_individual_verification,4-Year Suspension; Loss of Results,announced,https://www.usada.org/sanction/vladyslav-dombrovskiy-accepts-doping-sanction/,True,True,dombrovskiy vladyslav,False,False
USADA,"Melendez, Gilbert",Mixed Martial Arts,not separately classified in source table,,False,pending_individual_verification,2-Year Suspension,announced,https://www.usada.org/sanction/arbitrator-imposes-two-year-sanction-gilbert-melendez/,True,True,gilbert melendez,False,False
USADA,"Rante, Danielle",Weightlifting,not separately classified in source table,,False,pending_individual_verification,4-Year Suspension; Loss of Results - Sanction Reduced,announced,https://www.usada.org/sanction/danielle-rante-accepts-doping-sanction/ | https://www.usada.org/sanction/danielle-rante-reduced-sanction/,True,True,danielle rante,False,False
USADA,"Woolsey, Taff",Weightlifting,not separately classified in source table,,False,pending_individual_verification,2-Year Suspension; Loss of Results,announced,https://www.usada.org/sanction/taff-woolsey-accepts-doping-sanction/,True,True,taff woolsey,False,False
USADA,"Castille, Kevin",Track and Field,not separately classified in source table,,False,pending_individual_verification,4-Year Suspension; Loss of Results,announced,https://www.usada.org/sanction/kevin-castille-accepts-doping-sanction/,True,True,castille kevin,False,False
USADA,"Prusmack, Jeff",Weightlifting,not separately classified in source table,,False,pending_individual_verification,4-Year Suspension; Loss of Results,announced,https://www.usada.org/sanction/jeff-prusmack-accepts-doping-sanction/,True,True,jeff prusmack,False,False
USADA,"Alonso, Leynier",Cycling,not separately classified in source table,,False,pending_individual_verification,4-Year Suspension; Loss of Results,announced,https://www.usada.org/sanction/leynier-alonso-receives-doping-sanction/,True,True,alonso leynier,False,False
USADA,"Arruda da Silva, Bruno",Mixed Martial Arts,not separately classified in source table,,False,pending_individual_verification,2-Year Suspension,announced,https://www.usada.org/sanction/bruno-arruda-da-silva-receives-doping-sanction-arbitrator/,True,True,arruda bruno da silva,False,False
USADA,"Ostovich-Berdon, Rachael",Mixed Martial Arts,not separately classified in source table,,False,pending_individual_verification,1-Year Suspension,announced,https://www.usada.org/sanction/rachael-ostovich-berdon-accepts-doping-sanction/,True,True,berdon ostovich rachael,False,False
USADA,*Name Removed,Boxing,not separately classified in source table,,False,pending_individual_verification,No Fault or Negligence,announced,,False,False,name removed,False,False
USADA,*Name Removed,Softball,not separately classified in source table,,False,pending_individual_verification,No Fault or Negligence,announced,,False,False,name removed,False,False
USADA,"Glanville, Justin",Weightlifting,not separately classified in source table,,False,pending_individual_verification,4-Year Suspension; Loss of Results,announced,https://www.usada.org/sanction/justin-glanville-accepts-doping-sanction/,True,True,glanville justin,False,False
USADA,"Walsh, Cole",Track and Field,not separately classified in source table,,False,pending_individual_verification,6-Month Suspension with 3-Month Deferral; Loss of Results,announced,https://www.usada.org/sanction/cole-walsh-accepts-doping-sanction/,True,True,cole walsh,False,False
USADA,"Romero Noboa, Isidro",Triathlon,not separately classified in source table,,False,pending_individual_verification,4-Year Suspension; Loss of Results,announced,https://www.usada.org/sanction/isidro-romero-noboa-accepts-doping-sanction/,True,True,isidro noboa romero,False,False
USADA,"Gastelum, Kelvin",Mixed Martial Arts,not separately classified in source table,,False,pending_individual_verification,9-Month Suspension with 5-Month Deferral,announced,https://www.usada.org/sanction/kelvin-gastelum-accepts-sanction-second-doping-violation/,True,True,gastelum kelvin,False,False
USADA,"Ortiz, Robert",Weightlifting,not separately classified in source table,,False,pending_individual_verification,1-Year Suspension with 6-Month Deferral; Loss of Results,announced,https://www.usada.org/sanction/robert-ortiz-accepts-doping-sanction-2/,True,True,ortiz robert,False,False
USADA,"Hurst, Rowdy",Weightlifting,not separately classified in source table,,False,pending_individual_verification,4-Year Suspension; Loss of Results,announced,https://www.usada.org/sanction/rowdy-hurst-receives-doping-sanction/,True,True,hurst rowdy,False,False
USADA,"Saccente, Nicholas",Weightlifting,not separately classified in source table,,False,pending_individual_verification,8-Year Suspension; Loss of Results; Sanction tolled due to retirement,announced,https://www.usada.org/sanction/nicholas-saccente-receives-second-doping-violation-sanction/,True,True,nicholas saccente,False,False
USADA,"Penchel, Lucas",Mixed Martial Arts,not separately classified in source table,,False,pending_individual_verification,2-Year Suspension,announced,https://www.usada.org/sanction/lucas-penchel-accepts-doping-sanction/,True,True,lucas penchel,False,False
USADA,"Gleaves, John",Cycling,not separately classified in source table,,False,pending_individual_verification,4-Year Suspension; Loss of Results,announced,https://www.usada.org/sanction/john-gleaves-accepts-doping-sanction/,True,True,gleaves john,False,False
USADA,"Bond, Daniel",Cycling,not separately classified in source table,,False,pending_individual_verification,4-Year Suspension; Loss of Results,announced,https://www.usada.org/sanction/aaa-panel-imposes-sanction-daniel-bond/,True,True,bond daniel,False,False
USADA,"Aguero, Manuel",Weightlifting,not separately classified in source table,,False,pending_individual_verification,4-Year Suspension; Loss of Results,announced,https://www.usada.org/sanction/manuel-aguero-receives-doping-sanction/,True,True,aguero manuel,False,False
USADA,*Name Removed,Paralympic Track and Field,not separately classified in source table,,False,pending_individual_verification,No Fault or Negligence,announced,,False,False,name removed,False,False
USADA,"Jones, Addison",Weightlifting,not separately classified in source table,,False,pending_individual_verification,6-Month Suspension with 3-Month Deferral; Loss of Results,announced,https://www.usada.org/sanction/addison-jones-accepts-doping-violation/,True,True,addison jones,False,False
USADA,"Penne, Jessica",Mixed Martial Arts,not separately classified in source table,,False,pending_individual_verification,20-Month Suspension,announced,https://www.usada.org/sanction/jessica-penne-accepts-doping-sanction-second-violation/,True,True,jessica penne,False,False
USADA,"de Padua, Isabela",Mixed Martial Arts,not separately classified in source table,,False,pending_individual_verification,2-Year Suspension,announced,https://www.usada.org/sanction/isabela-de-padua-accepts-doping-sanction/,True,True,de isabela padua,False,False
USADA,"Strange, Robert",Weightlifting,not separately classified in source table,,False,pending_individual_verification,1-Year Suspension; Loss of Results,announced,https://www.usada.org/sanction/robert-strange-accepts-doping-sanction/,True,True,robert strange,False,False
USADA,"Prazeres, Michel",Mixed Martial Arts,not separately classified in source table,,False,pending_individual_verification,2-Year Suspension,announced,https://www.usada.org/sanction/michel-prazeres-accepts-doping-sanction/,True,True,michel prazeres,False,False
USADA,"Duarte, Kaynan",Brazilian Jiu-Jitsu,not separately classified in source table,,False,pending_individual_verification,1-Year Suspension,announced,https://www.usada.org/sanction/kaynan-duarte-accepts-doping-sanction/,True,True,duarte kaynan,False,False
USADA,"Saint Preux, Ovince",Mixed Martial Arts,not separately classified in source table,,False,pending_individual_verification,3-Month Suspension,announced,https://www.usada.org/sanction/ovince-saint-preux-accepts-doping-sanction/,True,True,ovince preux saint,False,False
USADA,"Sanchez, Diego",Mixed Martial Arts,not separately classified in source table,,False,pending_individual_verification,3-Month Suspension,announced,https://www.usada.org/sanction/diego-sanchez-accepts-doping-sanction/,True,True,diego sanchez,False,False
USADA,"Werdum, Fabricio",Mixed Martial Arts,not separately classified in source table,,False,pending_individual_verification,2-Year Suspension - Sanction Reduced,announced,https://www.usada.org/sanction/fabricio-werdum-receives-doping-sanction/ | https://ufc.usada.org/fabricio-werdum-granted-reduced-doping-sanction/,True,True,fabricio werdum,False,False
USADA,"O'Malley, Sean",Mixed Martial Arts,not separately classified in source table,,False,pending_individual_verification,6-Month Suspension,announced,https://www.usada.org/sanction/sean-omalley-accepts-sanction-second-doping-violation/,True,True,malley o sean,False,False
USADA,"Townsend, Dequan",Mixed Martial Arts,not separately classified in source table,,False,pending_individual_verification,6-Month Suspension,announced,https://www.usada.org/sanction/dequan-townsend-accepts-doping-sanction/,True,True,dequan townsend,False,False
USADA,"Dumala, Samantha",Waterskiing,not separately classified in source table,,False,pending_individual_verification,Public Warning,announced,https://www.usada.org/sanction/samantha-dumala-accepts-public-warning/,True,True,dumala samantha,False,False
USADA,"Dreaver, Ted",Weightlifting,not separately classified in source table,,False,pending_individual_verification,39-Month Suspension; Loss of Results,announced,https://www.usada.org/sanction/ted-dreaver-accepts-doping-sanction/,True,True,dreaver ted,False,False
USADA,"Martinez, Cristofer",Weightlifting,not separately classified in source table,,False,pending_individual_verification,2-Year Suspension; Loss of Results,announced,https://www.usada.org/sanction/cristofer-martinez-accepts-doping-sanction/,True,True,cristofer martinez,False,False
USADA,"Taha, Khalid",Mixed Martial Arts,not separately classified in source table,,False,pending_individual_verification,1-Year Suspension,announced,https://www.usada.org/sanction/khalid-taha-accepts-doping-sanction/,True,True,khalid taha,False,False
USADA,"Glasgow, Scott",Weightlifting,not separately classified in source table,,False,pending_individual_verification,4-Year Suspension,announced,https://www.usada.org/sanction/scott-glasgow-accepts-doping-sanction/,True,True,glasgow scott,False,False
USADA,"Merrell, Miranda",Weightlifting,not separately classified in source table,,False,pending_individual_verification,2-Year Suspension; Loss of Results,announced,https://www.usada.org/sanction/miranda-merrell-accepts-doping-sanction/,True,True,merrell miranda,False,False
USADA,"Cachoeira Gomes da Silva, Priscila",Mixed Martial Arts,not separately classified in source table,,False,pending_individual_verification,4-Month Suspension,announced,https://www.usada.org/sanction/priscila-cachoeira-gomes-da-silva-accepts-doping-sanction/,True,True,cachoeira da gomes priscila silva,False,False
USADA,"Gochenour, Alexandria",Track and Field,not separately classified in source table,,False,pending_individual_verification,4-Year Suspension; Loss of Results,announced,https://www.usada.org/sanction/alexandria-gochenour-accepts-doping-sanction/,True,True,alexandria gochenour,False,False
USADA,"Shafer, Janelle",Weightlifting,not separately classified in source table,,False,pending_individual_verification,4-Year Suspension; Loss of Results,announced,https://www.usada.org/sanction/janelle-shafer-accepts-doping-sanction/,True,True,janelle shafer,False,False
USADA,"Jones, Stirley",Paralympic Track and Field,not separately classified in source table,,False,pending_individual_verification,4-Year Suspension; Loss of Results,announced,https://www.usada.org/sanction/aaa-panel-imposes-doping-sanction-for-stirley-jones/ | https://www.usada.org/sanction/cas-upholds-four-year-sanction-stirley-jones/,True,True,jones stirley,False,False
USADA,"Hay, Amy",Weightlifting,not separately classified in source table,,False,pending_individual_verification,2-Year Suspension; Loss of Results; Sanction Reduced; Unretired - Eligible to compete starting 07/25/2020,announced,https://www.usada.org/sanction/aaa-panel-imposes-doping-sanction-amy-hay/ | https://www.usada.org/sanction/amy-hay-granted-reduced-sanction-doping/,True,True,amy hay,False,False
USADA,"Letellier, Lawrence",Weightlifting,not separately classified in source table,,False,pending_individual_verification,2-Year Suspension; Loss of Results,announced,https://www.usada.org/sanction/lawrence-letellier-accepts-doping-sanction/,True,True,lawrence letellier,False,False
USADA,*Name Removed,Weightlifting,not separately classified in source table,,False,pending_individual_verification,4-Year Suspension; Loss of Results,announced,,False,False,name removed,False,False
USADA,"Nunez, Erik",Weightlifting,not separately classified in source table,,False,pending_individual_verification,4-Year Suspension; Loss of Results,announced,https://www.usada.org/sanction/erik-nunez-accepts-doping-sanction/,True,True,erik nunez,False,False
USADA,"Anderson, Kaley",Weightlifting,not separately classified in source table,,False,pending_individual_verification,4-Year Suspension; Loss of Results,announced,https://www.usada.org/sanction/kaley-anderson-accept-doping-sanction/,True,True,anderson kaley,False,False
USADA,"Nunes Souza, Istela Iane",Mixed Martial Arts,not separately classified in source table,,False,pending_individual_verification,2-Year Suspension,announced,https://www.usada.org/sanction/istela-iane-nunes-souza-accepts-doping-sanction/,True,True,iane istela nunes souza,False,False
USADA,"Y Frederico Salvador de Lemos, Giacomo",Mixed Martial Arts,not separately classified in source table,,False,pending_individual_verification,2-Year Suspension,announced,https://www.usada.org/sanction/giacomo-lemos-accepts-doping-sanction/,True,True,de frederico giacomo lemos salvador y,False,False
USADA,"Arte, John Allan",Mixed Martial Arts,not separately classified in source table,,False,pending_individual_verification,1-Year Suspension,announced,https://www.usada.org/sanction/john-allan-arte-accepts-doping-sanction/,True,True,allan arte john,False,False
USADA,"Gatto Regonha, Melissa",Mixed Martial Arts,not separately classified in source table,,False,pending_individual_verification,1-Year Suspension,announced,https://www.usada.org/sanction/melissa-gatto-regonha-accepts-doping-sanction/,True,True,gatto melissa regonha,False,False
USADA,"Kurth, Ty",Cycling,not separately classified in source table,,False,pending_individual_verification,2-Year Suspension; Loss of Results,announced,https://www.usada.org/sanction/ty-kurth-accepts-doping-sanction/,True,True,kurth ty,False,False
USADA,"Dwyer, Conor",Swimming,not separately classified in source table,,False,pending_individual_verification,20-Month Suspension; Loss of Results; Sanction tolled due to retirement,announced,https://www.usada.org/sanction/aaa-panel-imposes-20-month-sanction-on-swimming-athlete-conor-dwyer/,True,True,conor dwyer,False,False
USADA,"Franklin, Natalie",Weightlifting,not separately classified in source table,,False,pending_individual_verification,4-Year Suspension; Loss of Results,announced,https://www.usada.org/sanction/natalie-franklin-receives-doping-sanction/,True,True,franklin natalie,False,False
USADA,"Allison, Kyler",Bobsled and Skeleton,not separately classified in source table,,False,pending_individual_verification,4-Year Suspension; Loss of Results; Sanction tolled due to retirement,announced,https://www.usada.org/sanction/kyler-allison-receives-doping-sanction/,True,True,allison kyler,False,False
USADA,"Davis, Todd",Track and Field,not separately classified in source table,,False,pending_individual_verification,4-Year Suspension; Loss of Results,announced,https://www.usada.org/sanction/todd-davis-receives-doping-sanction/,True,True,davis todd,False,False
USADA,"Cano, Josue",Weightlifting,not separately classified in source table,,False,pending_individual_verification,4-Year Suspension; Loss of Results; Sanction tolled due to retirement,announced,https://www.usada.org/sanction/josue-cano-receives-doping-sanction/,True,True,cano josue,False,False
USADA,"Salazar, Alberto",Track and Field,not separately classified in source table,,False,pending_individual_verification,4-Year Suspension,announced,https://www.usada.org/sanction/aaa-panel-4-year-sanctions-alberto-salazar-jeffrey-brown/,True,True,alberto salazar,False,False
USADA,"Brown, Jeffrey",Track and Field,not separately classified in source table,,False,pending_individual_verification,4-Year Suspension,announced,https://www.usada.org/sanction/aaa-panel-4-year-sanctions-alberto-salazar-jeffrey-brown/,True,True,brown jeffrey,False,False
USADA,"Carlberg, Angela",Weightlifting,not separately classified in source table,,False,pending_individual_verification,Public Warning,announced,https://www.usada.org/sanction/angela-carlberg-accepts-public-warning/,True,True,angela carlberg,False,False
USADA,"Branch, David",Mixed Martial Arts,not separately classified in source table,,False,pending_individual_verification,2-Year Suspension,announced,https://www.usada.org/sanction/david-branch-receives-doping-sanction/,True,True,branch david,False,False
USADA,"Frota Lima, Sarah",Mixed Martial Arts,not separately classified in source table,,False,pending_individual_verification,2-Year Suspension,announced,https://www.usada.org/sanction/sarah-frota-lima-accepts-doping-sanction/,True,True,frota lima sarah,False,False
USADA,"Smolyakov, Dmitry",Mixed Martial Arts,not separately classified in source table,,False,pending_individual_verification,2-Year Suspension; Sanction tolled due to retirement,announced,https://www.usada.org/sanction/Dmitry-Smolyakov-accepts-doping-sanction/,True,True,dmitry smolyakov,False,False
USADA,"Goss, Lauren",Triathlon,not separately classified in source table,,False,pending_individual_verification,6-Month Suspension; Loss of Results,announced,https://www.usada.org/sanction/lauren-goss-accepts-doping-sanction/,True,True,goss lauren,False,False
USADA,"Maynard, Nicole",Weightlifting,not separately classified in source table,,False,pending_individual_verification,4-Year Suspension; Loss of Results,announced,https://www.usada.org/sanction/nicole-maynard-receives-doping-sanction/,True,True,maynard nicole,False,False
USADA,"Gouti, Thibault",Mixed Martial Arts,not separately classified in source table,,False,pending_individual_verification,6-Month Suspension,announced,https://www.usada.org/sanction/thibault-gouti-accepts-doping-sanction/,True,True,gouti thibault,False,False
USADA,"Dollaway, CB",Mixed Martial Arts,not separately classified in source table,,False,pending_individual_verification,2-Year Suspension,announced,https://www.usada.org/sanction/cb-dollaway-accepts-doping-sanction/,True,True,cb dollaway,False,False
USADA,"Dolidze, Roman",Mixed Martial Arts,not separately classified in source table,,False,pending_individual_verification,1-Year Suspension,announced,https://www.usada.org/sanction/roman-dolidze-accepts-doping-sanction/,True,True,dolidze roman,False,False
USADA,"Bond, Michael",Powerlifting,not separately classified in source table,,False,pending_individual_verification,4-Year Suspension; Loss of Results,announced,https://www.usada.org/sanction/michael-bond-accepts-doping-sanction/,True,True,bond michael,False,False
USADA,"Orbon, Joane",Karate,not separately classified in source table,,False,pending_individual_verification,9-Month Suspension; Loss of Results,announced,https://www.usada.org/sanction/joane-obon-accepts-doping-sanction/,True,True,joane orbon,False,False
USADA,"Licon, William",Swimming,not separately classified in source table,,False,pending_individual_verification,Public Warning,announced,https://www.usada.org/sanction/william-licon-accepts-public-warning/,True,True,licon william,False,False
USADA,"Schafer, Mallory",Triathlon,not separately classified in source table,,False,pending_individual_verification,10-Month Suspension,announced,https://www.usada.org/sanction/mallory-schafer-accepts-doping-sanction/,True,True,mallory schafer,False,False
USADA,"Galloway, Jacqueline",Taekwondo,not separately classified in source table,,False,pending_individual_verification,6-Month Suspension,announced,https://www.usada.org/sanction/jacqueline-galloway-accepts-doping-sanction/,True,True,galloway jacqueline,False,False
USADA,"Amedovski, Alen",Mixed Martial Arts,not separately classified in source table,,False,pending_individual_verification,6-Month Suspension with 3-Month Deferral,announced,https://www.usada.org/sanction/alen-amedovski-accepts-doping-sanction/,True,True,alen amedovski,False,False
USADA,"Sacklow, Joe",Weightlifting,not separately classified in source table,,False,pending_individual_verification,4-Year Suspension; Loss of Results,announced,https://www.usada.org/sanction/joe-sacklow-accepts-doping-sanction/,True,True,joe sacklow,False,False
USADA,"Warren, Darcie",Weightlifting,not separately classified in source table,,False,pending_individual_verification,8-Year Suspension; Loss of Results,announced,https://www.usada.org/sanction/darcie-warren-receives-doping-sanction/,True,True,darcie warren,False,False
USADA,"Shtyrkov, Ivan",Mixed Martial Arts,not separately classified in source table,,False,pending_individual_verification,2-Year Suspension,announced,https://www.usada.org/sanction/ivan-shtyrkov-accepts-doping-sanction/,True,True,ivan shtyrkov,False,False
USADA,"Le, Talina",Taekwondo,not separately classified in source table,,False,pending_individual_verification,18-Month Suspension; Loss of Results,announced,https://www.usada.org/sanction/talina-le-accepts-doping-sanction/,True,True,le talina,False,False
USADA,"Mosley, Mandy",Weightlifting,not separately classified in source table,,False,pending_individual_verification,16-Month Suspension; Loss of Results,announced,https://www.usada.org/sanction/mandy-mosely-accepts-doping-sanction/,True,True,mandy mosley,False,False
USADA,"Hu, Yaozong",Mixed Martial Arts,not separately classified in source table,,False,pending_individual_verification,10-Month Suspension,announced,https://www.usada.org/sanction/yaozong-hu-accepts-doping-sanction/,True,True,hu yaozong,False,False
USADA,"Gorgees, Alex",Mixed Martial Arts,not separately classified in source table,,False,pending_individual_verification,16-Month Suspension,announced,https://www.usada.org/sanction/alex-gorgees-accepts-doping-sanction/,True,True,alex gorgees,False,False
USADA,"Waterstraat, Elizabeth",Triathlon,not separately classified in source table,,False,pending_individual_verification,6-Month Suspension; Loss of Results,announced,https://www.usada.org/sanction/elizabeth-waterstraat-accepts-doping-sanction/,True,True,elizabeth waterstraat,False,False
USADA,"Porfirio de Araùjo, Tayane",Brazilian Jiu-Jitsu,not separately classified in source table,,False,pending_individual_verification,4-Year Suspension; Loss of Results,announced,https://www.usada.org/sanction/tayane-porfirio-de-araujo-accepts-doping-sanction/,True,True,araujo de porfirio tayane,False,False
USADA,"Omar, Mohamed",Weightlifting,not separately classified in source table,,False,pending_individual_verification,2-Year Suspension; Loss of Results;,announced,https://www.usada.org/sanction/mohamed-omar-receives-doping-sanction/,True,True,mohamed omar,False,False
USADA,"Ribas, Amanda",Mixed Martial Arts,not separately classified in source table,,False,pending_individual_verification,2-Year Suspension - Sanction Reduced,announced,https://www.usada.org/sanction/amanda-ribas-accepts-doping-sanction/ | https://www.usada.org/sanction/amanda-ribas-granted-a-reduced-sanction/,True,True,amanda ribas,False,False
USADA,"Tisinger-Ledkins, Janel",Racquetball,not separately classified in source table,,False,pending_individual_verification,16-Month Suspension; Loss of Results,announced,https://www.usada.org/sanction/janel-tisinger-ledkins-accepts-doping-sanction/,True,True,janel ledkins tisinger,False,False
USADA,"Costa, Carlos",Mixed Martial Arts,not separately classified in source table,,False,pending_individual_verification,6-Month Suspension,announced,https://www.usada.org/sanction/paulo-costa-and-carlos-costa-accept-doping-sanctions/,True,True,carlos costa,False,False
USADA,"Costa, Paulo",Mixed Martial Arts,not separately classified in source table,,False,pending_individual_verification,6-Month Suspension,announced,https://www.usada.org/sanction/paulo-costa-and-carlos-costa-accept-doping-sanctions/,True,True,costa paulo,False,False
USADA,"Montano, Nicco",Mixed Martial Arts,not separately classified in source table,,False,pending_individual_verification,6-Month Suspension,announced,https://www.usada.org/sanction/usada-resolves-four-ostarine-cases-under-ufc-anti-doping-policy/,True,True,montano nicco,False,False
USADA,"O'Malley, Sean",Mixed Martial Arts,not separately classified in source table,,False,pending_individual_verification,6-Month Suspension,announced,https://www.usada.org/sanction/usada-resolves-four-ostarine-cases-under-ufc-anti-doping-policy/,True,True,malley o sean,False,False
USADA,"Vettori, Marvin",Mixed Martial Arts,not separately classified in source table,,False,pending_individual_verification,6-Month Suspension,announced,https://www.usada.org/sanction/usada-resolves-four-ostarine-cases-under-ufc-anti-doping-policy/,True,True,marvin vettori,False,False
USADA,"Mendes, Augusto",Mixed Martial Arts,not separately classified in source table,,False,pending_individual_verification,6-Month Suspension,announced,https://www.usada.org/sanction/usada-resolves-four-ostarine-cases-under-ufc-anti-doping-policy/,True,True,augusto mendes,False,False
USADA,"Harris, Walt",Mixed Martial Arts,not separately classified in source table,,False,pending_individual_verification,4-Month Suspension,announced,https://www.usada.org/sanction/walt-harris-accepts-doping-sanction/,True,True,harris walt,False,False
USADA,*Name Removed,Paralympic Cycling,not separately classified in source table,,False,pending_individual_verification,No Fault or Negligence,announced,,False,False,name removed,False,False
USADA,"Taisumov, Mairbek",Mixed Martial Arts,not separately classified in source table,,False,pending_individual_verification,6-Month Suspension,announced,https://www.usada.org/sanction/mairbek-taisumov-accepts-doping-sanction/,True,True,mairbek taisumov,False,False
USADA,"Dillashaw, TJ",Mixed Martial Arts,not separately classified in source table,,False,pending_individual_verification,2-Year Suspension,announced,https://www.usada.org/sanction/tj-dillashaw-accepts-doping-sanction/,True,True,dillashaw tj,True,False
USADA,"Murzakanov, Azamat",Mixed Martial Arts,not separately classified in source table,,False,pending_individual_verification,2-Year Suspension,announced,https://www.usada.org/sanction/azamat-murzakanov-accepts-doping-sanction/,True,True,azamat murzakanov,False,False
USADA,"Magomedov, Ruslan",Mixed Martial Arts,not separately classified in source table,,False,pending_individual_verification,Lifetime Suspension; Second & Third Violations,announced,https://www.usada.org/sanction/ruslan-magomedov-receives-lifetime-sanction-after-additional-violations/,True,True,magomedov ruslan,False,False
USADA,"Baratto, Joseph",Cycling,not separately classified in source table,,False,pending_individual_verification,1-Year Suspension; Loss of Results,announced,https://www.usada.org/sanction/joseph-baratto-accepts-doping-sanction/,True,True,baratto joseph,False,False
USADA,*Name Removed,Paralympic Track and Field,not separately classified in source table,,False,pending_individual_verification,No Fault or Negligence,announced,,False,False,name removed,False,False
USADA,"Logan, Devin",Skiing,not separately classified in source table,,False,pending_individual_verification,6-Month Suspension with 3-Month Deferral - Loss of Results,announced,https://www.usada.org/sanction/devin-logan-accepts-doping-sanction/,True,True,devin logan,False,False
USADA,"Schenk, Cheyenne",Weightlifting,not separately classified in source table,,False,pending_individual_verification,6-Month Suspension with 3-Month Deferral - Loss of Results,announced,https://www.usada.org/sanction/cheyenne-schenk-accepts-doping-sanction/,True,True,cheyenne schenk,False,False
USADA,"Murtazaliev, Khalid",Mixed Martial Arts,not separately classified in source table,,False,pending_individual_verification,2-Year Suspension,announced,https://www.usada.org/sanction/khalid-murtazaliev-accepts-doping-sanction/,True,True,khalid murtazaliev,False,False
USADA,"Collier, Jake",Mixed Martial Arts,not separately classified in source table,,False,pending_individual_verification,10-Month Suspension,announced,https://www.usada.org/sanction/jake-collier-accepts-doping-sanction/,True,True,collier jake,False,False
USADA,"Sorensen, Ira",Cycling,not separately classified in source table,,False,pending_individual_verification,2-Year Suspension; Loss of Results,announced,https://www.usada.org/sanction/ira-sorenson-accepts-doping-sanction/,True,True,ira sorensen,False,False
USADA,"Pate, Jennifer",Cycling,not separately classified in source table,,False,pending_individual_verification,4-Year Suspension; Loss of Results,announced,https://www.usada.org/sanction/jennifer-pate-accepts-doping-sanction/,True,True,jennifer pate,False,False
USADA,"Campbell, Rachel",Weightlifting,not separately classified in source table,,False,pending_individual_verification,4-Year Suspension; Loss of Results; Sanction tolled due to retirement,announced,https://www.usada.org/sanction/rachel-campbell-receives-doping-sanction/,True,True,campbell rachel,False,False
USADA,"Cuicchi, Trevor",Weightlifting,not separately classified in source table,,False,pending_individual_verification,9-Month Suspension; Loss of Results,announced,https://www.usada.org/sanction/trevor-cuicchi-accepts-doping-sanction/,True,True,cuicchi trevor,False,False
USADA,"Juneau Scott, Cory",Skateboarding,not separately classified in source table,,False,pending_individual_verification,6-Month Suspension with 3-Month Deferral - Loss of Results,announced,https://www.usada.org/sanction/cory-scott-juneau-accepts-doping-sanction/,True,True,cory juneau scott,False,False
USADA,"Carrillo, Michel",Cycling,not separately classified in source table,,False,pending_individual_verification,4-Year Suspension; Loss of Results,announced,https://www.usada.org/sanction/michel-carrillo-receives-doping-sanction/,True,True,carrillo michel,False,False
USADA,"Maia, Jennifer",Mixed Martial Arts,not separately classified in source table,,False,pending_individual_verification,6-Month Suspension,announced,https://www.usada.org/sanction/jennifer-maia-accepts-doping-sanction/,True,True,jennifer maia,False,False
USADA,"Brown, Robert",Weightlifting,not separately classified in source table,,False,pending_individual_verification,9-Month Suspension; Loss of Results,announced,https://www.usada.org/sanction/robert-brown-accepts-doping-sanction/,True,True,brown robert,False,False
USADA,"Grove, Carl",Cycling,not separately classified in source table,,False,pending_individual_verification,Public Warning,announced,https://www.usada.org/sanction/carl-grove-accepts-public-warning/,True,True,carl grove,False,False
USADA,"Pate, David",Cycling,not separately classified in source table,,False,pending_individual_verification,4-Year Suspension; Loss of Results,announced,https://www.usada.org/sanction/david-pate-receives-doping-sanction/,True,True,david pate,False,False
USADA,"Zeng, Laura",Gymnastics,not separately classified in source table,,False,pending_individual_verification,6-Month Suspension; Loss of Results,announced,https://www.usada.org/sanction/laura-zeng-accepts-doping-sanction/,True,True,laura zeng,False,False
USADA,"Sekulic, Stefan",Mixed Martial Arts,not separately classified in source table,,False,pending_individual_verification,2-Year Suspension,announced,https://www.usada.org/sanction/stefan-sekulic-accepts-doping-sanction/,True,True,sekulic stefan,False,False
USADA,"Kandare, Bharat Vijay",Mixed Martial Arts,not separately classified in source table,,False,pending_individual_verification,2-Year Suspension,announced,https://www.usada.org/sanction/bharat-vijay-kandare-accepts-doping-sanction/,True,True,bharat kandare vijay,False,False
USADA,"Saccente, Nicholas",Weightlifting,not separately classified in source table,,False,pending_individual_verification,4-Year Suspension - Loss of Results; Additional 4 months of suspension - Loss of Results; Sanction tolled due to retirement,announced,https://www.usada.org/sanction/nicholas-saccente-accepts-doping-sanction/ | https://www.usada.org/sanction/nicholas-saccente-accepts-additional-sanction/,True,True,nicholas saccente,False,False
USADA,"Miyao, Paulo",Brazilian Jiu-Jitsu,not separately classified in source table,,False,pending_individual_verification,2-Year Suspension - Loss of Results; Additional 3 months of suspension - Loss of Results,announced,https://www.usada.org/sanction/paulo-miyao-accepts-doping-sanction/ | https://www.usada.org/sanction/paulo-miyao-accepts-additional-doping-sanction/,True,True,miyao paulo,False,False
USADA,"Lopez, Enrique",Cycling,not separately classified in source table,,False,pending_individual_verification,4-Year Suspension - Loss of Results,announced,https://www.usada.org/sanction/enrique-lopez-receives-doping-sanction/,True,True,enrique lopez,False,False
USADA,"Strickler, Steven",Cycling,not separately classified in source table,,False,pending_individual_verification,4-Year Suspension - Loss of Results,announced,https://www.usada.org/sanction/steven-strickler-receives-doping-sanction/,True,True,steven strickler,False,False
USADA,"Reyes, Polo",Mixed Martial Arts,not separately classified in source table,,False,pending_individual_verification,6-Month Suspension,announced,https://www.usada.org/sanction/polo-reyes-accepts-doping-sanction/,True,True,polo reyes,False,False
USADA,"Garcia del Moral, Luis",Cycling - Athlete Support Personnel,not separately classified in source table,,False,pending_individual_verification,5-Year Suspension,announced,https://www.usada.org/sanction/members-of-the-united-states-postal-service-pro-cycling-team-doping-conspiracy-dr-garcia-del-moral-dr-ferrari-and-trainer-marti-receive-lifetime-bans-for-doping-violations/ | https://www.usada.org/sanction/del-moral-reduced-sanction-cooperation/,True,True,del garcia luis moral,False,False
USADA,"Bruyneel, Johan",Cycling - Athlete Support Personnel,not separately classified in source table,,False,pending_individual_verification,Lifetime Suspension,announced,https://www.usada.org/sanction/aaa-panel-imposes-ban-for-team-director-bruyneel-team-doctor-celaya-and-team-trainer-marti-for-involvement-in-the-united-states-postal-service-usps-pro-cycling-team-doping-conspiracy/ | https://www.usada.org/sanction/usada-statement-cas-decision-bruyneel-celaya-marti/,True,True,bruyneel johan,False,False
USADA,"Celaya Lazama, Pedro",Cycling - Athlete Support Personnel,not separately classified in source table,,False,pending_individual_verification,Lifetime Suspension,announced,https://www.usada.org/sanction/aaa-panel-imposes-ban-for-team-director-bruyneel-team-doctor-celaya-and-team-trainer-marti-for-involvement-in-the-united-states-postal-service-usps-pro-cycling-team-doping-conspiracy/ | https://www.usada.org/sanction/usada-statement-cas-decision-bruyneel-celaya-marti/,True,True,celaya lazama pedro,False,False
USADA,"Marti, Jose",Cycling - Athlete Support Personnel,not separately classified in source table,,False,pending_individual_verification,15-Year Suspension,announced,https://www.usada.org/sanction/aaa-panel-imposes-ban-for-team-director-bruyneel-team-doctor-celaya-and-team-trainer-marti-for-involvement-in-the-united-states-postal-service-usps-pro-cycling-team-doping-conspiracy/ | https://www.usada.org/sanction/usada-statement-cas-decision-bruyneel-celaya-marti/,True,True,jose marti,False,False
USADA,"Moffett, Shaun",Cycling,not separately classified in source table,,False,pending_individual_verification,21-Month Suspension - Loss of Results; Additional 3 months of suspension - Loss of Results,announced,https://www.usada.org/sanction/shaun-moffett-accepts-doping-sanction/ | https://www.usada.org/sanction/shaun-moffett-accepts-additional-sanction/,True,True,moffett shaun,False,False
USADA,"Tanski, Jeff",Cycling,not separately classified in source table,,False,pending_individual_verification,4-Year Suspension - Loss of Results,announced,https://www.usada.org/sanction/jeff-tanski-receives-doping-sanction/,True,True,jeff tanski,False,False
USADA,"Scott, Bradley",Mixed Martial Arts,not separately classified in source table,,False,pending_individual_verification,2-Year Suspension; Sanction tolled due to retirement,announced,https://www.usada.org/sanction/bradley-scott-accepts-doping-sanction,True,True,bradley scott,False,False
USADA,"Gonzalez, Mijail",Cycling,not separately classified in source table,,False,pending_individual_verification,4-Year Suspension - Loss of Results,announced,https://www.usada.org/sanction/mijail-gonzalez-accepts-doping-sanction/,True,True,gonzalez mijail,False,False
USADA,"Eyler, Bob",Archery,not separately classified in source table,,False,pending_individual_verification,2-Year Suspension - Loss of Results,announced,https://www.usada.org/sanction/aaa-arbitrator-imposes-doping-sanction-on-archery-athlete-bob-eyler/,True,True,bob eyler,False,False
USADA,*Name Removed,Swimming,not separately classified in source table,,False,pending_individual_verification,No Fault of Negligence,announced,,False,False,name removed,False,False
USADA,"Diaz, Raul",Cycling,not separately classified in source table,,False,pending_individual_verification,4-Year Suspension - Loss of Results,announced,https://www.usada.org/sanction/raul-diaz-accepts-doping-sanction/,True,True,diaz raul,False,False
USADA,*Name Removed,Track & Field,not separately classified in source table,,False,pending_individual_verification,No Fault or Negligence,announced,,False,False,name removed,False,False
USADA,"Hunter, Adam",Mixed Martial Arts,not separately classified in source table,,False,pending_individual_verification,2-Year Suspension - Loss of Results - Additional Loss of Results,announced,https://www.usada.org/sanction/adam-hunter-accepts-doping-sanction/ | https://www.usada.org/sanction/adam-hunter-accepts-disqualification-of-results-after-violation/,True,True,adam hunter,False,False
USADA,"Butterworth, Andrew",Weightlifting,not separately classified in source table,,False,pending_individual_verification,42-Month Suspension - Loss of Results; Sanction tolled due to retirement,announced,https://www.usada.org/sanction/andrew-butterworth-accepts-doping-sanction/,True,True,andrew butterworth,False,False
USADA,"Jones, Jon",Mixed Martial Arts,not separately classified in source table,,False,pending_individual_verification,15-Month Suspension - Loss of Results,announced,https://www.usada.org/sanction/independent-arbitrator-imposes-15-month-sanction-for-jon-jones/,True,True,jon jones,True,False
USADA,*Name Removed,Weightlifting,not separately classified in source table,,False,pending_individual_verification,No Fault or Negligence - Loss of Results,announced,,False,False,name removed,False,False
USADA,"Dudeck, Cameron",Weightlifting,not separately classified in source table,,False,pending_individual_verification,4-Year Suspension - Loss of Results,announced,https://www.usada.org/sanction/cameron-dudeck-receives-doping-sanction/,True,True,cameron dudeck,False,False
USADA,"Bedford, Stephen",Cycling,not separately classified in source table,,False,pending_individual_verification,6-Month Suspension with 3-Month Deferral - Loss of Results,announced,https://www.usada.org/sanction/stephen-bedford-accepts-doping-sanction/,True,True,bedford stephen,False,False
USADA,"Francis, Victoria",Wrestling,not separately classified in source table,,False,pending_individual_verification,1-Year Suspension - Loss of Results,announced,https://www.usada.org/sanction/victoria-francis-accepts-doping-sanction/,True,True,francis victoria,False,False
USADA,"Ortiz, Robert",Weightlifting,not separately classified in source table,,False,pending_individual_verification,16-Month Suspension - Loss of Results,announced,https://www.usada.org/sanction/robert-ortiz-accepts-doping-sanction/,True,True,ortiz robert,False,False
USADA,"Malinowski, Emily",Weightlifting,not separately classified in source table,,False,pending_individual_verification,45-Month Suspension - Loss of Results,announced,https://www.usada.org/sanction/emily-malinowski-accepts-doping-sanction/,True,True,emily malinowski,False,False
USADA,"Payne, Demi",Track & Field,not separately classified in source table,,False,pending_individual_verification,4-Year Suspension - Loss of Results,announced,https://www.usada.org/sanction/demi-payne-accepts-doping-sanction/,True,True,demi payne,False,False
USADA,"Gaskins, Joshua",Weightlifting,not separately classified in source table,,False,pending_individual_verification,2-Year Suspension - Loss of Results,announced,https://www.usada.org/sanction/joshua-gaskins-receives-doping-sanction/,True,True,gaskins joshua,False,False
USADA,"Boss, Logan",Track & Field,not separately classified in source table,,False,pending_individual_verification,6-Month Suspension - Loss of Results,announced,https://www.usada.org/sanction/logan-boss-accepts-doping-sanction/,True,True,boss logan,False,False
USADA,"Frazier, Daniel",Cycling,not separately classified in source table,,False,pending_individual_verification,1-Year Suspension - Loss of Results,announced,https://www.usada.org/sanction/daniel-frazier-accepts-doping-sanction/,True,True,daniel frazier,False,False
USADA,"Ssekyaaya, Charles",Weightlifting,not separately classified in source table,,False,pending_individual_verification,9-Month Suspension - Loss of Results,announced,https://www.usada.org/sanction/charles-ssekyaaya-accepts-doping-sanction/,True,True,charles ssekyaaya,False,False
USADA,"Ferraro, Anthony",Paralympic Judo,not separately classified in source table,,False,pending_individual_verification,6-Month Suspension with 3-Month Deferral - Loss of Results,announced,https://www.usada.org/sanction/anthony-ferraro-accepts-doping-sanction/,True,True,anthony ferraro,False,False
USADA,"Mazur, Bruce",Cycling,not separately classified in source table,,False,pending_individual_verification,4-Year Suspension - Loss of Results,announced,https://www.usada.org/sanction/bruce-mazur-receives-doping-sanction/,True,True,bruce mazur,False,False
USADA,*Name Removed,Swimming,not separately classified in source table,,False,pending_individual_verification,6-Month Suspension - Loss of Results,announced,,False,False,name removed,False,False
USADA,"Lochte, Ryan",Swimming,not separately classified in source table,,False,pending_individual_verification,14-Month Suspension,announced,https://www.usada.org/sanction/ryan-lochte-accepts-doping-sanction/,True,True,lochte ryan,True,False
USADA,"Silva, Anderson",Mixed Martial Arts,not separately classified in source table,,False,pending_individual_verification,1-Year Suspension,announced,https://www.usada.org/sanction/anderson-silva-accepts-doping-sanction/,True,True,anderson silva,True,False
USADA,"Meacham, Michael",Triathlon,not separately classified in source table,,False,pending_individual_verification,1-Year Suspension - Loss of Results,announced,https://www.usada.org/sanction/michael-meacham-accepts-doping-sanction/,True,True,meacham michael,False,False
USADA,"Oleksiejczuk, Michał",Mixed Martial Arts,not separately classified in source table,,False,pending_individual_verification,1-Year Suspension,announced,https://www.usada.org/sanction/michal-oleksiejczuk-accepts-doping-sanction/,True,True,micha oleksiejczuk,False,False
USADA,"Ainslie, Roger",Cycling,not separately classified in source table,,False,pending_individual_verification,42-Month Suspension - Loss of Results,announced,https://www.usada.org/sanction/roger-ainslie-accepts-doping-sanction/,True,True,ainslie roger,False,False
USADA,"Brown, Buster",Cycling,not separately classified in source table,,False,pending_individual_verification,2-Year Suspension - Loss of Results,announced,https://www.usada.org/sanction/buster-brown-accepts-doping-sanction/,True,True,brown buster,False,False
USADA,"Gross, Scott",Cycling,not separately classified in source table,,False,pending_individual_verification,4-Year Suspension - Loss of Results,announced,https://www.usada.org/sanction/scott-gross-accepts-doping-sanction/,True,True,gross scott,False,False
USADA,"Chipangama, Jordan",Track and Field,not separately classified in source table,,False,pending_individual_verification,4-Year Suspension - Loss of Results,announced,https://www.usada.org/sanction/jordan-chipangama-accepts-doping-sanction/,True,True,chipangama jordan,False,False
USADA,"Colunga, Cesar",Karate,not separately classified in source table,,False,pending_individual_verification,4-Month Suspension - Loss of Results,announced,https://www.usada.org/sanction/cesar-colunga-accepts-doping-sanction/,True,True,cesar colunga,False,False
USADA,"Kendall, Amanda",Swimming,not separately classified in source table,,False,pending_individual_verification,3-Month Suspension - Loss of Results,announced,https://www.usada.org/sanction/amanda-kendall-accepts-doping-sanction/,True,True,amanda kendall,False,False
USADA,"Dahlkemper, Abigail",Soccer,not separately classified in source table,,False,pending_individual_verification,Public Warning,announced,https://www.usada.org/sanction/abigail-dahlkemper-accepts-public-warning/,True,True,abigail dahlkemper,False,False
USADA,"Nogueira, Antonio Rogerio",Mixed Martial Arts,not separately classified in source table,,False,pending_individual_verification,6-Month Suspension,announced,https://www.usada.org/sanction/compounding-pharmacies-supply-tainted-supplements-behind-three-positive-tests/,True,True,antonio nogueira rogerio,False,False
USADA,"Almeida, Junior dos Santos",Mixed Martial Arts,not separately classified in source table,,False,pending_individual_verification,6-Month Suspension,announced,https://www.usada.org/sanction/compounding-pharmacies-supply-tainted-supplements-behind-three-positive-tests/,True,True,almeida dos junior santos,False,False
USADA,"De Lima, Marcos Rogerio",Mixed Martial Arts,not separately classified in source table,,False,pending_individual_verification,6-Month Suspension,announced,https://www.usada.org/sanction/compounding-pharmacies-supply-tainted-supplements-behind-three-positive-tests/,True,True,de lima marcos rogerio,False,False
USADA,"Griffin, Jason",Paralympic Cycling,not separately classified in source table,,False,pending_individual_verification,1-Year Suspension - Loss of Results,announced,https://www.usada.org/sanction/jason-griffin-accepts-doping-sanction/,True,True,griffin jason,False,False
USADA,"Rivera, Jessica",Weightlifting,not separately classified in source table,,False,pending_individual_verification,4-Year Suspension - Loss of Results,announced,https://www.usada.org/sanction/jessica-rivera-accepts-doping-sanction/,True,True,jessica rivera,False,False
USADA,"Miller, Barry",Cycling,not separately classified in source table,,False,pending_individual_verification,1-Year Suspension - Loss of Results,announced,https://www.usada.org/sanction/barry-miller-accepts-doping-sanction/,True,True,barry miller,False,False
USADA,"Lima, Dylan",Cycling,not separately classified in source table,,False,pending_individual_verification,3-Year Suspension - Loss of Results,announced,https://www.usada.org/sanction/dylan-lima-accepts-doping-sanction/,True,True,dylan lima,False,False
USADA,"Diaz, Nick",Mixed Martial Arts,not separately classified in source table,,False,pending_individual_verification,1-Year Supension,announced,https://www.usada.org/sanction/nick-diaz-accepts-whereabouts-sanction/,True,True,diaz nick,False,False
USADA,"Britt, Teresa",Weightlifting,not separately classified in source table,,False,pending_individual_verification,2-Year Suspension - Loss of Results,announced,https://www.usada.org/sanction/teresa-britt-accepts-doping-sanction/,True,True,britt teresa,False,False
USADA,"Rothwell, Ben",Mixed Martial Arts,not separately classified in source table,,False,pending_individual_verification,2-Year Suspension,announced,https://www.usada.org/sanction/ben-rothwell-accepts-doping-sanction/,True,True,ben rothwell,False,False
USADA,"Palicka, Megan",Weightlifting,not separately classified in source table,,False,pending_individual_verification,3-Year Suspension - Loss of Results; Sanction tolled due to retirement,announced,https://www.usada.org/sanction/megan-palicka-accepts-doping-sanction/,True,True,megan palicka,False,False
USADA,"Volrath, Frank",Weightlifting,not separately classified in source table,,False,pending_individual_verification,4-Year Suspension - Loss of Results; Sanction tolled due to retirement,announced,https://www.usada.org/sanction/frank-volrath-accepts-doping-sanction/,True,True,frank volrath,False,False
USADA,"Gough, Nicholas",Triathlon,not separately classified in source table,,False,pending_individual_verification,4-Year Suspension - Loss of Results,announced,https://www.usada.org/sanction/nicholas-gough-receives-doping-sanction/,True,True,gough nicholas,False,False
USADA,"Rosiek, Julie",Triathlon,not separately classified in source table,,False,pending_individual_verification,2-Year Suspension - Loss of Results,announced,https://www.usada.org/sanction/julie-rosiek-accepts-doping-sanction/,True,True,julie rosiek,False,False
USADA,"Raymond, Abby",Weightlifting,not separately classified in source table,,False,pending_individual_verification,3-Month Suspension - Loss of Results,announced,https://www.usada.org/sanction/abby-raymond-accepts-doping-sanction/,True,True,abby raymond,False,False
USADA,"Lemos, Amanda",Mixed Martial Arts,not separately classified in source table,,False,pending_individual_verification,2-Year Suspension,announced,https://www.usada.org/sanction/amanda-lemos-accepts-doping-sanction/,True,True,amanda lemos,False,False
USADA,"Barnett, Josh",Mixed Martial Arts,not separately classified in source table,,False,pending_individual_verification,Public Warning,announced,https://www.usada.org/sanction/josh-barnett-public-reprimand-doping-violation/,True,True,barnett josh,False,False
USADA,"Jarrett, Kaitlyn",Weightlifting,not separately classified in source table,,False,pending_individual_verification,1-Year Suspension - Loss of Results,announced,https://www.usada.org/sanction/kaitlyn-jarrett-accepts-doping-sanction/,True,True,jarrett kaitlyn,False,False
USADA,"Roman, Lazaro",Weightlifting,not separately classified in source table,,False,pending_individual_verification,4-Year Suspension - Loss of Results,announced,https://www.usada.org/sanction/lazaro-roman-accepts-doping-sanction/,True,True,lazaro roman,False,False
USADA,"Cutelaba, Ion",Mixed Martial Arts,not separately classified in source table,,False,pending_individual_verification,6-Month Suspension,announced,https://www.usada.org/sanction/ion-cutelaba-accepts-doping-sanction/,True,True,cutelaba ion,False,False
USADA,"Calvillo, Cynthia",Mixed Martial Arts,not separately classified in source table,,False,pending_individual_verification,6-Month Suspension,announced,https://www.usada.org/sanction/athlete-cynthia-calvillo-accepts-doping-sanction/,True,True,calvillo cynthia,False,False
USADA,"Alexandrov, Mihail (Mike)",Swimming,not separately classified in source table,,False,pending_individual_verification,1-Year Suspension - Loss of Results,announced,https://www.usada.org/sanction/mike-alexandrov-accepts-doping-sanction/,True,True,alexandrov mihail,False,False
USADA,"Anyanwu, Azunna",Mixed Martial Arts,not separately classified in source table,,False,pending_individual_verification,1-Year Suspension,announced,https://www.usada.org/sanction/azunna-anyanwu-accepts-doping-sanction/,True,True,anyanwu azunna,False,False
USADA,"Tukhugov, Zubaira",Mixed Martial Arts,not separately classified in source table,,False,pending_individual_verification,2-Year Suspension,announced,https://www.usada.org/sanction/ruslan-magomedov-zubaira-tukhugov-accept-doping-sanctions/,True,True,tukhugov zubaira,False,False
USADA,"Magomedov, Ruslan",Mixed Martial Arts,not separately classified in source table,,False,pending_individual_verification,2-Year Suspension,announced,https://www.usada.org/sanction/ruslan-magomedov-zubaira-tukhugov-accept-doping-sanctions/,True,True,magomedov ruslan,False,False
USADA,"Wallhead, Jim",Mixed Martial Arts,not separately classified in source table,,False,pending_individual_verification,9-Month Suspension,announced,https://www.usada.org/sanction/jim-wallhead-accepts-doping-sanction/,True,True,jim wallhead,False,False
USADA,"de Tomas, Carls John",Mixed Martial Arts,not separately classified in source table,,False,pending_individual_verification,1-Year Suspension,announced,https://www.usada.org/sanction/carls-john-de-tomas-accepts-doping-sanction/,True,True,carls de john tomas,False,False
USADA,"Mulheron, James",Mixed Martial Arts,not separately classified in source table,,False,pending_individual_verification,1-Year Suspension,announced,https://www.usada.org/sanction/james-mulheron-accepts-doping-sanction/,True,True,james mulheron,False,False
USADA,"Less, David",Cycling,not separately classified in source table,,False,pending_individual_verification,2-Year Suspension - Loss of Results,announced,https://www.usada.org/sanction/david-less-accepts-doping-sanction/,True,True,david less,False,False
USADA,*Name Removed,Paralympic Alpine Skiing,not separately classified in source table,,False,pending_individual_verification,No Fault or Negligence,announced,,False,False,name removed,False,False
USADA,"Webb, Craig",Cycling,not separately classified in source table,,False,pending_individual_verification,4-Year Suspension - Loss of Results,announced,https://www.usada.org/sanction/craig-webb-accepts-doping-sanction/,True,True,craig webb,False,False
USADA,"Schumm, Jennifer",Cycling,not separately classified in source table,,False,pending_individual_verification,4-Year Suspension - Loss of Results,announced,https://www.usada.org/sanction/aaa-panel-imposes-doping-sanction-jennifer-schumm/,True,True,jennifer schumm,False,False
USADA,"Jackson, Sharon",Racquetball,not separately classified in source table,,False,pending_individual_verification,Public Warning,announced,https://www.usada.org/sanction/sharon-jackson-accepts-public-warning/,True,True,jackson sharon,False,False
USADA,"Harrison, Marck",Boccia,not separately classified in source table,,False,pending_individual_verification,Public Warning,announced,https://www.usada.org/sanction/marck-harrison-accepts-public-warning/,True,True,harrison marck,False,False
USADA,"Travis, Alyssa",Weightlifting,not separately classified in source table,,False,pending_individual_verification,4-Year Suspension - Loss of Results,announced,https://www.usada.org/sanction/alyssa-travis-accepts-doping-sanction/,True,True,alyssa travis,False,False
USADA,"Grayson, Lemuel",Weightlifting,not separately classified in source table,,False,pending_individual_verification,Public Warning,announced,https://www.usada.org/sanction/lemuel-grayson-accepts-public-warning/,True,True,grayson lemuel,False,False
USADA,"Beyer, Bill",Triathlon,not separately classified in source table,,False,pending_individual_verification,2-Year Suspension - Loss of Results,announced,https://www.usada.org/sanction/bill-beyer-accepts-doping-sanction/,True,True,beyer bill,False,False
USADA,"Rivera, Francisco",Mixed Martial Arts,not separately classified in source table,,False,pending_individual_verification,4-Year Suspension,announced,https://www.usada.org/sanction/francisco-rivera-recieves-doping-sanction/,True,True,francisco rivera,False,False
USADA,"Oliver, Jordan",Wrestling,not separately classified in source table,,False,pending_individual_verification,1-Year Suspension - Loss of Results,announced,https://www.usada.org/sanction/u-s-wrestling-athlete-jordan-oliver-accepts-sanction/,True,True,jordan oliver,False,False
USADA,"Penne, Jessica",Mixed Martial Arts,not separately classified in source table,,False,pending_individual_verification,18-Month Suspension,announced,https://www.usada.org/sanction/jessica-penne-accepts-doping-sanction/,True,True,jessica penne,False,False
USADA,"Vennera, James",Archery,not separately classified in source table,,False,pending_individual_verification,Public Warning,announced,https://www.usada.org/sanction/james-vennera-accepts-public-warning/,True,True,james vennera,False,False
USADA,"Miller, Jeffery",Cycling,not separately classified in source table,,False,pending_individual_verification,4-Year Suspension - Loss of Results,announced,https://www.usada.org/sanction/jeffery-miller-accepts-sanction/,True,True,jeffery miller,False,False
USADA,"Patel, Vikas",Track and Field,not separately classified in source table,,False,pending_individual_verification,4-Year Suspension - Loss of Results; Sanction tolled due to retirement,announced,https://www.usada.org/sanction/vikas-patel-accepts-doping-sanction/,True,True,patel vikas,False,False
USADA,"Wolter, Kenna",Track and Field,not separately classified in source table,,False,pending_individual_verification,2-Year Suspension - Loss of Results,announced,https://www.usada.org/sanction/kenna-wolter-accepts-doping-sanction/,True,True,kenna wolter,False,False
USADA,"Sanford, Jonathan",Track and Field,not separately classified in source table,,False,pending_individual_verification,1-Year Suspension - Loss of Results,announced,https://www.usada.org/sanction/jonathan-sanford-accepts-doping-sanction/,True,True,jonathan sanford,False,False
USADA,"Zoda, Michael",Weightlifting,not separately classified in source table,,False,pending_individual_verification,2-Year Suspension - Loss of Results,announced,https://www.usada.org/sanction/michael-zoda-accepts-doping-sanction/,True,True,michael zoda,False,False
USADA,"Polk, Tori",Track and Field,not separately classified in source table,,False,pending_individual_verification,2-Year Suspension - Loss of Results,announced,https://www.usada.org/sanction/tori-polk-accepts-doping-sanction/,True,True,polk tori,False,False
USADA,"Harroufi, Abdelmounaim",Track and Field,not separately classified in source table,,False,pending_individual_verification,4-Year Suspension - Loss of Results,announced,https://www.usada.org/sanction/abdelmounaim-harroufi-receives-doping-sanction/,True,True,abdelmounaim harroufi,False,False
USADA,"Henderson, Jay",Cycling,not separately classified in source table,,False,pending_individual_verification,6-Month Suspension with 3-Month Deferral - Loss of Results,announced,https://www.usada.org/sanction/jay-henderson-accepts-doping-sanction/,True,True,henderson jay,False,False
USADA,"Boss, Logan",Track and Field,not separately classified in source table,,False,pending_individual_verification,Public Warning,announced,https://www.usada.org/sanction/logan-boss-accepts-public-warning-doping-violation/,True,True,boss logan,False,False
USADA,"Owusu-Nyantekyi, Nana",Track and Field,not separately classified in source table,,False,pending_individual_verification,1-Year Suspension from 1/8/2017 - Loss of Results from 8/25/2015,announced,https://www.usada.org/sanction/nana-owusu-accepts-doping-sanction/,True,True,nana nyantekyi owusu,False,False
USADA,"Bailey, Ryan","Bobsled and Skeleton, Track and Field",not separately classified in source table,,False,pending_individual_verification,2-Year Suspension with 161 Day Credit - Loss of Results,announced,https://www.usada.org/sanction/aaa-panel-imposes-doping-sanction-for-ryan-bailey/ | https://www.usada.org/sanction/cas-extends-sanction-length-ryan-bailey-doping-violation/,True,True,bailey ryan,False,False
USADA,"Blandford, Jenna","Cycling, Triathlon",not separately classified in source table,,False,pending_individual_verification,4-Year Suspension - Loss of Results,announced,https://www.usada.org/sanction/aaa-arbitrator-imposes-doping-sanction-jenna-blandford/,True,True,blandford jenna,False,False
USADA,"Dates, Royce",Track and Field,not separately classified in source table,,False,pending_individual_verification,4-Year Suspension - Loss of Results,announced,https://www.usada.org/sanction/royce-dates-accepts-doping-sanction/,True,True,dates royce,False,False
USADA,"Roberts, Lisa",Triathlon,not separately classified in source table,,False,pending_individual_verification,Public Warning - Loss of Results,announced,https://www.usada.org/sanction/lisa-roberts-accepts-public-warning-doping-violation/,True,True,lisa roberts,False,False
USADA,"Bell, Kenwood (Kenta)",Track and Field,not separately classified in source table,,False,pending_individual_verification,3-Month Suspension with 3-Month Deferral - Loss of Results,announced,https://www.usada.org/sanction/track-field-athlete-accepts-sanction-for-doping-violation-2/,True,True,bell kenwood,False,False
USADA,*Name Removed,Volleyball,not separately classified in source table,,False,pending_individual_verification,No Fault or Negligence,announced,,False,False,name removed,False,False
USADA,"Westbrook, Atlanta",Track and Field,not separately classified in source table,,False,pending_individual_verification,4-Year Suspension - Loss of Results,announced,https://www.usada.org/sanction/atlanta-westbrook-accepts-doping-sanction/,True,True,atlanta westbrook,False,False
USADA,*Name Removed,Mixed Martial Arts,not separately classified in source table,,False,pending_individual_verification,No Fault or Negligence,announced,,False,False,name removed,False,False
USADA,"Felipe Cabral de Almeida, Carlos",Mixed Martial Arts,not separately classified in source table,,False,pending_individual_verification,2-Year Suspension,announced,https://www.usada.org/sanction/carlos-felipe-accepts-doping-sanction/,True,True,almeida cabral carlos de felipe,False,False
USADA,"Taylor, Jesse",Mixed Martial Arts,not separately classified in source table,,False,pending_individual_verification,1-Year Suspension,announced,https://www.usada.org/sanction/jesse-taylor-accepts-doping-sanction/,True,True,jesse taylor,False,False
USADA,"Vance, Shaquille",Paralympic Track and Field,not separately classified in source table,,False,pending_individual_verification,4 Year Suspension with 1 Year Reduction - Loss of Results,announced,https://www.usada.org/sanction/shaquille-vance-accepts-doping-sanction/,True,True,shaquille vance,False,False
USADA,"Roehrick, Nick",Mixed Martial Arts,not separately classified in source table,,False,pending_individual_verification,1-Year Suspension,announced,https://www.usada.org/sanction/nick-roehrick-accepts-doping-sanction/,True,True,nick roehrick,False,False
USADA,"Schiefer, John",Cycling,not separately classified in source table,,False,pending_individual_verification,6-Month Suspension - Loss of Results,announced,https://www.usada.org/sanction/john-schiefer-accepts-doping-sanction/,True,True,john schiefer,False,False
USADA,"Wuebben, Zachary",Weightlifting,not separately classified in source table,,False,pending_individual_verification,4-Year Suspension - Loss of Results,announced,https://www.usada.org/sanction/zachary-wuebben-accepts-doping-sanction/,True,True,wuebben zachary,False,False
USADA,"Heinzl, Sarah",Paralympic Basketball,not separately classified in source table,,False,pending_individual_verification,Public Warning,announced,https://www.usada.org/sanction/sarah-heinzl-accepts-public-warning-anti-doping-rule-violation/,True,True,heinzl sarah,False,False
USADA,"LeoGrande, Kayle",Cycling,not separately classified in source table,,False,pending_individual_verification,8-Year Suspension - Loss of Results,announced,https://www.usada.org/sanction/kayle-leogrande-receives-second-doping-sanction/,True,True,kayle leogrande,False,False
USADA,"Herbert, Zack",Weightlifting,not separately classified in source table,,False,pending_individual_verification,2-Year Suspension - Loss of Results; Sanction tolled due to retirement; Unretired - Eligible to compete starting 3/7/2020,announced,https://www.usada.org/sanction/zack-herbert-accepts-doping-sanction/,True,True,herbert zack,False,False
USADA,"Cannetti, Guido",Mixed Martial Arts,not separately classified in source table,,False,pending_individual_verification,10-Month Suspension,announced,https://www.usada.org/sanction/guido-cannetti-accepts-doping-sanction/,True,True,cannetti guido,False,False
USADA,"Acevedo-Fuller, Carlee",Weightlifting,not separately classified in source table,,False,pending_individual_verification,9-Month Suspension - Loss of Results,announced,https://www.usada.org/sanction/carlee-acevedo-fuller-accepts-doping-sanction/,True,True,acevedo carlee fuller,False,False
USADA,"Goodwin, Marquise",Track and Field,not separately classified in source table,,False,pending_individual_verification,1-Year Suspension - Loss of Results,announced,https://www.usada.org/sanctiong/marquise-goodwin-accepts-whereabouts-sanction/,True,True,goodwin marquise,False,False
USADA,"Carter, Chris",Track and Field,not separately classified in source table,,False,pending_individual_verification,9-Month Suspension - Loss of Results,announced,https://www.usada.org/sanction/chris-carter-accepts-doping-sanction/,True,True,carter chris,False,False
USADA,"Blazejack, Tony",Cycling,not separately classified in source table,,False,pending_individual_verification,4-Year Suspension - Loss of Results,announced,https://www.usada.org/sanction/aaa-panel-imposes-doping-sanction-for-tony-blazejack/,True,True,blazejack tony,False,False
USADA,"Stohr, Riley",Luge,not separately classified in source table,,False,pending_individual_verification,6-Month Suspension - Loss of Results; Sanction tolled due to retirement,announced,https://www.usada.org/sanction/riley-stohr-accepts-doping-sanction/,True,True,riley stohr,False,False
USADA,"Cruse, J.C.",Bobsled and Skeleton,not separately classified in source table,,False,pending_individual_verification,16-Month Suspension - Loss of Results,announced,https://www.usada.org/sanction/jc-cruse-accepts-doping-sanction/,True,True,c cruse j,False,False
USADA,"Bushey, Kayla",Track and Field,not separately classified in source table,,False,pending_individual_verification,2-Year Suspension - Loss of Results,announced,https://www.usada.org/sanction/kayla-bushey-accepts-doping-sanction/,True,True,bushey kayla,False,False
USADA,"McPherson, Scott",Track and Field,not separately classified in source table,,False,pending_individual_verification,4-Year Suspension - Loss of Results; Sanction tolled due to retirement,announced,https://www.usada.org/sanction/scott-mcpherson-receives-doping-sanction/,True,True,mcpherson scott,False,False
USADA,"Nguyen, Tam",Weightlifting,not separately classified in source table,,False,pending_individual_verification,4-Year Suspension - Loss of Results,announced,https://www.usada.org/sanction/tam-nguyen-accepts-doping-sanction/,True,True,nguyen tam,False,False
USADA,"Johnson, Gea",Cycling,not separately classified in source table,,False,pending_individual_verification,21-Month Suspension - Loss of Results,announced,https://www.usada.org/sanction/gea-johnson-receives-doping-sanction/,True,True,gea johnson,False,False
USADA,"Barnes, Benjamin",Weightlifting,not separately classified in source table,,False,pending_individual_verification,4-Year Suspension - Loss of Results,announced,https://www.usada.org/sanction/benjamin-barnes-receives-doping-sanction/,True,True,barnes benjamin,False,False
USADA,"Bayer, David",Weightlifting,not separately classified in source table,,False,pending_individual_verification,2.5-Year Suspension - Loss of Results,announced,https://www.usada.org/sanction/david-bayer-accepts-doping-sanction/,True,True,bayer david,False,False
USADA,*Name Removed,Track and Field,not separately classified in source table,,False,pending_individual_verification,No Fault or Negligence,announced,,False,False,name removed,False,False
USADA,"Sullivan, George",Mixed Martial Arts,not separately classified in source table,,False,pending_individual_verification,1-Year Suspension; Second Violation,announced,https://www.usada.org/sanction/george-sullivan-accepts-second-doping-sanction/,True,True,george sullivan,False,False
USADA,*Name Removed,Track and Field,not separately classified in source table,,False,pending_individual_verification,No Fault or Negligence - Loss of Results,announced,,False,False,name removed,False,False
USADA,"Gibilaro, Ariel",Archery,not separately classified in source table,,False,pending_individual_verification,Public Warning,announced,https://www.usada.org/sanction/ariel-gibilaro-accepts-public-warning/,True,True,ariel gibilaro,False,False
USADA,"Dykes, Kelly",Weightlifting,not separately classified in source table,,False,pending_individual_verification,8-Year Suspension - Loss of Results; Second Violation,announced,https://www.usada.org/sanction/kelly-dykes-receives-second-doping-sanction/,True,True,dykes kelly,False,False
USADA,"Park, Peter",Paralympic Track and Field,not separately classified in source table,,False,pending_individual_verification,21-Month Suspension - Loss of Results,announced,https://www.usada.org/sanction/peter-park-accepts-doping-sanction/,True,True,park peter,False,False
USADA,"Nackoul, Michael",Weightlifting,not separately classified in source table,,False,pending_individual_verification,4-Year Suspension - Loss of Results,announced,https://www.usada.org/sanction/michael-nackoul-accepts-doping-sanction/,True,True,michael nackoul,False,False
USADA,"Dosterschill, Robert Kyle",Weightlifting,not separately classified in source table,,False,pending_individual_verification,4-Year Suspension - Loss of Results,announced,https://www.usada.org/sanction/robert-dosterschill-accepts-doping-sanction/,True,True,dosterschill kyle robert,False,False
USADA,"Moore, Tyler",Weightlifting,not separately classified in source table,,False,pending_individual_verification,4-Year Suspension - Loss of Results; Sanction tolled due to retirement,announced,https://www.usada.org/sanction/tyler-moore-accepts-doping-sanction/,True,True,moore tyler,False,False
USADA,"Creveling, Chris",Speedskating,not separately classified in source table,,False,pending_individual_verification,4-Year Suspension - Loss of Results; Sanction tolled due to retirement,announced,https://www.usada.org/sanction/chris-creveling-accepts-doping-sanction/,True,True,chris creveling,False,False
USADA,"Young, Jason",Track and Field,not separately classified in source table,,False,pending_individual_verification,4-Year Suspension - Loss of Results; Sanction tolled due to retirement,announced,https://www.usada.org/sanction/jason-young-accepts-doping-sanction/,True,True,jason young,False,False
USADA,"Gastelum, Kelvin",Mixed Martial Arts,not separately classified in source table,,False,pending_individual_verification,6-Month Suspension with 3-Month Deferral,announced,https://www.usada.org/sanction/kelvin-gastelum-accepts-doping-sanction/,True,True,gastelum kelvin,False,False
USADA,"Gingras, Michael",Weightlifting - Athlete Support Personnel,not separately classified in source table,,False,pending_individual_verification,Lifetime Suspension with Reduction to 12 Years - Loss of Results; Sanction tolled due to retirement,announced,https://www.usada.org/sanction/michael-gingras-accepts-doping-sanction/,True,True,gingras michael,False,False
USADA,"Oliver, Imani",Track and Field,not separately classified in source table,,False,pending_individual_verification,1-Year Suspension - Loss of Results,announced,https://www.usada.org/sanction/imani-oliver-accepts-doping-sanction/,True,True,imani oliver,False,False
USADA,"Abreu, Ricardo",Mixed Martial Arts,not separately classified in source table,,False,pending_individual_verification,4-Year Suspension: Sanction is tolled until athlete returns from retirement. Second Violation.,announced,https://www.usada.org/sanction/ricardo-abreu-receives-second-doping-sanction/,True,True,abreu ricardo,False,False
USADA,"Moore, Darien",Track and Field,not separately classified in source table,,False,pending_individual_verification,4-Year Suspension - Loss of Results,announced,https://www.usada.org/sanction/darien-moore-accepts-doping-sanction/,True,True,darien moore,False,False
USADA,"Harvey, Scot",Cycling,not separately classified in source table,,False,pending_individual_verification,4-Year Suspension - Loss of Results,announced,https://www.usada.org/sanction/scot-harvey-accepts-doping-sanction/,True,True,harvey scot,False,False
USADA,"Nielson, Cliff",Track and Field,not separately classified in source table,,False,pending_individual_verification,4-Year Suspension - Loss of Results,announced,https://www.usada.org/sanction/cliff-nielson-receives-doping-sanction/,True,True,cliff nielson,False,False
USADA,"Beckwith-Ludlow, Molly",Track and Field,not separately classified in source table,,False,pending_individual_verification,Public Warning,announced,https://www.usada.org/sanction/molly-beckwith-ludlow-accepts-public-warning/,True,True,beckwith ludlow molly,False,False
USADA,"Mir, Francisco",Mixed Martial Arts,not separately classified in source table,,False,pending_individual_verification,2-Year Suspension,announced,https://www.usada.org/sanction/francisco-mir-receives-doping-sanction/,True,True,francisco mir,False,False
USADA,"Rollins, Brianna",Track and Field,not separately classified in source table,,False,pending_individual_verification,1-Year Suspension - Loss of Results,announced,https://www.usada.org/sanction/brianna-rollins-receives-whereabouts-sanction/,True,True,brianna rollins,False,False
USADA,"Geving, Amanda",Cycling,not separately classified in source table,,False,pending_individual_verification,1-Year Suspension - Loss of Results,announced,https://www.usada.org/sanction/amanda-geving-accepts-doping-sanction/,True,True,amanda geving,False,False
USADA,"Schrodt, Patrick ""Dillon""",Bobsled and Skeleton,not separately classified in source table,,False,pending_individual_verification,16-Month Suspension - Loss of Results,announced,https://www.usada.org/sanction/patrick-schrodt-accepts-doping-sanction/,True,True,dillon patrick schrodt,False,False
USADA,"Ledet, Justin",Mixed Martial Arts,not separately classified in source table,,False,pending_individual_verification,4-Month Suspension,announced,https://www.usada.org/sanction/justin-ledet-accepts-doping-sanction/,True,True,justin ledet,False,False
USADA,"Good, Lyman",Mixed Martial Arts,not separately classified in source table,,False,pending_individual_verification,6-Month Suspension,announced,https://www.usada.org/sanction/lyman-good-accepts-doping-sanction/,True,True,good lyman,False,False
USADA,"Nicolau Pereira, Matheus",Mixed Martial Arts,not separately classified in source table,,False,pending_individual_verification,1-Year Suspension,announced,https://www.usada.org/sanction/matheus-nicolau-accepts-doping-sanction/,True,True,matheus nicolau pereira,False,False
USADA,"Hall, Mary",Weightlifting,not separately classified in source table,,False,pending_individual_verification,4-Year Suspension - Loss of Results,announced,https://www.usada.org/sanction/mary-hall-receives-doping-sanction/,True,True,hall mary,False,False
USADA,"Pires Nogueira, Leonardo",Brazilian Jiu-Jitsu,not separately classified in source table,,False,pending_individual_verification,2-Year Suspension - Loss of Results,announced,https://www.usada.org/sanction/leonardo-pires-nogueira-accepts-doping-sanction/,True,True,leonardo nogueira pires,False,False
USADA,"Andrade, Viscardi",Mixed Martial Arts,not separately classified in source table,,False,pending_individual_verification,2-Year Suspension,announced,https://www.usada.org/sanction/viscardi-andrade-receives-doping-sanction/,True,True,andrade viscardi,False,False
USADA,"Dykes, Kelly",Weightlifting,not separately classified in source table,,False,pending_individual_verification,4-Year Suspension - Loss of Results,announced,https://www.usada.org/sanction/kelly-dykes-receives-doping-sanction/,True,True,dykes kelly,False,False
USADA,"Green, Roderick","Paralympic Track and Field, Paralympic Volleyball",not separately classified in source table,,False,pending_individual_verification,9-Month Suspension - Loss of Results,announced,https://www.usada.org/sanction/roderick-green-accepts-doping-sanction/,True,True,green roderick,False,False
USADA,"Prenoveau, Robert",Paralympic Curling,not separately classified in source table,,False,pending_individual_verification,Public Warning - Loss of Results,announced,https://www.usada.org/sanction/robert-prenoveau-accepts-public-warning/,True,True,prenoveau robert,False,False
USADA,"Cosby-Toruga, Jessica",Track and Field,not separately classified in source table,,False,pending_individual_verification,6-Year Suspension - Loss of Results; Second Violation; Sanction tolled due to retirement,announced,https://www.usada.org/sanction/jessica-cosby-toruga-accepts-doping-sanction/,True,True,cosby jessica toruga,False,False
USADA,"Dawson, Gabriel",Weightlifting,not separately classified in source table,,False,pending_individual_verification,4-Year Suspension - Loss of Results,announced,https://www.usada.org/sanction/gabriel-dawson-receives-doping-sanction/,True,True,dawson gabriel,False,False
USADA,"Lawlor, Tom",Mixed Martial Arts,not separately classified in source table,,False,pending_individual_verification,2-Year Suspension,announced,https://www.usada.org/sanction/tom-lawlor-accepts-sanction-for-anti-doping-policy-violation/,True,True,lawlor tom,False,False
USADA,"Pierik, Vincent",Weightlifting,not separately classified in source table,,False,pending_individual_verification,4-Year Suspension - Loss of Results,announced,https://www.usada.org/sanction/vincent-pierik-accepts-doping-sanction/,True,True,pierik vincent,False,False
USADA,"Thomas, Tammy",Cycling,not separately classified in source table,,False,pending_individual_verification,Lifetime Ban - Loss of Results - Sanction Reduced,announced,https://www.usada.org/sanction/u-s-cyclist-thomas-receives-lifetime-suspension-from-usada-for-positive-drug-test/ | https://www.usada.org/sanction/tammy-thomas-granted-sanction-reduction/,True,True,tammy thomas,False,False
USADA,"Harper-Nelson, Dawn",Track and Field,not separately classified in source table,,False,pending_individual_verification,3-Month Suspension - Loss of Results,announced,https://www.usada.org/sanction/dawn-harper-nelson-accepts-doping-sanction/,True,True,dawn harper nelson,False,False
USADA,*Name Removed,Mixed Martial Arts,not separately classified in source table,,False,pending_individual_verification,No Fault or Negligence,announced,,False,False,name removed,False,False
USADA,*Name Removed,Track and Field,not separately classified in source table,,False,pending_individual_verification,No Fault or Negligence,announced,,False,False,name removed,False,False
USADA,"Olivieri, Luis Felipe",Mixed Martial Arts,not separately classified in source table,,False,pending_individual_verification,2-Year Suspension,announced,https://www.usada.org/sanction/felipe-olivieri-receives-doping-sanction/,True,True,felipe luis olivieri,False,False
USADA,"Vrabel, Andrew",Weightlifting,not separately classified in source table,,False,pending_individual_verification,4-Year Suspension - Loss of Results; Sanction tolled due to retirement,announced,https://www.usada.org/sanction/andrew-vrabel-accepts-doping-sanction/,True,True,andrew vrabel,False,False
USADA,"Chan, Charis",Weightlifting,not separately classified in source table,,False,pending_individual_verification,4-Year Suspension - Loss of Results,announced,https://www.usada.org/sanction/charis-chan-receives-doping-sanction/,True,True,chan charis,False,False
USADA,"Matsushima, Angelique",Weightlifting,not separately classified in source table,,False,pending_individual_verification,6-Month Suspension with 3-Month Deferral - Loss of Results,announced,https://www.usada.org/sanction/angelique-matsushima-accepts-doping-sanction/,True,True,angelique matsushima,False,False
USADA,"Lesnar, Brock",Mixed Martial Arts,not separately classified in source table,,False,pending_individual_verification,1-Year Suspension,announced,https://www.usada.org/sanction/brock-lesnar-receives-doping-sanction/,True,True,brock lesnar,True,False
USADA,"Lamour, Joseph",Team Handball,not separately classified in source table,,False,pending_individual_verification,2-Year Suspension - Loss of Results,announced,https://www.usada.org/sanction/joseph-lamour-receives-doping-sanction/,True,True,joseph lamour,False,False
USADA,"Ferreira, Carlos Diego",Mixed Martial Arts,not separately classified in source table,,False,pending_individual_verification,17-Month Suspension,announced,https://www.usada.org/sanction/carlos-digeo-ferreira-accepts-doping-sanction/,True,True,carlos diego ferreira,False,False
USADA,"Mazzie, Joseph",Roller Sports,not separately classified in source table,,False,pending_individual_verification,4-Year Suspension - Loss of Results,announced,https://www.usada.org/sanction/joseph-mazzie-accepts-doping-sanction/,True,True,joseph mazzie,False,False
USADA,"Hudson, Ryan",Weightlifting,not separately classified in source table,,False,pending_individual_verification,4-Year Suspension - Loss of Results,announced,https://www.usada.org/sanction/ryan-hudson-accepts-doping-sanction/,True,True,hudson ryan,False,False
USADA,"Mossberg, Nick",Track and Field,not separately classified in source table,,False,pending_individual_verification,4-Year Suspension - Loss of Results; Sanction tolled due to retirement,announced,https://www.usada.org/sanction/nicholas-mossberg-accepts-doping-sanction/,True,True,mossberg nick,False,False
USADA,"Luton, Thomas",Cycling,not separately classified in source table,,False,pending_individual_verification,4-Year Suspension - Loss of Results,announced,https://www.usada.org/sanction/thomas-luton-receives-sanction/,True,True,luton thomas,False,False
USADA,"Reyes, Brandon",Weightlifting,not separately classified in source table,,False,pending_individual_verification,6-Month Suspension - Loss of Results,announced,https://www.usada.org/sanction/brandon-reyes-accepts-doping-sanction/,True,True,brandon reyes,False,False
USADA,"Moore, Nicole",Weightlifting,not separately classified in source table,,False,pending_individual_verification,6-Month Suspension - Loss of Results,announced,https://www.usada.org/sanction/nicole-moore-accepts-doping-violation/,True,True,moore nicole,False,False
USADA,"Pinney, Ryan",Paralympic Cycling,not separately classified in source table,,False,pending_individual_verification,18-Month Suspension - Loss of Results,announced,https://www.usada.org/sanction/ryan-pinney-accepts-doping-sanction/,True,True,pinney ryan,False,False
USADA,"Machida, Lyoto",Mixed Martial Arts,not separately classified in source table,,False,pending_individual_verification,18-Month Suspension,announced,https://www.usada.org/sanction/lyoto-machida-accepts-doping-sanction/,True,True,lyoto machida,False,False
USADA,"Sullivan, George",Mixed Martial Arts,not separately classified in source table,,False,pending_individual_verification,1-Year Suspension,announced,https://www.usada.org/sanction/george-sullivan-accepts-doping-sanction/,True,True,george sullivan,False,False
USADA,"Dunkum, Michael",Wrestling,not separately classified in source table,,False,pending_individual_verification,4-Year Suspension - Loss of Results; Sanction tolled due to retirement,announced,https://www.usada.org/sanction/michael-dunkum-accepts-sanction/,True,True,dunkum michael,False,False
USADA,"Jones, Jon",Mixed Martial Arts,not separately classified in source table,,False,pending_individual_verification,1-Year Suspension,announced,https://www.usada.org/sanction/jon-jones-receives-doping-sanction/,True,True,jon jones,True,False
USADA,"Bidlow, Cody",Track and Field,not separately classified in source table,,False,pending_individual_verification,4-Year Suspension - Loss of Results,announced,https://www.usada.org/sanction/cody-bidlow-accepts-sanction/,True,True,bidlow cody,False,False
USADA,"Root, Tim",Cycling,not separately classified in source table,,False,pending_individual_verification,4-Year Suspension - Loss of Results,announced,https://www.usada.org/sanction/tim-root-receives-doping-sanction/,True,True,root tim,False,False
USADA,"Ulloa, Camilo",Cycling,not separately classified in source table,,False,pending_individual_verification,4-Year Suspension - Loss of Results,announced,https://www.usada.org/sanction/camilo-ulloa-accepts-doping-sanction/,True,True,camilo ulloa,False,False
USADA,"Edilov, Abdul-Kerim",Mixed Martial Arts,not separately classified in source table,,False,pending_individual_verification,15 Month Suspension - Loss of Results,announced,https://www.usada.org/sanction/abdul-kerin-edilov-accepts-doping-sanction/,True,True,abdul edilov kerim,False,False
USADA,"Danielson, Tom",Cycling,not separately classified in source table,,False,pending_individual_verification,4-Year Suspension - Loss of Results; Second Violation,announced,https://www.usada.org/sanction/tom-danielson-accepts-second-doping-sanction/,True,True,danielson tom,False,False
USADA,"Diaz, Nate",Mixed Martial Arts,not separately classified in source table,,False,pending_individual_verification,Public Warning,announced,https://www.usada.org/sanction/nate-diaz-accepts-public-warning/,True,True,diaz nate,False,False
USADA,"Tovar, Oscar",Cycling,not separately classified in source table,,False,pending_individual_verification,2-Year Suspension - Loss of Results - Additional Results Disqualified,announced,https://www.usada.org/sanction/oscar-tovar-accepts-doping-sanction/ | https://www.usada.org/oscar-tovar-accepts-disqualification-results/,True,True,oscar tovar,False,False
USADA,"D'Aurelio, Shawn",Cycling,not separately classified in source table,,False,pending_individual_verification,4-Year Suspension - Loss of Results,announced,https://www.usada.org/sanction/shawn-daurelio-accepts-sanction/,True,True,aurelio d shawn,False,False
USADA,"Kimmons, Trell",Track and Field,not separately classified in source table,,False,pending_individual_verification,2-Year Suspension - Loss of Results,announced,https://www.usada.org/sanction/trell-kimmons-accepts-doping-sanction/,True,True,kimmons trell,False,False
USADA,"Schwab, Jeff",Cycling,not separately classified in source table,,False,pending_individual_verification,2-Year Suspension - Loss of Results,announced,https://www.usada.org/sanction/jeff-schwab-accepts-doping-sanction/,True,True,jeff schwab,False,False
USADA,"Rivera, Rizelyx",Weightlifting,not separately classified in source table,,False,pending_individual_verification,1-Year Suspension - Loss of Results,announced,https://www.usada.org/sanction/rizelyx-rivera-receives-doping-violation/,True,True,rivera rizelyx,False,False
USADA,*Name Removed,Mixed Martial Arts,not separately classified in source table,,False,pending_individual_verification,No Fault or Negligence,announced,,False,False,name removed,False,False
USADA,"Fagua Raquira, Ana Milena",Cycling,not separately classified in source table,,False,pending_individual_verification,4-Year Suspension - Loss of Results,announced,https://www.usada.org/sanction/ana-raquira-receives-doping-violation/,True,True,ana fagua milena raquira,False,False
USADA,*Name Removed,Mixed Martial Arts,not separately classified in source table,,False,pending_individual_verification,No Fault or Negligence,announced,,False,False,name removed,False,False
USADA,*Name Removed,Triathlon,not separately classified in source table,,False,pending_individual_verification,No Fault or Negligence - Loss of Results,announced,,False,False,name removed,False,False
USADA,"Denney Phillips, Jessica","Cycling, Weightlifting",not separately classified in source table,,False,pending_individual_verification,14 Month Suspension - Loss of Results,announced,https://www.usada.org/sanction/jessica-phillips-accepts-doping-sanction/,True,True,denney jessica phillips,False,False
USADA,"Baatz, Robert",Cycling,not separately classified in source table,,False,pending_individual_verification,2-Year Suspension - Loss of Results,announced,https://www.usada.org/sanction/robert-baatz-accepts-doping-sanction/,True,True,baatz robert,False,False
USADA,"Ciolli, Kimberly",Cycling,not separately classified in source table,,False,pending_individual_verification,2-Year Suspension - Loss of Results,announced,https://www.usada.org/sanction/kimberly-ciolli-accepts-doping-sanction/,True,True,ciolli kimberly,False,False
USADA,"Burka Gameda, Gebo",Track and Field,not separately classified in source table,,False,pending_individual_verification,18-Month Suspension - Loss of Results,announced,https://www.usada.org/sanction/gebo-burka-gameda-accepts-doping-sanction/,True,True,burka gameda gebo,False,False
USADA,"Verrando-Higgins, Mary",Cycling,not separately classified in source table,,False,pending_individual_verification,1-Year Suspension - Loss of Results,announced,https://www.usada.org/sanction/mary-verrando-higgins-accepts-doping-sanction/,True,True,higgins mary verrando,False,False
USADA,"Riggs, Crystal",Weightlifting,not separately classified in source table,,False,pending_individual_verification,6-Month Suspension - Loss of Results,announced,https://www.usada.org/sanction/crystal-riggs-accepts-doping-sanction/,True,True,crystal riggs,False,False
USADA,"Cawley, Thomas",Track and Field,not separately classified in source table,,False,pending_individual_verification,4-Year Suspension - Loss of Results; Sanction tolled due to retirement,announced,https://www.usada.org/sanction/thomas-cawley-accepts-doping-sanction/,True,True,cawley thomas,False,False
USADA,*Name Removed,Mixed Martial Arts,not separately classified in source table,,False,pending_individual_verification,No Fault or Negligence,announced,,False,False,name removed,False,False
USADA,"Anderson, Robert",Paralympic Judo,not separately classified in source table,,False,pending_individual_verification,3-Month Suspension - Loss of Results,announced,https://www.usada.org/sanction/robert-anderson-accepts-doping-sanction/,True,True,anderson robert,False,False
USADA,"Palmer, Liz",Track and Field,not separately classified in source table,,False,pending_individual_verification,4-Year Suspension with 6 Month Reduction - Loss of Results,announced,https://www.usada.org/sanction/liz-palmer-accepts-doping-sanction/,True,True,liz palmer,False,False
USADA,"Abreu, Ricardo",Mixed Martial Arts,not separately classified in source table,,False,pending_individual_verification,2-Year Suspension - Loss of Results,announced,https://www.usada.org/sanction/ricard-abreu-receives-doping-sanction/,True,True,abreu ricardo,False,False
USADA,*Name Removed,Swimming,not separately classified in source table,,False,pending_individual_verification,No Fault or Negligence,announced,,False,False,name removed,False,False
USADA,*Name Removed,Mixed Martial Arts,not separately classified in source table,,False,pending_individual_verification,No Fault or Negligence,announced,,False,False,name removed,False,False
USADA,"Bough, Gino",Karate,not separately classified in source table,,False,pending_individual_verification,1-Year Suspension - Loss of Results,announced,https://www.usada.org/sanction/gino-bough-accepts-sanction-for-whereabouts-violation/,True,True,bough gino,False,False
USADA,*Name Removed,Swimming,not separately classified in source table,,False,pending_individual_verification,No Fault or Negligence - Loss of Results,announced,,False,False,name removed,False,False
USADA,*Name Removed,Track and Field,not separately classified in source table,,False,pending_individual_verification,No Fault or Negligence,announced,,False,False,name removed,False,False
USADA,"Mendes, Chad",Mixed Martial Arts,not separately classified in source table,,False,pending_individual_verification,2-Year Suspension - Loss of Results,announced,https://www.usada.org/sanction/chad-mendes-receives-sanction/,True,True,chad mendes,True,False
USADA,"Pizza, Gregory",Track and Field,not separately classified in source table,,False,pending_individual_verification,20-Month Suspension - Loss of Results,announced,https://www.usada.org/sanction/aaa-imposes-sanction-greg-pizza/,True,True,gregory pizza,False,False
USADA,"Dutta, Susan",Equestrian,not separately classified in source table,,False,pending_individual_verification,Public Warning - Loss of Results,announced,https://www.usada.org/sanction/susan-dutta-accepts-public-warning-for-anti-doping-rule-violation/,True,True,dutta susan,False,False
USADA,*Name Removed,Volleyball,not separately classified in source table,,False,pending_individual_verification,No Fault or Negligence,announced,,False,False,name removed,False,False
USADA,*Name Removed,Gymnastics,not separately classified in source table,,False,pending_individual_verification,No Fault or Negligence,announced,,False,False,name removed,False,False
USADA,"Howe, James",Taekwondo,not separately classified in source table,,False,pending_individual_verification,6-Month Suspension with 3-Month Deferral - Loss of Results,announced,https://www.usada.org/sanction/james-howe-accepts-doping-sanction/,True,True,howe james,False,False
USADA,"Brandt-Sorenson, Nick",Cycling,not separately classified in source table,,False,pending_individual_verification,Lifetime Suspension - Loss of Results; Second & Third Violation,announced,https://www.usada.org/sanction/nick-brandt-sorenson-accepts-lifetime-ban/,True,True,brandt nick sorenson,False,False
USADA,"Penn, BJ",Mixed Martial Arts,not separately classified in source table,,False,pending_individual_verification,6-Month Suspension,announced,https://www.usada.org/sanction/jay-dee-penn-accepts-doping-sanction/,True,True,bj penn,False,False
USADA,"Tierney, Sam",Swimming,not separately classified in source table,,False,pending_individual_verification,Public Warning,announced,https://www.usada.org/sanction/sam-tierney-receives-public-warning/,True,True,sam tierney,False,False
USADA,"Berry, Gwen",Track and Field,not separately classified in source table,,False,pending_individual_verification,3-Month Suspension - Loss of Results,announced,https://www.usada.org/sanction/gwen-berry-accepts-sanction/,True,True,berry gwen,False,False
USADA,"Williams, Nia",Rugby,not separately classified in source table,,False,pending_individual_verification,4-Year Suspension - Loss of Results,announced,https://www.usada.org/sanction/nia-williams-receives-doping-sanction/,True,True,nia williams,False,False
USADA,"Means, Tim",Mixed Martial Arts,not separately classified in source table,,False,pending_individual_verification,6-Month Suspension - Loss of Results,announced,https://www.usada.org/sanction/tim-means-accepts-doping-sanction/,True,True,means tim,False,False
USADA,"Brandao, Diego",Mixed Martial Arts,not separately classified in source table,,False,pending_individual_verification,9-Month Suspension - Loss of Results,announced,https://www.usada.org/sanction/diego-brandao-accepts-doping-sanction/,True,True,brandao diego,False,False
USADA,"Faria, Breno Correina Abrantes",Brazilian Jiu-Jitsu - Athlete Support Personnel,not separately classified in source table,,False,pending_individual_verification,4-Year Suspension - Loss of Results,announced,https://www.usada.org/sanction/breno-faria-accepts-sanction/,True,True,abrantes breno correina faria,False,False
USADA,"Lehr, Daniel",Weightlifting,not separately classified in source table,,False,pending_individual_verification,4-Year Suspension with 3-Month Reduction - Loss of Results,announced,https://www.usada.org/sanction/daniel-lehr-accepts-doping-sanction/,True,True,daniel lehr,False,False
USADA,"Fischbach, Dylan",Paralympic Basketball,not separately classified in source table,,False,pending_individual_verification,2-Year Suspension - Loss of Results - Additional Results Disqualified,announced,https://www.usada.org/sanction/dylan-fischbach-accepts-doping-sanction/ | https://www.usada.org/sanction/dylan-fischbach-receives-disqualification-of-results/,True,True,dylan fischbach,False,False
USADA,"Lugo, Yamile",Cycling,not separately classified in source table,,False,pending_individual_verification,4-Year Suspension with 2-Year Reduction - Loss of Results,announced,https://www.usada.org/sanction/yamile-lugo-accepts-doping-sanction/,True,True,lugo yamile,False,False
USADA,"Romero, Yoel",Mixed Martial Arts,not separately classified in source table,,False,pending_individual_verification,6-Month Suspension,announced,https://www.usada.org/sanction/yoel-romero-accepts-sanction/,True,True,romero yoel,False,False
USADA,"De Castroverde, Landon",Weightlifting,not separately classified in source table,,False,pending_individual_verification,4-Year Suspension - Loss of Results,announced,https://www.usada.org/sanction/landon-de-castroverde-receives-sanction/,True,True,castroverde de landon,False,False
USADA,"Paulson, Ashley",Triathlon,not separately classified in source table,,False,pending_individual_verification,6-Month Suspension - Loss of Results,announced,https://www.usada.org/sanction/ashley-paulson-accepts-sanction/,True,True,ashley paulson,False,False
USADA,"Cho, Chris Hyun",Weightlifting,not separately classified in source table,,False,pending_individual_verification,6-Month Suspension - Loss of Results,announced,https://www.usada.org/sanction/hyun-cho-accepts-doping-saction/,True,True,cho chris hyun,False,False
USADA,"Buckley, Michael",Cycling,not separately classified in source table,,False,pending_individual_verification,4-Year Suspension - Loss of Results,announced,https://www.usada.org/sanction/michael-buckley-accepts-sanction/,True,True,buckley michael,False,False
USADA,*Name Removed,Paralympic Table Tennis,not separately classified in source table,,False,pending_individual_verification,Public Warning - Loss of Results,announced,,False,False,name removed,False,False
USADA,*Name Removed,Cycling,not separately classified in source table,,False,pending_individual_verification,6-Month Suspension - Loss of Results,announced,,False,False,name removed,False,False
USADA,"Tibau, Gleison",Mixed Martial Arts,not separately classified in source table,,False,pending_individual_verification,2-Year Suspension - Loss of Results,announced,https://www.usada.org/sanction/gleison-tibau-accepts-doping-sanction/,True,True,gleison tibau,False,False
USADA,"Leeper, Blake (Patrick)",Paralympic Track and Field,not separately classified in source table,,False,pending_individual_verification,1-Year Suspension - Loss of Results,announced,https://www.usada.org/sanction/us-paralympic-track-field-athlete-leeper-accepts-sanction-for-anti-doping-rule-violation/,True,True,blake leeper,False,False
USADA,"Kyle, Cicely",Weightlifting,not separately classified in source table,,False,pending_individual_verification,2-Year Suspension - Loss of Results,announced,https://www.usada.org/sanction/cicely-kyle-accepts-doping-sanction/,True,True,cicely kyle,False,False
USADA,"Roberto, Joseph",Weightlifting,not separately classified in source table,,False,pending_individual_verification,4-Year Suspension - Loss of Results,announced,https://www.usada.org/sanction/roberto-receives-doping-sanction/,True,True,joseph roberto,False,False
USADA,"Mariita, Lilian",Track and Field,not separately classified in source table,,False,pending_individual_verification,8-Year Suspension - Loss of Results,announced,https://www.usada.org/sanction/lilian-mariita-receives-sanction/,True,True,lilian mariita,False,False
USADA,"Harbert, Tara",Baseball,not separately classified in source table,,False,pending_individual_verification,8-Year Suspension - Loss of Results; Sanction tolled due to retirement,announced,https://www.usada.org/sanction/tara-harbert-accepts-doping-sanction/,True,True,harbert tara,False,False
USADA,"Rolo, Nelson",Cycling,not separately classified in source table,,False,pending_individual_verification,1-Year Suspension - Loss of Results,announced,https://www.usada.org/sanction/nelson-rolo-accepts-doping-sanction/,True,True,nelson rolo,False,False
USADA,"Hickman, Todd",Cycling,not separately classified in source table,,False,pending_individual_verification,4-Year Suspension - Loss of Results,announced,https://www.usada.org/sanction/us-cycling-athlete-hickman-accepts-sanction-for-anti-doping-rule-violation/,True,True,hickman todd,False,False
USADA,"Filipovic, Mirko",Mixed Martial Arts,not separately classified in source table,,False,pending_individual_verification,2-Year Suspension - Loss of Results,announced,https://www.usada.org/sanction/mirko-filipovic-receives-doping-violations/,True,True,filipovic mirko,False,False
USADA,*Name Removed,Track and Field,not separately classified in source table,,False,pending_individual_verification,Public Warning - Loss of Results,announced,,False,False,name removed,False,False
USADA,"Coushay, Brian",Track and Field,not separately classified in source table,,False,pending_individual_verification,2-Year Suspension - Loss of Results,announced,https://www.usada.org/sanction/brian-coushay-accepts-doping-sanction/,True,True,brian coushay,False,False
USADA,*Name Removed,Cycling,not separately classified in source table,,False,pending_individual_verification,6-Month Suspension with 3-Month Deferral - Loss of Results,announced,,False,False,name removed,False,False
USADA,"Trafeh, Mohamed",Track and Field,not separately classified in source table,,False,pending_individual_verification,4-Year Suspension - Loss of Results,announced,https://www.usada.org/sanction/aaa-arbitrator-imposes-four-year-sanction-us-track-field-athlete-trafeh-non-analytical-anti-doping-violations-involving-use-epo-evading-testing/ | https://www.usada.org/sanction/cas-decision-extend-sanction-trafeh/,True,True,mohamed trafeh,False,False
USADA,"Rybka, Jason",Weightlifting,not separately classified in source table,,False,pending_individual_verification,4-Year Suspension with 8 Month Reduction - Loss of Results,announced,https://www.usada.org/sanction/jason-rybka-accepts-doping-sanction/,True,True,jason rybka,False,False
USADA,"Field, Emily",Ice Hockey,not separately classified in source table,,False,pending_individual_verification,1-Year Suspension - Loss of Results,announced,https://www.usada.org/sanction/emily-field-accepts-whereabouts-sanction/,True,True,emily field,False,False
USADA,"Radcliffe, Robert",Triathlon,not separately classified in source table,,False,pending_individual_verification,18-Month Suspension - Loss of Results,announced,https://www.usada.org/sanction/robert-radcliffe-accepts-doping-sanction/,True,True,radcliffe robert,False,False
USADA,"Radcliffe, Brook",Triathlon,not separately classified in source table,,False,pending_individual_verification,2-Year Suspension - Loss of Results,announced,https://www.usada.org/sanction/brook-radcliffe-accepts-doping-sanction/,True,True,brook radcliffe,False,False
USADA,"Schmidt, Kyle",Cycling,not separately classified in source table,,False,pending_individual_verification,2-Year Suspension - Loss of Results,announced,https://www.usada.org/sanction/kyle-schmidt-accepts-doping-sanction/,True,True,kyle schmidt,False,False
USADA,"Pena, Felipe",Brazilian Jiu-Jitsu,not separately classified in source table,,False,pending_individual_verification,2-Year Suspension with 1 Year Reduction - Loss of Results,announced,https://www.usada.org/sanction/felipe-pena-accepts-doping-sanction/,True,True,felipe pena,False,False
USADA,*Name Removed,Cycling,not separately classified in source table,,False,pending_individual_verification,1-Year Suspension - Loss of Results,announced,,False,False,name removed,False,False
USADA,"McGillivray, Deanna",Team Handball,not separately classified in source table,,False,pending_individual_verification,2-Year Suspension - Loss of Results,announced,https://www.usada.org/sanction/deanna-mcgillivray/,True,True,deanna mcgillivray,False,False
USADA,"Mutinda, Joseph",Track and Field,not separately classified in source table,,False,pending_individual_verification,3-Year Suspension - Loss of Results,announced,https://www.usada.org/sanction/kenyan-track-field-athlete-mutinda-accepts-usada-sanction-rule-violations/,True,True,joseph mutinda,False,False
USADA,"Odesnik, Wayne",Tennis,not separately classified in source table,,False,pending_individual_verification,15-Year Suspension - Loss of Results,announced,https://www.usada.org/sanction/decision-wayne-odesnik/,True,True,odesnik wayne,False,False
USADA,"Ketema Asfaw, Atalelech",Track and Field,not separately classified in source table,,False,pending_individual_verification,2-Year Suspension - Loss of Results,announced,https://www.usada.org/sanction/aaa-panel-imposes-sanction-asfaw/,True,True,asfaw atalelech ketema,False,False
USADA,"Leinders, Geert",Cycling - Athlete Support Personnel,not separately classified in source table,,False,pending_individual_verification,Lifetime Suspension,announced,https://www.usada.org/sanction/pro-cycling-team-rabobank-board-member-chief-team-doctor-leinders-receives-lifetime-ban-multiple-anti-doping-rule-violations/,True,True,geert leinders,False,False
USADA,"North, Jonathan",Weightlifting,not separately classified in source table,,False,pending_individual_verification,2-Year Suspension - Loss of Results; Sanction tolled due to retirement; Unretired - Eligible to compete starting 2/1/2019,announced,https://www.usada.org/sanction/us-weightlifting-athlete-north-receives-sanction-rule-violation/,True,True,jonathan north,False,False
USADA,*Name Removed,Track and Field,not separately classified in source table,,False,pending_individual_verification,6-Month Suspension - Loss of Results,announced,,False,False,name removed,False,False
USADA,*Name Removed,Track and Field,not separately classified in source table,,False,pending_individual_verification,1-Year Suspension - Loss of Results,announced,,False,False,name removed,False,False
USADA,"McPherson, Inika",Track and Field,not separately classified in source table,,False,pending_individual_verification,21-Month Suspension - Loss of Results,announced,https://www.usada.org/sanction/us-track-field-athlete-mcpherson-accepts-sanction-rule-violation/,True,True,inika mcpherson,False,False
USADA,"Drummond, Jon",Track and Field - Athlete Support Personnel,not separately classified in source table,,False,pending_individual_verification,8-Year Suspension,announced,https://www.usada.org/sanction/aaa-panel-imposes-eight-year-ban-us-track-field-coach-drummond-multiple-anti-doping-rule-violations/,True,True,drummond jon,False,False
USADA,"Estima, Braulio",Brazilian Jiu-Jitsu,not separately classified in source table,,False,pending_individual_verification,2-Year Suspension - Loss of Results,announced,https://www.usada.org/sanction/brazilian-jiu-jitsu-athlete-estima-accepts-sanction-for-rule-violation/,True,True,braulio estima,False,False
USADA,"Carlin, Nikki",Weightlifting,not separately classified in source table,,False,pending_individual_verification,2-Year Suspension - Loss of Results; sanction tolled due to a whereabouts compliance failure,announced,https://www.usada.org/sanction/us-weightlifting-athlete-carlin-accepts-sanction-for-rule-violation/,True,True,carlin nikki,False,False
USADA,*Name Removed,Wrestling,not separately classified in source table,,False,pending_individual_verification,6-Month Suspension - Loss of Results,announced,,False,False,name removed,False,False
USADA,*Name Removed,Ice Hockey,not separately classified in source table,,False,pending_individual_verification,1-Year Suspension - Loss of Results,announced,,False,False,name removed,False,False
USADA,*Name Removed,Weightlifting,not separately classified in source table,,False,pending_individual_verification,21-Month Suspension - Loss of Results,announced,,False,False,name removed,False,False
USADA,*Name Removed,Judo,not separately classified in source table,,False,pending_individual_verification,1-Year Suspension - Loss of Results,announced,,False,False,name removed,False,False
USADA,*Name Removed,Track and Field,not separately classified in source table,,False,pending_individual_verification,3-Month Suspension - Loss of Results,announced,,False,False,name removed,False,False
USADA,"Martin, James",Cycling,not separately classified in source table,,False,pending_individual_verification,2-Year Suspension - Loss of Results,announced,https://www.usada.org/sanction/us-cycling-athlete-martin-receives-sanction-rule-violation/,True,True,james martin,False,False
USADA,*Name Removed,Cycling,not separately classified in source table,,False,pending_individual_verification,8-Month Suspension - Loss of Results; Sanction tolled due to retirement,announced,,False,False,name removed,False,False
USADA,*Name Removed,Bobsled and Skeleton,not separately classified in source table,,False,pending_individual_verification,1-Year Suspension - Loss of Results,announced,,False,False,name removed,False,False
USADA,*Name Removed,Track and Field,not separately classified in source table,,False,pending_individual_verification,1-Year Suspension - Loss of Results,announced,,False,False,name removed,False,False
USADA,*Name Removed,Rowing,not separately classified in source table,,False,pending_individual_verification,9-Month Suspension - Loss of Results,announced,,False,False,name removed,False,False
USADA,*Name Removed,Track and Field,not separately classified in source table,,False,pending_individual_verification,1-Year Suspension - Loss of Results,announced,,False,False,name removed,False,False
USADA,*Name Removed,Wrestling,not separately classified in source table,,False,pending_individual_verification,2-Year Suspension - Loss of Results,announced,,False,False,name removed,False,False
USADA,"Robertson, Todd",Cycling,not separately classified in source table,,False,pending_individual_verification,8-Year Suspension - Loss of Results; Second Violation,announced,https://www.usada.org/sanction/us-cycling-athlete-robertson-accepts-sanction-for-anti-doping-rule-violation/,True,True,robertson todd,False,False
USADA,*Name Removed,Track and Field,not separately classified in source table,,False,pending_individual_verification,2-Year Suspension with 1 Year Reduction - Loss of Results,announced,,False,False,name removed,False,False
USADA,"Koon, Paul",Boxing,not separately classified in source table,,False,pending_individual_verification,2-Year Suspension - Loss of Results,announced,https://www.usada.org/sanction/u-s-boxing-athlete-koon-receives-sanction-for-anti-doping-rule-violation/,True,True,koon paul,False,False
USADA,*Name Removed,Track and Field,not separately classified in source table,,False,pending_individual_verification,1-Year Suspension - Loss of Results,announced,,False,False,name removed,False,False
USADA,*Name Removed,Track and Field,not separately classified in source table,,False,pending_individual_verification,2-Year Suspension - Loss of Results,announced,,False,False,name removed,False,False
USADA,*Name Removed,Brazillian Jiu-Jitsu,not separately classified in source table,,False,pending_individual_verification,Loss of Results,announced,,False,False,name removed,False,False
USADA,*Name Removed,Bowling,not separately classified in source table,,False,pending_individual_verification,Public Warning,announced,,False,False,name removed,False,False
USADA,*Name Removed,Judo,not separately classified in source table,,False,pending_individual_verification,3-Month Suspension - Loss of Results,announced,,False,False,name removed,False,False
USADA,*Name Removed,Speedskating,not separately classified in source table,,False,pending_individual_verification,9-Month Suspension - Loss of Results,announced,,False,False,name removed,False,False
USADA,*Name Removed,Track and Field,not separately classified in source table,,False,pending_individual_verification,4 Month Suspension - Loss of Results,announced,,False,False,name removed,False,False
USADA,*Name Removed,Cycling,not separately classified in source table,,False,pending_individual_verification,2-Year Suspension - Loss of Results,announced,,False,False,name removed,False,False
USADA,*Name Removed,Cycling,not separately classified in source table,,False,pending_individual_verification,2-Year Suspension - Loss of Results,announced,,False,False,name removed,False,False
USADA,*Name Removed,Weightlifting,not separately classified in source table,,False,pending_individual_verification,2-Year Suspension - Loss of Results,announced,,False,False,name removed,False,False
USADA,*Name Removed,Cycling,not separately classified in source table,,False,pending_individual_verification,2-Year Suspension - Loss of Results,announced,,False,False,name removed,False,False
USADA,*Name Removed,Volleyball,not separately classified in source table,,False,pending_individual_verification,13-Month Suspension - Loss of Results,announced,,False,False,name removed,False,False
USADA,*Name Removed,Track and Field,not separately classified in source table,,False,pending_individual_verification,2-Year Suspension - Loss of Results,announced,,False,False,name removed,False,False
USADA,*Name Removed,Cycling,not separately classified in source table,,False,pending_individual_verification,9-Month Suspension - Loss of Results,announced,,False,False,name removed,False,False
USADA,*Name Removed,Cycling,not separately classified in source table,,False,pending_individual_verification,2-Year Suspension - Loss of Results,announced,,False,False,name removed,False,False
USADA,*Name Removed,Paralympic Cycling,not separately classified in source table,,False,pending_individual_verification,180 Day Suspension - Loss of Results,announced,,False,False,name removed,False,False
USADA,*Name Removed,Track and Field,not separately classified in source table,,False,pending_individual_verification,6-Month Suspension - Loss of Results,announced,,False,False,name removed,False,False
USADA,*Name Removed,Paralympic Track and Field,not separately classified in source table,,False,pending_individual_verification,2-Year Suspension - Loss of Results; sanction extended due to a whereabouts compliance failure,announced,,False,False,name removed,False,False
USADA,*Name Removed,Track and Field,not separately classified in source table,,False,pending_individual_verification,6-Month Suspension with 3-Month Deferral - Loss of Results,announced,,False,False,name removed,False,False
USADA,*Name Removed,Wrestling,not separately classified in source table,,False,pending_individual_verification,8-Month Suspension - Loss of Results,announced,,False,False,name removed,False,False
USADA,*Name Removed,Cycling,not separately classified in source table,,False,pending_individual_verification,2-Year Suspension - Loss of Results,announced,,False,False,name removed,False,False
USADA,*Name Removed,Weightlifting,not separately classified in source table,,False,pending_individual_verification,2-Year Suspension - Loss of Results,announced,,False,False,name removed,False,False
USADA,*Name Removed,Rowing,not separately classified in source table,,False,pending_individual_verification,Public Warning - Loss of Results,announced,,False,False,name removed,False,False
USADA,*Name Removed,Rowing,not separately classified in source table,,False,pending_individual_verification,Public Warning - Loss of Results,announced,,False,False,name removed,False,False
USADA,*Name Removed,Cycling,not separately classified in source table,,False,pending_individual_verification,6-Month Suspension - Loss of Results,announced,,False,False,name removed,False,False
USADA,*Name Removed,Weightlifting,not separately classified in source table,,False,pending_individual_verification,9-Month Suspension - Loss of Results,announced,,False,False,name removed,False,False
USADA,*Name Removed,Weightlifting,not separately classified in source table,,False,pending_individual_verification,9-Month Suspension - Loss of Results,announced,,False,False,name removed,False,False
USADA,*Name Removed,"Cycling, Triathlon",not separately classified in source table,,False,pending_individual_verification,18-Month Suspension - Loss of Results,announced,,False,False,name removed,False,False
USADA,*Name Removed,Paralympic Boccia,not separately classified in source table,,False,pending_individual_verification,Public Warning,announced,,False,False,name removed,False,False
USADA,*Name Removed,Track and Field,not separately classified in source table,,False,pending_individual_verification,2-Year Suspension with 1 Year Reduction - Loss of Results,announced,,False,False,name removed,False,False
USADA,*Name Removed,Cycling,not separately classified in source table,,False,pending_individual_verification,2-Year Suspension - Loss of Results; 2-Year Suspension Restarted - Loss of Results,announced,,False,False,name removed,False,False
USADA,*Name Removed,Track and Field,not separately classified in source table,,False,pending_individual_verification,18-Month Suspension - Loss of Results,announced,,False,False,name removed,False,False
USADA,"Flanagan, Tyler",Skiing and Snowboarding,not separately classified in source table,,False,pending_individual_verification,2-Year Suspension - Loss of Results; Sanction tolled,announced,https://www.usada.org/sanction/us-snowboarding-athlete-flanagan-accepts-sanction-for-anti-doping-rule-violation/,True,True,flanagan tyler,False,False
USADA,*Name Removed,Cycling,not separately classified in source table,,False,pending_individual_verification,2-Year Suspension - Loss of Results,announced,,False,False,name removed,False,False
USADA,*Name Removed,Track and Field,not separately classified in source table,,False,pending_individual_verification,2-Year Suspension - Loss of Results,announced,,False,False,name removed,False,False
USADA,*Name Removed,Professional Boxing,not separately classified in source table,,False,pending_individual_verification,2-Year Suspension - Loss of Results,announced,,False,False,name removed,False,False
USADA,*Name Removed,Paralympic Sailing,not separately classified in source table,,False,pending_individual_verification,Public Warning,announced,,False,False,name removed,False,False
USADA,*Name Removed,Track and Field,not separately classified in source table,,False,pending_individual_verification,2-Year Suspension - Loss of Results,announced,,False,False,name removed,False,False
USADA,*Name Removed,Cycling,not separately classified in source table,,False,pending_individual_verification,16-Month Suspension - Loss of Results,announced,,False,False,name removed,False,False
USADA,*Name Removed,Cycling,not separately classified in source table,,False,pending_individual_verification,18-Month Suspension - Loss of Results,announced,,False,False,name removed,False,False
USADA,*Name Removed,Shooting,not separately classified in source table,,False,pending_individual_verification,1-Year Suspension - Loss of Results,announced,,False,False,name removed,False,False
USADA,*Name Removed,Track and Field,not separately classified in source table,,False,pending_individual_verification,Public Warning - Loss of Results,announced,,False,False,name removed,False,False
USADA,*Name Removed,Track and Field,not separately classified in source table,,False,pending_individual_verification,2-Year Suspension with 6 Month Reduction - Loss of Results,announced,,False,False,name removed,False,False
USADA,*Name Removed,Triathlon,not separately classified in source table,,False,pending_individual_verification,4-Year Suspension - Loss of Results,announced,,False,False,name removed,False,False
USADA,*Name Removed,Cycling,not separately classified in source table,,False,pending_individual_verification,6-Month Suspension - Loss of Results,announced,,False,False,name removed,False,False
USADA,"Danielson, Tom",Cycling,not separately classified in source table,,False,pending_individual_verification,6-Month Suspension - Loss of Results,announced,https://www.usada.org/sanction/statement-from-usada-ceo-travis-t-tygart-regarding-the-u-s-postal-service-pro-cycling-team-doping-conspiracy/,True,True,danielson tom,False,False
USADA,*Name Removed,Cycling,not separately classified in source table,,False,pending_individual_verification,6-Month Suspension - Loss of Results,announced,,False,False,name removed,False,False
USADA,*Name Removed,Cycling,not separately classified in source table,,False,pending_individual_verification,6-Month Suspension - Loss of Results,announced,,False,False,name removed,False,False
USADA,*Name Removed,Cycling,not separately classified in source table,,False,pending_individual_verification,6-Month Suspension - Loss of Results,announced,,False,False,name removed,False,False
USADA,*Name Removed,Cycling,not separately classified in source table,,False,pending_individual_verification,6-Month Suspension - Loss of Results,announced,,False,False,name removed,False,False
USADA,*Name Removed,Cycling,not separately classified in source table,,False,pending_individual_verification,6-Month Suspension - Loss of Results,announced,,False,False,name removed,False,False
USADA,*Name Removed,Track and Field,not separately classified in source table,,False,pending_individual_verification,2-Year Suspension - Loss of Results,announced,,False,False,name removed,False,False
USADA,*Name Removed,Cycling,not separately classified in source table,,False,pending_individual_verification,2-Year Suspension - Loss of Results,announced,,False,False,name removed,False,False
USADA,*Name Removed,Wrestling,not separately classified in source table,,False,pending_individual_verification,1-Year Suspension - Loss of Results,announced,,False,False,name removed,False,False
USADA,*Name Removed,Cycling,not separately classified in source table,,False,pending_individual_verification,3-Month Suspension with 3-Month Deferral - Loss of Results,announced,,False,False,name removed,False,False
USADA,"Armstrong, Lance",Cycling,not separately classified in source table,,False,pending_individual_verification,Lifetime Suspension - Loss of Results,announced,https://www.usada.org/sanction/lance-armstrong-receives-lifetime-ban-and-disqualification-of-competitive-results-for-doping-violations-stemming-from-his-involvement-in-the-united-states-postal-service-pro-cycling-team-doping-conspi/,True,True,armstrong lance,True,False
USADA,*Name Removed,"Paralympic Nordic Skiing, Paralympic Cycling",not separately classified in source table,,False,pending_individual_verification,3-Month Suspension - Loss of Results,announced,,False,False,name removed,False,False
USADA,*Name Removed,Paralympic Track and Field,not separately classified in source table,,False,pending_individual_verification,1-Year Suspension - Loss of Results; Second Violation,announced,,False,False,name removed,False,False
USADA,*Name Removed,Cycling,not separately classified in source table,,False,pending_individual_verification,2-Year Suspension - Loss of Results,announced,,False,False,name removed,False,False
USADA,*Name Removed,Judo,not separately classified in source table,,False,pending_individual_verification,3-Month Suspension - Loss of Results,announced,,False,False,name removed,False,False
USADA,*Name Removed,Weightlifting,not separately classified in source table,,False,pending_individual_verification,3-Year Suspension - Loss of Results,announced,,False,False,name removed,False,False
USADA,"Ferrari, Michele",Cycling - Athlete Support Personnel,not separately classified in source table,,False,pending_individual_verification,Lifetime Suspension,announced,https://www.usada.org/sanction/members-of-the-united-states-postal-service-pro-cycling-team-doping-conspiracy-dr-garcia-del-moral-dr-ferrari-and-trainer-marti-receive-lifetime-bans-for-doping-violations/,True,True,ferrari michele,True,False
USADA,*Name Removed,Soccer,not separately classified in source table,,False,pending_individual_verification,Public Warning,announced,,False,False,name removed,False,False
USADA,*Name Removed,Wrestling,not separately classified in source table,,False,pending_individual_verification,1-Year Suspension - Loss of Results; Second Violation,announced,,False,False,name removed,False,False
USADA,*Name Removed,"Paralympic Track and Field, Paralympic Rowing",not separately classified in source table,,False,pending_individual_verification,Public Warning - Loss of Results,announced,,False,False,name removed,False,False
USADA,*Name Removed,Cycling,not separately classified in source table,,False,pending_individual_verification,6-Month Suspension - Loss of Results,announced,,False,False,name removed,False,False
USADA,*Name Removed,Paralympic Archery,not separately classified in source table,,False,pending_individual_verification,Public Warning - Loss of Results,announced,,False,False,name removed,False,False
USADA,*Name Removed,Judo,not separately classified in source table,,False,pending_individual_verification,2-Year Suspension - Loss of Results,announced,,False,False,name removed,False,False
USADA,*Name Removed,Weightlifting,not separately classified in source table,,False,pending_individual_verification,2-Year Suspension - Loss of Results,announced,,False,False,name removed,False,False
USADA,*Name Removed,Rowing,not separately classified in source table,,False,pending_individual_verification,1-Year Suspension - Loss of Results,announced,,False,False,name removed,False,False
USADA,"Robertson, Todd",Cycling,not separately classified in source table,,False,pending_individual_verification,2-Year Suspension with 9 Month Reduction - Loss of Results,announced,https://www.usada.org/sanction/us-cycling-athlete-accepts-sanction-for-anti-doping-rule-violation/,True,True,robertson todd,False,False
USADA,*Name Removed,Track and Field,not separately classified in source table,,False,pending_individual_verification,9-Month Suspension - Loss of Results,announced,,False,False,name removed,False,False
USADA,*Name Removed,Boxing,not separately classified in source table,,False,pending_individual_verification,1-Year Suspension - Loss of Results,announced,,False,False,name removed,False,False
USADA,*Name Removed,Boxing,not separately classified in source table,,False,pending_individual_verification,1-Year Suspension - Loss of Results,announced,,False,False,name removed,False,False
USADA,"Brandt-Sorenson, Nick",Cycling,not separately classified in source table,,False,pending_individual_verification,2-Year Suspension - Loss of Results,announced,https://www.usada.org/sanction/us-cycling-athlete-accepts-sanction-for-anti-doping-rule-violation-2/,True,True,brandt nick sorenson,False,False
USADA,*Name Removed,Taekwondo,not separately classified in source table,,False,pending_individual_verification,1-Year Suspension with 2-Month Reduction - Loss of Results,announced,,False,False,name removed,False,False
USADA,*Name Removed,Boxing,not separately classified in source table,,False,pending_individual_verification,6-Month Suspension - Loss of Results,announced,,False,False,name removed,False,False
USADA,*Name Removed,Field Hockey,not separately classified in source table,,False,pending_individual_verification,2-Month Suspension - Loss of Results,announced,,False,False,name removed,False,False
USADA,*Name Removed,Cycling,not separately classified in source table,,False,pending_individual_verification,2-Year Suspension - Loss of Results,announced,,False,False,name removed,False,False
USADA,*Name Removed,Taekwondo,not separately classified in source table,,False,pending_individual_verification,2-Year Suspension - Loss of Results; Sanction was tolled due to whereabouts compliance failure,announced,,False,False,name removed,False,False
USADA,*Name Removed,Track and Field,not separately classified in source table,,False,pending_individual_verification,8-Month Suspension - Loss of Results,announced,,False,False,name removed,False,False
USADA,*Name Removed,Cycling,not separately classified in source table,,False,pending_individual_verification,8 Month Suspension - Loss of Results,announced,,False,False,name removed,False,False
USADA,*Name Removed,Track and Field,not separately classified in source table,,False,pending_individual_verification,2-Year Suspension - Loss of Results,announced,,False,False,name removed,False,False
USADA,*Name Removed,Cycling,not separately classified in source table,,False,pending_individual_verification,Lifetime Suspension with Reduction to 8-Year Suspension - Loss of Results; Second Violation,announced,,False,False,name removed,False,False
USADA,*Name Removed,Track and Field,not separately classified in source table,,False,pending_individual_verification,2-Year Suspension - Loss of Results,announced,,False,False,name removed,False,False
USADA,*Name Removed,Boxing,not separately classified in source table,,False,pending_individual_verification,3-Month Suspension with 3-Month Deferral - Loss of Results,announced,,False,False,name removed,False,False
USADA,*Name Removed,Wrestling,not separately classified in source table,,False,pending_individual_verification,2-Year Suspension - Loss of Results,announced,,False,False,name removed,False,False
USADA,"DiBuono, Matthew",Track and Field,not separately classified in source table,,False,pending_individual_verification,4-Year Suspension - Loss of Results,announced,https://www.usada.org/sanction/us-track-and-field-athlete-accepts-sanction-for-doping-violation-3/,True,True,dibuono matthew,False,False
USADA,*Name Removed,Cycling,not separately classified in source table,,False,pending_individual_verification,2-Year Suspension - Loss of Results,announced,,False,False,name removed,False,False
USADA,*Name Removed,Track and Field,not separately classified in source table,,False,pending_individual_verification,2-Year Suspension - Loss of Results,announced,,False,False,name removed,False,False
USADA,"Clinger, David",Cycling,not separately classified in source table,,False,pending_individual_verification,Lifetime Suspension - Loss of Results; Second Violation,announced,https://www.usada.org/sanction/us-cyclist-receives-sanction-for-lifetime-ineligibility-for-second-doping-offense/,True,True,clinger david,False,False
USADA,*Name Removed,"Paralympic Track and Field, Paralympic Triathlon",not separately classified in source table,,False,pending_individual_verification,6-Month Suspension - Loss of Results,announced,,False,False,name removed,False,False
USADA,*Name Removed,Paralympic Track and Field,not separately classified in source table,,False,pending_individual_verification,3-Month Suspension with 3-Month Deferral - Loss of Results,announced,,False,False,name removed,False,False
USADA,*Name Removed,Cycling,not separately classified in source table,,False,pending_individual_verification,2-Year Suspension - Loss of Results,announced,,False,False,name removed,False,False
USADA,*Name Removed,Weightlifting,not separately classified in source table,,False,pending_individual_verification,6-Month Suspension - Loss of Results,announced,,False,False,name removed,False,False
USADA,*Name Removed,Cycling,not separately classified in source table,,False,pending_individual_verification,2-Year Suspension - Loss of Results,announced,,False,False,name removed,False,False
USADA,*Name Removed,Diving,not separately classified in source table,,False,pending_individual_verification,1-Year Suspension - Loss of Results,announced,,False,False,name removed,False,False
USADA,"Zajicek, Philip",Cycling,not separately classified in source table,,False,pending_individual_verification,Lifetime Suspension - Loss of Results; Second Violation,announced,https://www.usada.org/sanction/us-cyclist-zajicek-admits-doping-violations-accepts-sanction-for-lifetime-ineligibility/,True,True,philip zajicek,False,False
USADA,*Name Removed,Taekwondo,not separately classified in source table,,False,pending_individual_verification,6-Month Suspension - Loss of Results,announced,,False,False,name removed,False,False
USADA,*Name Removed,Track and Field,not separately classified in source table,,False,pending_individual_verification,1-Year Suspension - Loss of Results; Second Violation,announced,,False,False,name removed,False,False
USADA,*Name Removed,Cycling,not separately classified in source table,,False,pending_individual_verification,2-Year Suspension - Loss of Results,announced,,False,False,name removed,False,False
USADA,*Name Removed,Cycling,not separately classified in source table,,False,pending_individual_verification,2-Year Suspension - Loss of Results,announced,,False,False,name removed,False,False
USADA,*Name Removed,Cycling,not separately classified in source table,,False,pending_individual_verification,2-Year Suspension - Loss of Results,announced,,False,False,name removed,False,False
USADA,"Block, Mark",Track and Field - Athlete Support Personnel,not separately classified in source table,,False,pending_individual_verification,10 Year Suspension,announced,https://www.usada.org/sanction/international-track-field-sports-agent-and-event-manager-mark-block-receives-10-year-suspension-from-independent-arbitration-panel-based-on-participation-in-balco-drug-conspiracy/,True,True,block mark,False,False
USADA,*Name Removed,Paralympic Alpine Skiing,not separately classified in source table,,False,pending_individual_verification,Public Warning - Loss of Results,announced,,False,False,name removed,False,False
USADA,*Name Removed,Cycling,not separately classified in source table,,False,pending_individual_verification,18-Month Suspension - Loss of Results,announced,,False,False,name removed,False,False
USADA,*Name Removed,Cycling,not separately classified in source table,,False,pending_individual_verification,2-Year Suspension - Loss of Results,announced,,False,False,name removed,False,False
USADA,*Name Removed,Cycling,not separately classified in source table,,False,pending_individual_verification,2-Year Suspension - Loss of Results,announced,,False,False,name removed,False,False
USADA,*Name Removed,Rowing,not separately classified in source table,,False,pending_individual_verification,Public Warning - Loss of Results,announced,,False,False,name removed,False,False
USADA,*Name Removed,Track and Field,not separately classified in source table,,False,pending_individual_verification,2-Year Suspension - Loss of Results,announced,,False,False,name removed,False,False
USADA,*Name Removed,Track and Field,not separately classified in source table,,False,pending_individual_verification,21-Month Suspension - Loss of Results,announced,,False,False,name removed,False,False
USADA,"O'Bee, Kirk",Cycling,not separately classified in source table,,False,pending_individual_verification,Lifetime - Loss of Results; Second Violation,announced,https://www.usada.org/sanction/arbitrators-impose-lifetime-ban-on-u-s-cyclist-obee-disqualify-results-back-to-2005-including-2007-u-s-national-championship/,True,True,bee kirk o,False,False
USADA,*Name Removed,Swimming,not separately classified in source table,,False,pending_individual_verification,6-Month Suspension - Loss of Results,announced,,False,False,name removed,False,False
USADA,*Name Removed,Cycling,not separately classified in source table,,False,pending_individual_verification,2-Year Suspension - Loss of Results,announced,,False,False,name removed,False,False
USADA,*Name Removed,Speedskating,not separately classified in source table,,False,pending_individual_verification,1-Year Suspension - Loss of Results,announced,,False,False,name removed,False,False
USADA,"Dickey, Duane",Cycling,not separately classified in source table,,False,pending_individual_verification,Lifetime Suspension - Loss of Results,announced,https://www.usada.org/sanction/cycling-athlete-receives-lifetime-ban-for-second-doping-violation/,True,True,dickey duane,False,False
USADA,*Name Removed,Cycling,not separately classified in source table,,False,pending_individual_verification,3-Month Suspension with 3-Month Deferral - Loss of Results,announced,,False,False,name removed,False,False
USADA,*Name Removed,Track and Field,not separately classified in source table,,False,pending_individual_verification,2-Year Suspension - Loss of Results,announced,,False,False,name removed,False,False
USADA,*Name Removed,Track and Field,not separately classified in source table,,False,pending_individual_verification,2-Year Suspension - Loss of Results,announced,,False,False,name removed,False,False
USADA,*Name Removed,Roller Sports,not separately classified in source table,,False,pending_individual_verification,1-Year Suspension - Loss of Results,announced,,False,False,name removed,False,False
USADA,*Name Removed,Track and Field,not separately classified in source table,,False,pending_individual_verification,3-Month Suspension with 3-Month Deferral - Loss of Results,announced,,False,False,name removed,False,False
USADA,*Name Removed,Paralympic Rugby,not separately classified in source table,,False,pending_individual_verification,2-Year Suspension - Loss of Results,announced,,False,False,name removed,False,False
USADA,*Name Removed,Water Polo,not separately classified in source table,,False,pending_individual_verification,3-Month Suspension with 3-Month Deferral - Loss of Results,announced,,False,False,name removed,False,False
USADA,*Name Removed,Weightlifting,not separately classified in source table,,False,pending_individual_verification,2-Year Suspension - Loss of Results,announced,,False,False,name removed,False,False
USADA,"Stewart, Raymond",Track and Field - Athlete Support Personnel,not separately classified in source table,,False,pending_individual_verification,Lifetime Suspension,announced,https://www.usada.org/sanction/u-s-track-field-coach-raymond-stewart-receives-lifetime-suspension/,True,True,raymond stewart,False,False
USADA,*Name Removed,Boxing,not separately classified in source table,,False,pending_individual_verification,2-Year Suspension - Loss of Results,announced,,False,False,name removed,False,False
USADA,*Name Removed,Boxing,not separately classified in source table,,False,pending_individual_verification,2-Year Suspension - Loss of Results,announced,,False,False,name removed,False,False
USADA,*Name Removed,Basketball,not separately classified in source table,,False,pending_individual_verification,6-Month Suspension,announced,,False,False,name removed,False,False
USADA,*Name Removed,Basketball,not separately classified in source table,,False,pending_individual_verification,2-Year Suspension with 112 Day Increase for Playing During Suspension,announced,,False,False,name removed,False,False
USADA,"Cosby-Toruga, Jessica",Track and Field,not separately classified in source table,,False,pending_individual_verification,4 Month Suspension - Loss of Results,announced,https://www.usada.org/sanction/independent-panel-issues-four-month-suspension-to-track-field-athlete-cosby-for-doping-offense/,True,True,cosby jessica toruga,False,False
USADA,*Name Removed,Taekwondo,not separately classified in source table,,False,pending_individual_verification,6-Month Suspension - Loss of Results,announced,,False,False,name removed,False,False
USADA,*Name Removed,Bobsled and Skeleton,not separately classified in source table,,False,pending_individual_verification,2-Year Suspension - Loss of Results,announced,,False,False,name removed,False,False
USADA,*Name Removed,Diving,not separately classified in source table,,False,pending_individual_verification,3-Month Suspension with 3-Month Deferral - Loss of Results,announced,,False,False,name removed,False,False
USADA,*Name Removed,Cycling,not separately classified in source table,,False,pending_individual_verification,2-Year Sanction with 30% Reduction - Loss of Results,announced,,False,False,name removed,False,False
USADA,"Clinger, David",Cycling,not separately classified in source table,,False,pending_individual_verification,2-Year Suspension - Loss of Results,announced,https://www.usada.org/sanction/independent-panel-issues-two-year-suspension-to-u-s-cycling-athlete-clinger-for-doping-offense/,True,True,clinger david,False,False
USADA,*Name Removed,Track and Field,not separately classified in source table,,False,pending_individual_verification,3-Month Suspension with 3-Month Deferral - Loss of Results,announced,,False,False,name removed,False,False
USADA,*Name Removed,Track and Field,not separately classified in source table,,False,pending_individual_verification,2-Year Suspension - Loss of Results,announced,,False,False,name removed,False,False
USADA,*Name Removed,Track and Field,not separately classified in source table,,False,pending_individual_verification,2-Year Suspension - Loss of Results,announced,,False,False,name removed,False,False
USADA,*Name Removed,Track and Field,not separately classified in source table,,False,pending_individual_verification,4-Year Suspension - Loss of Results; Second Violation,announced,,False,False,name removed,False,False
USADA,*Name Removed,Track and Field,not separately classified in source table,,False,pending_individual_verification,2-Year Suspension - Loss of Results,announced,,False,False,name removed,False,False
USADA,*Name Removed,Track and Field,not separately classified in source table,,False,pending_individual_verification,6-Month Suspension - Loss of Results,announced,,False,False,name removed,False,False
USADA,*Name Removed,Cycling,not separately classified in source table,,False,pending_individual_verification,3-Month Suspension with 3-Month Deferral - Loss of Results,announced,,False,False,name removed,False,False
USADA,*Name Removed,Judo,not separately classified in source table,,False,pending_individual_verification,2-Year Suspension - Loss of Results,announced,,False,False,name removed,False,False
USADA,*Name Removed,Cycling,not separately classified in source table,,False,pending_individual_verification,2-Year Suspension - Loss of Results Suspension Extended 103 Days,announced,,False,False,name removed,False,False
USADA,*Name Removed,Cycling,not separately classified in source table,,False,pending_individual_verification,3-Month Suspension with 3-Month Deferral - Loss of Results,announced,,False,False,name removed,False,False
USADA,*Name Removed,Cycling,not separately classified in source table,,False,pending_individual_verification,2-Year Suspension - Loss of Results,announced,,False,False,name removed,False,False
USADA,*Name Removed,Team Handball,not separately classified in source table,,False,pending_individual_verification,2-Year Suspension - Loss of Results,announced,,False,False,name removed,False,False
USADA,*Name Removed,Cycling,not separately classified in source table,,False,pending_individual_verification,3-Month Suspension with 3-Month Deferral - Loss of Results,announced,,False,False,name removed,False,False
USADA,"Hamilton, Tyler",Cycling,not separately classified in source table,,False,pending_individual_verification,8-Year Suspension - Loss of Results; Second Violation,announced,https://www.usada.org/sanction/u-s-cyclist-hamilton-accepts-eight-year-suspension-for-doping-violation/,True,True,hamilton tyler,False,False
USADA,*Name Removed,Paralympic Alpine Skiing,not separately classified in source table,,False,pending_individual_verification,3-Month Suspension with 3-Month Deferral - Loss of Results,announced,,False,False,name removed,False,False
USADA,*Name Removed,Wrestling,not separately classified in source table,,False,pending_individual_verification,3-Month Suspension with 3-Month Deferral - Loss of Results,announced,,False,False,name removed,False,False
USADA,*Name Removed,Skiing and Snowboarding,not separately classified in source table,,False,pending_individual_verification,3-Month Suspension - Loss of Results,announced,,False,False,name removed,False,False
USADA,*Name Removed,Swimming,not separately classified in source table,,False,pending_individual_verification,1-Year Suspension - Loss of Results,announced,,False,False,name removed,False,False
USADA,*Name Removed,Paralympic Sled Hockey,not separately classified in source table,,False,pending_individual_verification,3-Month Suspension with 3-Month Deferral - Loss of Results,announced,,False,False,name removed,False,False
USADA,*Name Removed,Cycling,not separately classified in source table,,False,pending_individual_verification,2-Year Suspension - Loss of Results,announced,,False,False,name removed,False,False
USADA,*Name Removed,Track and Field,not separately classified in source table,,False,pending_individual_verification,3-Month Suspension with 3-Month Deferral - Loss of Results,announced,,False,False,name removed,False,False
USADA,*Name Removed,Rowing,not separately classified in source table,,False,pending_individual_verification,2-Year Suspension - Loss of Results,announced,,False,False,name removed,False,False
USADA,*Name Removed,Track and Field,not separately classified in source table,,False,pending_individual_verification,2-Year Suspension - Loss of Results,announced,,False,False,name removed,False,False
USADA,*Name Removed,Paralympic Track and Field,not separately classified in source table,,False,pending_individual_verification,2-Year Suspension - Loss of Results,announced,,False,False,name removed,False,False
USADA,*Name Removed,Swimming,not separately classified in source table,,False,pending_individual_verification,6-Month Suspension,announced,,False,False,name removed,False,False
USADA,*Name Removed,Track and Field,not separately classified in source table,,False,pending_individual_verification,2-Year Suspension - Loss of Results,announced,,False,False,name removed,False,False
USADA,"LeoGrande, Kayle",Cycling,not separately classified in source table,,False,pending_individual_verification,2-Year Suspension - Loss of Results,announced,https://www.usada.org/sanction/u-s-cycling-athlete-receives-suspension-for-doping-violation/,True,True,kayle leogrande,False,False
USADA,*Name Removed,Weightlifting,not separately classified in source table,,False,pending_individual_verification,2-Year Suspension - Loss of Results,announced,,False,False,name removed,False,False
USADA,*Name Removed,Shooting,not separately classified in source table,,False,pending_individual_verification,6-Month Suspension - Loss of Results,announced,,False,False,name removed,False,False
USADA,*Name Removed,Cycling,not separately classified in source table,,False,pending_individual_verification,2-Year Suspension - Loss of Results,announced,,False,False,name removed,False,False
USADA,*Name Removed,Cycling,not separately classified in source table,,False,pending_individual_verification,2-Year Suspension - Loss of Results,announced,,False,False,name removed,False,False
USADA,"Graham, Trevor",Track and Field - Athlete Support Personnel,not separately classified in source table,,False,pending_individual_verification,Lifetime Suspension,announced,https://www.usada.org/sanction/usada-imposes-lifetime-ban-against-former-track-field-coach-trevor-graham/,True,True,graham trevor,False,False
USADA,*Name Removed,Weightlifting,not separately classified in source table,,False,pending_individual_verification,2-Year Suspension - Loss of Results,announced,,False,False,name removed,False,False
USADA,"Young, Jerome",Track and Field,not separately classified in source table,,False,pending_individual_verification,Lifetime Suspension - Loss of Results,announced,https://www.usada.org/sanction/u-s-track-athlete-jerome-young-receives-lifetime-ban-for-second-drug-violation/ | https://www.usada.org/sanction/former-track-field-athlete-jerome-young-accepts-additional-sanctions-and-return-of-world-championship-medal/,True,True,jerome young,True,False
USADA,*Name Removed,Track and Field,not separately classified in source table,,False,pending_individual_verification,4-Year Suspension - Loss of Results,announced,,False,False,name removed,False,False
USADA,*Name Removed,Track and Field,not separately classified in source table,,False,pending_individual_verification,2-Year Suspension - Loss of Results,announced,,False,False,name removed,False,False
USADA,*Name Removed,Table Tennis,not separately classified in source table,,False,pending_individual_verification,2-Year Suspension - Loss of Results; Second Violation,announced,,False,False,name removed,False,False
USADA,*Name Removed,Weightlifting,not separately classified in source table,,False,pending_individual_verification,2-Year Suspension - Loss of Results,announced,,False,False,name removed,False,False
USADA,"Alfred, Stephen",Cycling,not separately classified in source table,,False,pending_individual_verification,Lifetime Suspension; Third Violation,announced,https://www.usada.org/sanction/u-s-cycling-athlete-receives-lifetime-period-of-ineligibility-for-anti-doping-rules-violation/,True,True,alfred stephen,False,False
USADA,*Name Removed,Wrestling,not separately classified in source table,,False,pending_individual_verification,2-Year Suspension - Loss of Results; Second Violation,announced,,False,False,name removed,False,False
USADA,*Name Removed,Cycling,not separately classified in source table,,False,pending_individual_verification,2-Year Suspension - Loss of Results,announced,,False,False,name removed,False,False
USADA,*Name Removed,Racquetball,not separately classified in source table,,False,pending_individual_verification,2-Year Suspension - Loss of Results,announced,,False,False,name removed,False,False
USADA,*Name Removed,Track and Field,not separately classified in source table,,False,pending_individual_verification,2-Year Suspension - Loss of Results,announced,,False,False,name removed,False,False
USADA,*Name Removed,Wrestling,not separately classified in source table,,False,pending_individual_verification,2-Year Suspension,announced,,False,False,name removed,False,False
USADA,*Name Removed,Cycling,not separately classified in source table,,False,pending_individual_verification,2-Year Suspension - Loss of Results,announced,,False,False,name removed,False,False
USADA,*Name Removed,Paralympic Track and Field,not separately classified in source table,,False,pending_individual_verification,2-Year Suspension - Loss of Results,announced,,False,False,name removed,False,False
USADA,"Bell, Kenwood (Kenta)",Track and Field - Athlete Support Personnel,not separately classified in source table,,False,pending_individual_verification,Lifetime; Second Violation,announced,https://www.usada.org/sanction/kenta-bell-accepts-lifetime-ban-anti-doping-rule-violations/,True,True,bell kenwood,False,False
USADA,*Name Removed,Cycling,not separately classified in source table,,False,pending_individual_verification,2-Year Suspension - Loss of Results,announced,,False,False,name removed,False,False
USADA,*Name Removed,Weightlifting,not separately classified in source table,,False,pending_individual_verification,2-Year Suspension - Loss of Results,announced,,False,False,name removed,False,False
USADA,"Korchemny, Remi",Track and Field - Athlete Support Personnel,not separately classified in source table,,False,pending_individual_verification,Lifetime Suspension,announced,https://www.usada.org/sanction/korchemny-withdraws-challenge-to-u-s-anti-doping-agency-charges/,True,True,korchemny remi,False,False
USADA,"Alfred, Stephen",Cycling,not separately classified in source table,,False,pending_individual_verification,8-Year Suspension - Loss of Results,announced,https://www.usada.org/sanction/u-s-cycling-athlete-accepts-eight-year-suspension-for-doping-violation/,True,True,alfred stephen,False,False
USADA,*Name Removed,Weightlifting,not separately classified in source table,,False,pending_individual_verification,3-Month Suspension - Loss of Results,announced,,False,False,name removed,False,False
USADA,*Name Removed,Track and Field,not separately classified in source table,,False,pending_individual_verification,8-Year Suspension with 4-Year Reduction - Loss of Results,announced,,False,False,name removed,False,False
USADA,*Name Removed,Wrestling,not separately classified in source table,,False,pending_individual_verification,3-Month Suspension with 3-Month Deferral - Loss of Results,announced,,False,False,name removed,False,False
USADA,"Hamilton, Tyler","Cycling, Triathlon",not separately classified in source table,,False,pending_individual_verification,2-Year Suspension - Loss of Results,announced,https://www.usada.org/sanction/usada-press-release-tyler-hamiltons-blood-doping-violation-unanimously-upheld-by-sports-highest-court/,True,True,hamilton tyler,False,False
USADA,"Zajicek, Philip",Cycling,not separately classified in source table,,False,pending_individual_verification,Public Warning - Loss of Results,announced,https://www.usada.org/sanction/u-s-cyclist-zajicek-accepts-public-warning-from-u-s-anti-doping-agency/,True,True,philip zajicek,False,False
USADA,*Name Removed,Weightlifting,not separately classified in source table,,False,pending_individual_verification,6-Year Suspension - Loss of Results,announced,,False,False,name removed,False,False
USADA,*Name Removed,Track and Field,not separately classified in source table,,False,pending_individual_verification,Public Warning - Loss of Results,announced,,False,False,name removed,False,False
USADA,"Dickey, Duane",Cycling,not separately classified in source table,,False,pending_individual_verification,1-Year Suspension - Loss of Results,announced,https://www.usada.org/sanction/u-s-cyclist-dickey-receives-suspension-from-u-s-anti-doping-agency-for-positive-drug-test/,True,True,dickey duane,False,False
USADA,*Name Removed,Track and Field,not separately classified in source table,,False,pending_individual_verification,2-Year Suspension - Loss of Results - Granted Early Reinstatement,announced,,False,False,name removed,False,False
USADA,"O'Bee, Kirk",Cycling,not separately classified in source table,,False,pending_individual_verification,1-Year Suspension - Loss of Results,announced,https://www.usada.org/sanction/u-s-cyclist-obee-receives-suspension-from-u-s-anti-doping-agency-for-positive-drug-test/,True,True,bee kirk o,False,False
USADA,*Name Removed,Table Tennis,not separately classified in source table,,False,pending_individual_verification,2-Year Suspension - Loss of Results,announced,,False,False,name removed,False,False
USADA,"Dees, Tony",Track and Field,not separately classified in source table,,False,pending_individual_verification,Lifetime Suspension - Loss of Results; Second Violation,announced,https://www.usada.org/sanction/u-s-track-athlete-dees-receives-lifetime-suspension-from-usada-for-positive-drug-tests/,True,True,dees tony,False,False
USADA,*Name Removed,Gymnastics,not separately classified in source table,,False,pending_individual_verification,Public Warning - Loss of Results,announced,,False,False,name removed,False,False
USADA,*Name Removed,Cycling,not separately classified in source table,,False,pending_individual_verification,3-Month Suspension with 3-Month Deferral - Loss of Results,announced,,False,False,name removed,False,False
USADA,*Name Removed,Paralympic Track and Field,not separately classified in source table,,False,pending_individual_verification,3-Month Suspension with 3-Month Deferral - Loss of Results,announced,,False,False,name removed,False,False
USADA,*Name Removed,Paralympic Track and Field,not separately classified in source table,,False,pending_individual_verification,3-Month Suspension with 3-Month Deferral - Loss of Results,announced,,False,False,name removed,False,False
USADA,*Name Removed,Basketball,not separately classified in source table,,False,pending_individual_verification,Public Warning - Loss of Results,announced,,False,False,name removed,False,False
USADA,*Name Removed,Gymnastics,not separately classified in source table,,False,pending_individual_verification,Public Warning - Loss of Results,announced,,False,False,name removed,False,False
USADA,*Name Removed,Track and Field,not separately classified in source table,,False,pending_individual_verification,Public Warning - Loss of Results,announced,,False,False,name removed,False,False
USADA,*Name Removed,Roller Sports,not separately classified in source table,,False,pending_individual_verification,6-Month Suspension - Loss of Results,announced,,False,False,name removed,False,False
USADA,*Name Removed,Paralympic Alpine Skiing,not separately classified in source table,,False,pending_individual_verification,1-Year Suspension - Loss of Results,announced,,False,False,name removed,False,False
USADA,*Name Removed,Weightlifting,not separately classified in source table,,False,pending_individual_verification,3-Month Suspension with 3-Month Deferral - Loss of Results,announced,,False,False,name removed,False,False
USADA,*Name Removed,Track and Field,not separately classified in source table,,False,pending_individual_verification,1-Year Suspension - Loss of Results,announced,,False,False,name removed,False,False
USADA,*Name Removed,Track and Field,not separately classified in source table,,False,pending_individual_verification,1-Year Suspension - Loss of Results,announced,,False,False,name removed,False,False
USADA,*Name Removed,Wrestling,not separately classified in source table,,False,pending_individual_verification,Public Warning - Loss of Results,announced,,False,False,name removed,False,False
USADA,*Name Removed,Track and Field,not separately classified in source table,,False,pending_individual_verification,1-Year Suspension - Loss of Results,announced,,False,False,name removed,False,False
USADA,*Name Removed,Weightlifting,not separately classified in source table,,False,pending_individual_verification,1-Year Suspension - Loss of Results,announced,,False,False,name removed,False,False
USADA,*Name Removed,Paralympic Alpine Skiing,not separately classified in source table,,False,pending_individual_verification,2-Year Suspension - Loss of Results,announced,,False,False,name removed,False,False
USADA,*Name Removed,Cycling,not separately classified in source table,,False,pending_individual_verification,2-Year Suspension - Loss of Results,announced,,False,False,name removed,False,False
USADA,*Name Removed,Track and Field,not separately classified in source table,,False,pending_individual_verification,2-Year Suspension - Loss of Results,announced,,False,False,name removed,False,False
USADA,*Name Removed,Track and Field,not separately classified in source table,,False,pending_individual_verification,2-Year Suspension - Loss of Results; Second Violation,announced,,False,False,name removed,False,False
USADA,*Name Removed,Paralympic Basketball,not separately classified in source table,,False,pending_individual_verification,2-Year Suspension - Loss of Results,announced,,False,False,name removed,False,False
USADA,*Name Removed,Ice Hockey,not separately classified in source table,,False,pending_individual_verification,2-Year Suspension - Loss of Results,announced,,False,False,name removed,False,False
USADA,*Name Removed,Track and Field,not separately classified in source table,,False,pending_individual_verification,8-Year Suspension - Loss of Results,announced,,False,False,name removed,False,False
USADA,*Name Removed,Track and Field,not separately classified in source table,,False,pending_individual_verification,4-Year Suspension - Loss of Results,announced,,False,False,name removed,False,False
USADA,*Name Removed,Track and Field,not separately classified in source table,,False,pending_individual_verification,4-Year Suspension - Loss of Results,announced,,False,False,name removed,False,False
USADA,*Name Removed,Team Handball,not separately classified in source table,,False,pending_individual_verification,2-Year Suspension - Loss of Results,announced,,False,False,name removed,False,False
USADA,*Name Removed,Swimming,not separately classified in source table,,False,pending_individual_verification,4-Year Suspension,announced,,False,False,name removed,False,False
USADA,*Name Removed,Paralympic Powerlifting,not separately classified in source table,,False,pending_individual_verification,2-Year Suspension - Loss of Results,announced,,False,False,name removed,False,False
USADA,*Name Removed,Skiing and Snowboarding,not separately classified in source table,,False,pending_individual_verification,1-Year Suspension - Loss of Results,announced,,False,False,name removed,False,False
USADA,*Name Removed,Rowing,not separately classified in source table,,False,pending_individual_verification,2-Year Suspension,announced,,False,False,name removed,False,False
USADA,*Name Removed,Cycling,not separately classified in source table,,False,pending_individual_verification,2-Year Suspension,announced,,False,False,name removed,False,False
USADA,*Name Removed,Cycling,not separately classified in source table,,False,pending_individual_verification,8-Month Suspension - Loss of Results,announced,,False,False,name removed,False,False
USADA,*Name Removed,Paralympic Track and Field,not separately classified in source table,,False,pending_individual_verification,Public Warning - Loss of Results,announced,,False,False,name removed,False,False
USADA,*Name Removed,Track and Field,not separately classified in source table,,False,pending_individual_verification,9-Month Suspension with 3 Months Deferral - Loss of Results,announced,,False,False,name removed,False,False
USADA,*Name Removed,Track and Field,not separately classified in source table,,False,pending_individual_verification,Public Warning - Loss of Results,announced,,False,False,name removed,False,False
USADA,*Name Removed,Track and Field,not separately classified in source table,,False,pending_individual_verification,Public Warning - Loss of Results,announced,,False,False,name removed,False,False
USADA,*Name Removed,Diving,not separately classified in source table,,False,pending_individual_verification,2 Month Suspension - Loss of Results,announced,,False,False,name removed,False,False
USADA,*Name Removed,Karate,not separately classified in source table,,False,pending_individual_verification,1-Month Suspension - Loss of Results,announced,,False,False,name removed,False,False
USADA,*Name Removed,Swimming,not separately classified in source table,,False,pending_individual_verification,2-Year Suspension - Loss of Results,announced,,False,False,name removed,False,False
USADA,*Name Removed,Fencing,not separately classified in source table,,False,pending_individual_verification,3-Month Suspension - Loss of Results,announced,,False,False,name removed,False,False
USADA,*Name Removed,Track and Field,not separately classified in source table,,False,pending_individual_verification,Public Warning - Loss of Results,announced,,False,False,name removed,False,False
USADA,*Name Removed,Track and Field,not separately classified in source table,,False,pending_individual_verification,2-Year Suspension - Loss of Results,announced,,False,False,name removed,False,False
USADA,*Name Removed,Track and Field,not separately classified in source table,,False,pending_individual_verification,Public Warning - Loss of Results,announced,,False,False,name removed,False,False
USADA,*Name Removed,Boxing,not separately classified in source table,,False,pending_individual_verification,2-Year Suspension - Loss of Results,announced,,False,False,name removed,False,False
USADA,*Name Removed,Track and Field,not separately classified in source table,,False,pending_individual_verification,2-Year Suspension - Loss of Results,announced,,False,False,name removed,False,False
USADA,*Name Removed,Track and Field,not separately classified in source table,,False,pending_individual_verification,Public Warning - Loss of Results,announced,,False,False,name removed,False,False
USADA,*Name Removed,Track and Field,not separately classified in source table,,False,pending_individual_verification,2-Year Suspension - Loss of Results,announced,,False,False,name removed,False,False
USADA,*Name Removed,Judo,not separately classified in source table,,False,pending_individual_verification,2-Year Suspension,announced,,False,False,name removed,False,False
USADA,*Name Removed,Bobsled and Skeleton,not separately classified in source table,,False,pending_individual_verification,2-Year Suspension - Loss of Results,announced,,False,False,name removed,False,False
USADA,*Name Removed,Track and Field,not separately classified in source table,,False,pending_individual_verification,Public Warning - Loss of Results,announced,,False,False,name removed,False,False
USADA,*Name Removed,Judo,not separately classified in source table,,False,pending_individual_verification,2-Year Suspension - Loss of Results,announced,,False,False,name removed,False,False
USADA,*Name Removed,Cycling,not separately classified in source table,,False,pending_individual_verification,2-Year Suspension - Loss of Results,announced,,False,False,name removed,False,False
USADA,*Name Removed,Cycling,not separately classified in source table,,False,pending_individual_verification,2-Year Suspension with 7-Month Reduction - Loss of Results,announced,,False,False,name removed,False,False
USADA,*Name Removed,Track and Field,not separately classified in source table,,False,pending_individual_verification,2-Year Suspension - Loss of Results,announced,,False,False,name removed,False,False
USADA,*Name Removed,Cycling,not separately classified in source table,,False,pending_individual_verification,Public Warning - Loss of Results,announced,,False,False,name removed,False,False
USADA,*Name Removed,Swimming,not separately classified in source table,,False,pending_individual_verification,2-Year Suspension,announced,,False,False,name removed,False,False
USADA,*Name Removed,Cycling,not separately classified in source table,,False,pending_individual_verification,2-Year Suspension - Loss of Results,announced,,False,False,name removed,False,False
USADA,*Name Removed,Track and Field,not separately classified in source table,,False,pending_individual_verification,Public Warning - Loss of Results,announced,,False,False,name removed,False,False
USADA,*Name Removed,Track and Field,not separately classified in source table,,False,pending_individual_verification,2-Year Suspension - Loss of Results,announced,,False,False,name removed,False,False
USADA,*Name Removed,Track and Field,not separately classified in source table,,False,pending_individual_verification,2-Year Suspension - Loss of Results,announced,,False,False,name removed,False,False
USADA,*Name Removed,Paralympic Sled Hockey,not separately classified in source table,,False,pending_individual_verification,1-Year Suspension - Loss of Results,announced,,False,False,name removed,False,False
USADA,*Name Removed,Karate,not separately classified in source table,,False,pending_individual_verification,1-Month Suspension - Loss of Results,announced,,False,False,name removed,False,False
USADA,*Name Removed,Cycling,not separately classified in source table,,False,pending_individual_verification,2-Year Suspension - Loss of Results,announced,,False,False,name removed,False,False
USADA,*Name Removed,Weightlifting,not separately classified in source table,,False,pending_individual_verification,9-Month Suspension with 3-Month Deferral - Loss of Results; Second Violation,announced,,False,False,name removed,False,False
USADA,*Name Removed,Weightlifting,not separately classified in source table,,False,pending_individual_verification,3-Month Suspension - Loss of Results,announced,,False,False,name removed,False,False
USADA,*Name Removed,Cycling,not separately classified in source table,,False,pending_individual_verification,2-Year Suspension - Loss of Results,announced,,False,False,name removed,False,False
USADA,*Name Removed,Roller Sports,not separately classified in source table,,False,pending_individual_verification,2-Year Suspension - Loss of Results,announced,,False,False,name removed,False,False
USADA,*Name Removed,Track and Field,not separately classified in source table,,False,pending_individual_verification,2-Year Suspension - Loss of Results; Second Violation,announced,,False,False,name removed,False,False
USADA,*Name Removed,Track and Field,not separately classified in source table,,False,pending_individual_verification,Public Warning - Loss of Results,announced,,False,False,name removed,False,False
USADA,*Name Removed,Weightlifting,not separately classified in source table,,False,pending_individual_verification,2-Year Suspension - Loss of Results,announced,,False,False,name removed,False,False
USADA,*Name Removed,Swimming,not separately classified in source table,,False,pending_individual_verification,3-Month Suspension - Loss of Results,announced,,False,False,name removed,False,False
USADA,*Name Removed,Track and Field,not separately classified in source table,,False,pending_individual_verification,Public Warning - Loss of Results,announced,,False,False,name removed,False,False
USADA,*Name Removed,Weightlifting,not separately classified in source table,,False,pending_individual_verification,2-Year Suspension - Loss of Results,announced,,False,False,name removed,False,False
USADA,*Name Removed,Cycling,not separately classified in source table,,False,pending_individual_verification,Public Warning - Loss of Results,announced,,False,False,name removed,False,False
USADA,*Name Removed,Track and Field,not separately classified in source table,,False,pending_individual_verification,2-Year Suspension - Loss of Results,announced,,False,False,name removed,False,False
USADA,*Name Removed,Track and Field,not separately classified in source table,,False,pending_individual_verification,Public Warning - Loss of Results,announced,,False,False,name removed,False,False
USADA,*Name Removed,Cycling,not separately classified in source table,,False,pending_individual_verification,3-Month Suspension - Loss of Results,announced,,False,False,name removed,False,False
USADA,*Name Removed,Archery,not separately classified in source table,,False,pending_individual_verification,2-Year Suspension - Loss of Results,announced,,False,False,name removed,False,False
USADA,*Name Removed,Track and Field,not separately classified in source table,,False,pending_individual_verification,Public Warning - Loss of Results,announced,,False,False,name removed,False,False
USADA,*Name Removed,Cycling,not separately classified in source table,,False,pending_individual_verification,1-Month Suspension - Loss of Results,announced,,False,False,name removed,False,False
USADA,*Name Removed,Track and Field,not separately classified in source table,,False,pending_individual_verification,1-Year Suspension - Loss of Results,announced,,False,False,name removed,False,False
USADA,*Name Removed,Track and Field,not separately classified in source table,,False,pending_individual_verification,2-Year Suspension - Loss of Results,announced,,False,False,name removed,False,False
USADA,*Name Removed,Judo,not separately classified in source table,,False,pending_individual_verification,2-Year Suspension - Loss of Results,announced,,False,False,name removed,False,False
USADA,*Name Removed,Weightlifting,not separately classified in source table,,False,pending_individual_verification,2-Year Suspension - Loss of Results,announced,,False,False,name removed,False,False
USADA,*Name Removed,Track and Field,not separately classified in source table,,False,pending_individual_verification,2-Year Suspension - Sanction Modified to Include Loss of Results,announced,,False,False,name removed,False,False
USADA,*Name Removed,Track and Field,not separately classified in source table,,False,pending_individual_verification,2-Year Suspension - Loss of Results,announced,,False,False,name removed,False,False
USADA,*Name Removed,Paralympic Basketball,not separately classified in source table,,False,pending_individual_verification,2-Year Suspension - Loss of Results,announced,,False,False,name removed,False,False
USADA,*Name Removed,Synchronized Swimming,not separately classified in source table,,False,pending_individual_verification,2-Year Suspension,announced,,False,False,name removed,False,False
USADA,*Name Removed,Cycling,not separately classified in source table,,False,pending_individual_verification,1-Year Suspension - Loss of Results,announced,,False,False,name removed,False,False
USADA,*Name Removed,Track and Field,not separately classified in source table,,False,pending_individual_verification,Public Warning - Loss of Results,announced,,False,False,name removed,False,False
USADA,*Name Removed,Figure Skating,not separately classified in source table,,False,pending_individual_verification,2-Year Suspension - Loss of Results,announced,,False,False,name removed,False,False
USADA,*Name Removed,Fencing,not separately classified in source table,,False,pending_individual_verification,1-Year Suspension - Loss of Results,announced,,False,False,name removed,False,False
USADA,*Name Removed,Cycling,not separately classified in source table,,False,pending_individual_verification,2-Year Suspension - Loss of Results; Second Violation,announced,,False,False,name removed,False,False
USADA,*Name Removed,Cycling,not separately classified in source table,,False,pending_individual_verification,Public Warning,announced,,False,False,name removed,False,False
USADA,*Name Removed,Track and Field,not separately classified in source table,,False,pending_individual_verification,3-Month Suspension with 3-Month Deferral - Loss of Results,announced,,False,False,name removed,False,False
USADA,*Name Removed,Track and Field,not separately classified in source table,,False,pending_individual_verification,2-Year Suspension - Loss of Results,announced,,False,False,name removed,False,False
USADA,*Name Removed,Bobsled and Skeleton,not separately classified in source table,,False,pending_individual_verification,2-Year Suspension - Loss of Results,announced,,False,False,name removed,False,False
USADA,*Name Removed,Bobsled and Skeleton,not separately classified in source table,,False,pending_individual_verification,2-Year Suspension - Loss of Results,announced,,False,False,name removed,False,False
USADA,*Name Removed,Cycling,not separately classified in source table,,False,pending_individual_verification,1-Year Suspension - Loss of Results,announced,,False,False,name removed,False,False
USADA,*Name Removed,Wrestling,not separately classified in source table,,False,pending_individual_verification,3-Month Suspension with 3-Month Deferral - Loss of Results,announced,,False,False,name removed,False,False
USADA,*Name Removed,Bobsled and Skeleton and Track and Field,not separately classified in source table,,False,pending_individual_verification,2-Year Suspension - Loss of Results,announced,,False,False,name removed,False,False
USADA,*Name Removed,Paralympic Archery,not separately classified in source table,,False,pending_individual_verification,Public Warning - Loss of Results,announced,,False,False,name removed,False,False
USADA,*Name Removed,Boxing,not separately classified in source table,,False,pending_individual_verification,Public Warning - Loss of Results,announced,,False,False,name removed,False,False
USADA,*Name Removed,Swimming,not separately classified in source table,,False,pending_individual_verification,Public Warning - Loss of Results,announced,,False,False,name removed,False,False
USADA,*Name Removed,Taekwondo,not separately classified in source table,,False,pending_individual_verification,3-Month Suspension with 3-Month Deferral - Loss of Results,announced,,False,False,name removed,False,False
USADA,*Name Removed,Bobsled and Skeleton,not separately classified in source table,,False,pending_individual_verification,1-Year Suspension - Loss of Results,announced,,False,False,name removed,False,False
USADA,*Name Removed,Softball,not separately classified in source table,,False,pending_individual_verification,2-Year Suspension - Loss of Results,announced,,False,False,name removed,False,False
USADA,*Name Removed,Curling,not separately classified in source table,,False,pending_individual_verification,2-Year Suspension - Loss of Results,announced,,False,False,name removed,False,False
USADA,*Name Removed,Weightlifting,not separately classified in source table,,False,pending_individual_verification,6-Month Suspension - Loss of Results,announced,,False,False,name removed,False,False
USADA,*Name Removed,Track and Field,not separately classified in source table,,False,pending_individual_verification,2-Year Suspension - Loss of Results,announced,,False,False,name removed,False,False
USADA,*Name Removed,Softball,not separately classified in source table,,False,pending_individual_verification,2-Year Suspension - Loss of Results,announced,,False,False,name removed,False,False
USADA,*Name Removed,Cycling,not separately classified in source table,,False,pending_individual_verification,3-Month Suspension,announced,,False,False,name removed,False,False
USADA,*Name Removed,Skiing and Snowboarding,not separately classified in source table,,False,pending_individual_verification,3-Month Suspension - Loss of Results,announced,,False,False,name removed,False,False
USADA,*Name Removed,Bobsled and Skeleton,not separately classified in source table,,False,pending_individual_verification,2-Year Suspension - Loss of Results,announced,,False,False,name removed,False,False
USADA,*Name Removed,Cycling,not separately classified in source table,,False,pending_individual_verification,1-Year Suspension - Loss of Results,announced,,False,False,name removed,False,False
USADA,*Name Removed,Track and Field,not separately classified in source table,,False,pending_individual_verification,2-Year Suspension - Loss of Results,announced,,False,False,name removed,False,False
USADA,*Name Removed,Track and Field,not separately classified in source table,,False,pending_individual_verification,2-Year Suspension - Loss of Results,announced,,False,False,name removed,False,False
USADA,*Name Removed,Cycling,not separately classified in source table,,False,pending_individual_verification,6-Month Suspension - Loss of Results,announced,,False,False,name removed,False,False
USADA,*Name Removed,Skiing and Snowboarding,not separately classified in source table,,False,pending_individual_verification,2-Year Suspension - Loss of Results,announced,,False,False,name removed,False,False
USADA,*Name Removed,Bobsled and Skeleton,not separately classified in source table,,False,pending_individual_verification,2-Year Suspension - Loss of Results,announced,,False,False,name removed,False,False
USADA,*Name Removed,Boxing,not separately classified in source table,,False,pending_individual_verification,18-Month Suspension - Loss of Results,announced,,False,False,name removed,False,False
USADA,*Name Removed,Wrestling,not separately classified in source table,,False,pending_individual_verification,2-Year Suspension - Loss of Results,announced,,False,False,name removed,False,False
USADA,*Name Removed,Track and Field,not separately classified in source table,,False,pending_individual_verification,Public Warning - Loss of Results,announced,,False,False,name removed,False,False
USADA,*Name Removed,Swimming,not separately classified in source table,,False,pending_individual_verification,4-Year Suspension - Loss of Results,announced,,False,False,name removed,False,False
USADA,*Name Removed,Sailing,not separately classified in source table,,False,pending_individual_verification,2-Year Suspension,announced,,False,False,name removed,False,False
USADA,*Name Removed,Cycling,not separately classified in source table,,False,pending_individual_verification,2-Year Suspension - Loss of Results,announced,,False,False,name removed,False,False
USADA,*Name Removed,Skiing and Snowboarding,not separately classified in source table,,False,pending_individual_verification,10-Month Suspension with 7-Month Reduction - Loss of Results,announced,,False,False,name removed,False,False
USADA,*Name Removed,Weightlifting,not separately classified in source table,,False,pending_individual_verification,2-Year Suspension - Loss of Results,announced,,False,False,name removed,False,False
USADA,*Name Removed,Cycling,not separately classified in source table,,False,pending_individual_verification,2-Year Suspension - Loss of Results,announced,,False,False,name removed,False,False
USADA,*Name Removed,Paralympic Track and Field,not separately classified in source table,,False,pending_individual_verification,2 Month Suspension - Loss of Results,announced,,False,False,name removed,False,False
USADA,*Name Removed,Swimming,not separately classified in source table,,False,pending_individual_verification,Public Warning - Loss of Results,announced,,False,False,name removed,False,False
USADA,*Name Removed,Track and Field,not separately classified in source table,,False,pending_individual_verification,Public Warning - Loss of Results,announced,,False,False,name removed,False,False
USADA,*Name Removed,Cycling,not separately classified in source table,,False,pending_individual_verification,1-Year Suspension - Loss of Results,announced,,False,False,name removed,False,False
USADA,*Name Removed,Wrestling,not separately classified in source table,,False,pending_individual_verification,2-Year Suspension - Loss of Results,announced,,False,False,name removed,False,False
USADA,*Name Removed,Paralympic Sled Hockey,not separately classified in source table,,False,pending_individual_verification,2-Year Suspension - Loss of Results,announced,,False,False,name removed,False,False
USADA,*Name Removed,Weightlifting,not separately classified in source table,,False,pending_individual_verification,3-Month Suspension with 3-Month Deferral - Loss of Results,announced,,False,False,name removed,False,False
USADA,*Name Removed,Cycling,not separately classified in source table,,False,pending_individual_verification,2-Year Suspension - Loss of Results,announced,,False,False,name removed,False,False
USADA,*Name Removed,Cycling,not separately classified in source table,,False,pending_individual_verification,2-Year Suspension - Loss of Results,announced,,False,False,name removed,False,False
USADA,*Name Removed,Track and Field,not separately classified in source table,,False,pending_individual_verification,Public Warning - Loss of Results,announced,,False,False,name removed,False,False
USADA,*Name Removed,Track and Field,not separately classified in source table,,False,pending_individual_verification,2-Year Suspension - Loss of Results - Granted Early Reinstatement,announced,,False,False,name removed,False,False
USADA,*Name Removed,Bobsled and Skeleton,not separately classified in source table,,False,pending_individual_verification,2-Year Suspension,announced,,False,False,name removed,False,False
USADA,*Name Removed,Swimming,not separately classified in source table,,False,pending_individual_verification,2 Month Suspension - Loss of Results,announced,,False,False,name removed,False,False
USADA,*Name Removed,Track and Field,not separately classified in source table,,False,pending_individual_verification,2-Year Suspension - Loss of Results,announced,,False,False,name removed,False,False
USADA,*Name Removed,Baseball,not separately classified in source table,,False,pending_individual_verification,2-Year Suspension - Loss of Results,announced,,False,False,name removed,False,False
USADA,*Name Removed,Track and Field,not separately classified in source table,,False,pending_individual_verification,Public Warning - Loss of Results,announced,,False,False,name removed,False,False
USADA,*Name Removed,Taekwondo,not separately classified in source table,,False,pending_individual_verification,3-Month Suspension with 3-Month Deferral - Loss of Results,announced,,False,False,name removed,False,False
USADA,*Name Removed,Cycling,not separately classified in source table,,False,pending_individual_verification,3-Month Suspension with 3-Month Deferral - Loss of Results,announced,,False,False,name removed,False,False
USADA,*Name Removed,Speedskating,not separately classified in source table,,False,pending_individual_verification,Public warning - Loss of Results,announced,,False,False,name removed,False,False
USADA,*Name Removed,Cycling,not separately classified in source table,,False,pending_individual_verification,2-Year Suspension - Loss of Results,announced,,False,False,name removed,False,False
USADA,*Name Removed,Track and Field,not separately classified in source table,,False,pending_individual_verification,Public Warning - Loss of Results,announced,,False,False,name removed,False,False
USADA,*Name Removed,Fencing,not separately classified in source table,,False,pending_individual_verification,Public Warning - Loss of Results,announced,,False,False,name removed,False,False
USADA,*Name Removed,Track and Field,not separately classified in source table,,False,pending_individual_verification,2-Year Suspension - Loss of Results,announced,,False,False,name removed,False,False
USADA,*Name Removed,Baseball,not separately classified in source table,,False,pending_individual_verification,2-Year Suspension - Loss of Results,announced,,False,False,name removed,False,False
USADA,*Name Removed,Cycling,not separately classified in source table,,False,pending_individual_verification,Public Warning - Loss of Results,announced,,False,False,name removed,False,False
USADA,*Name Removed,Boxing,not separately classified in source table,,False,pending_individual_verification,2-Year Suspension,announced,,False,False,name removed,False,False
USADA,*Name Removed,Swimming,not separately classified in source table,,False,pending_individual_verification,2-Year Suspension - Loss of Results,announced,,False,False,name removed,False,False
USADA,*Name Removed,Track and Field,not separately classified in source table,,False,pending_individual_verification,2-Year Suspension - Loss of Results,announced,,False,False,name removed,False,False
USADA,*Name Removed,Track and Field,not separately classified in source table,,False,pending_individual_verification,2-Year Suspension - Loss of Results,announced,,False,False,name removed,False,False
USADA,*Name Removed,Track and Field,not separately classified in source table,,False,pending_individual_verification,2-Year Suspension - Loss of Results,announced,,False,False,name removed,False,False
USADA,*Name Removed,Swimming,not separately classified in source table,,False,pending_individual_verification,2-Year Suspension - Loss of Results,announced,,False,False,name removed,False,False
USADA,*Name Removed,Track and Field,not separately classified in source table,,False,pending_individual_verification,2-Year Suspension - Loss of Results,announced,,False,False,name removed,False,False
USADA,*Name Removed,Track and Field,not separately classified in source table,,False,pending_individual_verification,10-Month Suspension - Loss of Results,announced,,False,False,name removed,False,False
USADA,*Name Removed,Track and Field,not separately classified in source table,,False,pending_individual_verification,Public Warning - Loss of Results,announced,,False,False,name removed,False,False
USADA,*Name Removed,Boxing,not separately classified in source table,,False,pending_individual_verification,3-Month Suspension with 3-Month Deferral - Loss of Results,announced,,False,False,name removed,False,False
USADA,*Name Removed,Fencing,not separately classified in source table,,False,pending_individual_verification,3-Month Suspension - Loss of Results,announced,,False,False,name removed,False,False
USADA,*Name Removed,Track and Field,not separately classified in source table,,False,pending_individual_verification,2-Year Suspension - Loss of Results,announced,,False,False,name removed,False,False
USADA,*Name Removed,Skiing and Snowboarding,not separately classified in source table,,False,pending_individual_verification,2-Year Suspension - Loss of Results,announced,,False,False,name removed,False,False
ITA,"Pellegrini, Enrico",Ski Mountaineering,Athlete,Italy,False,source_lists_other_country,Period of Ineligibility of 20 months,Resolved,https://ita.sport/news/the-ita-acknowledges-the-cas-award-partially-upholding-the-appeal-of-ski-mountaineering-athlete-enrico-pellegrini/,True,True,enrico pellegrini,False,False
ITA,"Schiller, Cameron",Softball,Athlete,United States of America,False,source_lists_other_country,Period of Ineligibility of 3 years,Resolved,https://ita.sport/news/the-ita-reports-that-softball-player-cameron-schiller-has-accepted-a-3-year-ban-for-his-anti-doping-rule-violation/,True,True,cameron schiller,False,False
ITA,"Rivera, Emmanuel",Baseball,Athlete,Puerto Rico,False,source_lists_other_country,Provisional Suspension (since 7 September 2026),Ongoing,,True,False,emmanuel rivera,False,False
ITA,"Schoop, Sharlon",Baseball,Athlete,Netherlands,False,source_lists_other_country,Provisional Suspension (since 7 September 2026),Ongoing,,True,False,schoop sharlon,False,False
ITA,"Singh Choudhary, Brijendra",Kabaddi,Athlete,India,False,source_lists_other_country,"Disqualification of results obtained at the 6th Asian Beach Games Sanya 2026, including 2nd place in the Men’s Beach Kabaddi event",Resolved,https://ita.sport/news/asian-beach-games-sanya-2026-the-ita-sanctions-indian-kabaddi-player-brijendra-singh-choudhary/,True,True,brijendra choudhary singh,False,False
ITA,"Skipper, Joe",Ironman,Athlete,United Kingdom,False,source_lists_other_country,Period of ineligibility of 18 months,Resolved,https://ita.sport/news/the-ita-acknowledges-the-international-hearing-panel-decision-sanctioning-ironman-athlete-joe-skipper/,True,True,joe skipper,False,False
ITA,"Rajabov, Doston",Athletics,Athlete,Uzbekistan,False,source_lists_other_country,"Disqualification of results obtained at the 6th Asian Beach Games Sanya 2026, including 4th place in the men’s beach athletics shot put event",Resolved,https://ita.sport/news/asian-beach-games-sanya-2026-the-ita-sanctions-uzbek-athletics-athlete-doston-rajabov-for-an-anti-doping-rule-violation/,True,True,doston rajabov,False,False
ITA,"Alhajri, Amer",Ju-Jitsu,Athhlete,Kuwait,False,source_lists_other_country,Provisional Suspension (since 21 August 2026),Ongoing,https://ita.sport/news/the-ita-notifies-ju-jitsu-athlete-amer-alhajri-of-an-apparent-anti-doping-rule-violation/,True,False,alhajri amer,False,False
ITA,"Kechout, Lydia",Judo,Athlete,Algeria,False,source_lists_other_country,Provisional Suspension (since 19 August 2026),Ongoing,,True,False,kechout lydia,False,False
ITA,"Takzima, Aymane",Karate,Athlete,Morocco,False,source_lists_other_country,Period of Ineligibility of 3 years,Resolved,https://ita.sport/news/the-ita-reports-that-athlete-aymane-takzima-has-accepted-a-3-year-ban-for-his-breach-of-anti-doping-rules/,True,True,aymane takzima,False,False
ITA,"Mendybayev, Nursultan",Mixed Martial Arts,Athlete,Kazakhstan,False,source_lists_other_country,Period of Ineligibility of 6 years,Resolved,https://ita.sport/news/the-ita-reports-that-mixed-martial-arts-athlete-nursultan-mendybayev-has-been-sanctioned-with-a-six-year-ban/,True,True,mendybayev nursultan,False,False
ITA,"Ceacusta, Dmitri",Mixed Martial Arts,Athlete,Republic of Moldova,False,source_lists_other_country,Provisional Suspension (since 14 August 2026),Ongoing,https://ita.sport/news/the-ita-notifies-mixed-martial-arts-athlete-dmitri-ceacusta-of-an-apparent-anti-doping-rule-violation/,True,False,ceacusta dmitri,False,False
ITA,"Rodriguez Hernandez, Tomas",Ironman,Athlete,Mexico,False,source_lists_other_country,Provisional Suspension (since 23 June 2026),Ongoing,,True,False,hernandez rodriguez tomas,False,False
ITA,"Grove, S'Annara",Cycling,Athlete,South Africa,False,source_lists_other_country,Provisional Suspension (since 20 August 2026),On-going,https://ita.sport/news/the-ita-provisionally-suspends-rider-sannara-grove-for-her-apparent-adrv/,True,False,annara grove s,False,False
ITA,"Georgieva, Yoana",Canoe,Athlete,Bulgaria,False,source_lists_other_country,Period of Ineligibility of 6 years,Resolved,https://ita.sport/news/cas-imposes-six-year-ban-on-bulgarian-canoeist-yoana-georgieva/,True,True,georgieva yoana,False,False
ITA,"Makhmedov, Syimyk",Wrestling,Athlete,Kyrgyzstan,False,source_lists_other_country,Period of Ineligibility of 4 years,Resolved,https://ita.sport/news/the-ita-reports-that-wrestler-syimyk-makhmedov-has-been-sanctioned-with-a-four-year-period-of-ineligibility/,True,True,makhmedov syimyk,False,False
ITA,"Aghazade, Nurlan",Wrestling,Athlete,Azerbaijan,False,source_lists_other_country,Provisional Suspension (since 30 July 2026),Ongoing,https://ita.sport/news/the-ita-notifies-wrestler-nurlan-aghazade-of-an-apparent-anti-doping-rule-violation/,True,False,aghazade nurlan,False,False
ITA,"Bat Erdene, Erdenesuvd",Wrestling,Athlete,Mongolian,False,source_lists_other_country,Period of Ineligibility of 2 years,Resolved,https://ita.sport/news/the-ita-reports-that-wrestler-erdenesuvd-bat-erdene-has-been-sanctioned-with-a-two-year-period-of-ineligibility/,True,True,bat erdene erdenesuvd,False,False
ITA,"Lynch-Spence, Charlie",Mixed Martial Arts,Athlete,England,False,source_lists_other_country,Period of Ineligibility of 4 years,Resolved,,True,False,charlie lynch spence,False,False
ITA,"Sanchez Diaz, Jose Alexis",Mixed Martial Arts,Athlete,Mexico,False,source_lists_other_country,Period of Ineligibility of 2 years,Resolved,,True,False,alexis diaz jose sanchez,False,False
ITA,"Mannai, Aziz",Weightlifting,Athlete,Tunisia,False,source_lists_other_country,Period of Ineligibility of 4 years,Resolved,https://ita.sport/news/the-ita-reports-that-weightlifter-aziz-mannai-has-been-sanctioned-with-a-4-year-period-of-ineligibility/,True,True,aziz mannai,False,False
ITA,"Joseph, Lucky",Weightlifting,Athlete,Nigeria,False,source_lists_other_country,Period of Ineligibility of 4 years,Resolved,https://ita.sport/news/the-ita-reports-that-weightlifter-lucky-joseph-has-been-sanctioned-with-a-4-year-ban-for-his-anti-doping-rule-violation/,True,True,joseph lucky,False,False
ITA,"Carboni, Giovanni",Cycling,Athlete,Italy,False,source_lists_other_country,Period of Ineligibility of 4 years,Resolved,https://ita.sport/news/the-ita-acknowledges-the-uci-anti-doping-tribunal-decision-sanctioning-giovanni-carboni/,True,True,carboni giovanni,False,False
ITA,"Tolepbayev, Aidyn",Mixed Martial Arts,Athlete,Kazakhstan,False,source_lists_other_country,Period of Ineligibility of 4 years,Resolved,https://ita.sport/news/ita-notifies-gamma-athletes-mazhit-sardarov-aidyn-tolepbayev-zeinep-orazkhan-of-apparent-anti-doping-rule-violations/,True,True,aidyn tolepbayev,False,False
ITA,"Sardarov, Mazhit",Mixed Martial Arts,Athlete,Kazakhstan,False,source_lists_other_country,Period of Ineligibility of 4 years,Resolved,https://ita.sport/news/the-ita-reports-that-mma-athlete-aidyn-tolepbayev-has-been-sanctioned-with-a-four-year-period-of-ineligibility/,True,True,mazhit sardarov,False,False
ITA,"Alghamdi, Abdulrahman Abdullah H",Triathlon,Athlete,Saudi Arabia,False,source_lists_other_country,Period of Ineligibility of 6 years,Resolved,https://ita.sport/news/the-ita-reports-that-triathlete-abdulrahman-alghamdi-has-been-sanctioned-with-a-6-year-period-of-ineligibility/,True,True,abdullah abdulrahman alghamdi h,False,False
ITA,"Sanguino Matamoros, Jhohan David",Weightlifting,Athlete,Venezuela,False,source_lists_other_country,Period of Ineligibility of 4 years,Resolved,https://ita.sport/news/the-ita-reports-that-weightlifter-jhohan-david-sanguino-matamoros-has-accepted-a-4-year-ban-for-his-adrv/,True,True,david jhohan matamoros sanguino,False,False
ITA,"Bosah, Brenda Uchenna",Weightlifting,Athlete,Nigeria,False,source_lists_other_country,Period of Ineligibility of 3 years,Resolved,https://ita.sport/news/the-ita-reports-that-weightlifter-brenda-uchenna-bosah-has-been-sanctioned-with-a-3-year-period-of-ineligibility/,True,True,bosah brenda uchenna,False,False
ITA,"Lin, Junhong",Cycling,Athlete,China,False,source_lists_other_country,Period of Ineligibility of 4 years,Resolved,https://ita.sport/news/the-ita-reports-that-rider-junhong-lin-has-accepted-a-4-year-period-of-ineligibility-for-her-anti-doping-rule-violation/,True,True,junhong lin,False,False
ITA,"Lin, Junhong",Cycling,Athlete,China,False,source_lists_other_country,Period of Ineligibility of 4 years,Resolved,https://ita.sport/news/the-ita-reports-that-rider-junhong-lin-has-accepted-a-4-year-period-of-ineligibility-for-her-anti-doping-rule-violation/,True,True,junhong lin,False,False
ITA,"Kaur, Jaspreet",Wrestling,Athlete,India,False,source_lists_other_country,"Disqualification of all results obtained at the 6th Asian Beach Games, including forfeiture of any medals, points and prizes",Resolved,https://ita.sport/news/asian-beach-games-sanya-2026-the-ita-sanctions-indian-wrestling-athlete-jaspreet-kaur-for-an-anti-doping-rule-violation/,True,True,jaspreet kaur,False,False
ITA,"Dimitrov, Deyvid",Wrestling,Athlete,Bulgaria,False,source_lists_other_country,Provisional Suspension (since 30 June 2026),Ongoing,https://ita.sport/news/the-ita-notifies-wrestler-deyvid-dimitrov-of-an-apparent-anti-doping-rule-violation/,True,False,deyvid dimitrov,False,False
ITA,"Bernal Sanchez, Mariana",Archery,Athlete,Mexico,False,source_lists_other_country,Period of Ineligibility of 3 years,Resolved,https://ita.sport/news/the-ita-reports-that-archer-mariana-bernal-sanchez-has-accepted-a-3-year-ban-for-her-anti-doping-rule-violation/,True,True,bernal mariana sanchez,False,False
ITA,"Sharma, Parveen",Wushu,Athlete,India,False,source_lists_other_country,Period of Ineligibility of 2 years,Resolved,https://ita.sport/news/the-ita-acknowledges-the-international-hearing-panel-decision-sanctioning-wushu-athlete-parveen-sharma/,True,True,parveen sharma,False,False
ITA,"Marin Giraldo, Yurely Andrea",Canoe,Athlete,Colombia,False,source_lists_other_country,Provisional Suspension (since 17 June 2026),Ongoing,https://ita.sport/news/the-ita-notifies-canoeist-yurely-andrea-marin-giraldo-of-an-apparent-anti-doping-rule-violation/,True,False,andrea giraldo marin yurely,False,False
ITA,"Tegshjargal, Enkhtur",Boxing,Athlete,Mongolia,False,source_lists_other_country,Period of Ineligibility of two years,Resolved,https://ita.sport/news/the-ita-reports-that-boxer-enkhtur-tegshjargal-accepted-a-2-year-sanction-for-three-whereabouts-failures/,True,True,enkhtur tegshjargal,False,False
ITA,"Asanidze, Kakhi",Weightlifting,Athlete,Georgia,False,source_lists_other_country,Period of Ineligibility of 4 years,Resoved,https://ita.sport/news/the-ita-acknowledges-the-cas-add-decision-sanctioning-weightlifter-kakhi-asanidze/,True,False,asanidze kakhi,False,False
ITA,"Yuksel, Batu Han",Weightlifting,Athlete,Türkiye,False,source_lists_other_country,Period of Ineligibility of 8 years,Resolved,https://ita.sport/news/court-of-arbitration-for-sport-confirms-eight-year-ban-imposed-on-turkish-weightlifter-batu-han-yuksel/,True,True,batu han yuksel,False,False
ITA,"Jawkar, Prathamesh Samadhan",Archery,Athlete,India,False,source_lists_other_country,Period of Ineligibility of 2 years,Resolved,https://ita.sport/news/the-ita-reports-that-archer-prathamesh-samadhan-jawkar-has-accepted-a-2-year-sanction-for-three-whereabouts-failures/,True,True,jawkar prathamesh samadhan,False,False
ITA,"Zhumagaliyev, Zhalgas",Sambo,Athlete,Kazakhstan,False,source_lists_other_country,Provisional Suspension (since 20 May 2026),On-going,https://ita.sport/news/the-ita-notifies-sambo-athletes-zhalgas-zhumagaliyev-and-yerassyl-gabdulmanap-of-apparent-anti-doping-rule-violations/,True,False,zhalgas zhumagaliyev,False,False
ITA,"Gabdulmanap, Yerassyl",Sambo,Athlete,Kazakhstan,False,source_lists_other_country,Provisional Suspension (since 20 May 2026),On-going,https://ita.sport/news/the-ita-notifies-sambo-athletes-zhalgas-zhumagaliyev-and-yerassyl-gabdulmanap-of-apparent-anti-doping-rule-violations/,True,False,gabdulmanap yerassyl,False,False
ITA,"Kuzmin, Daniil",Gymnastics,Athlete,Russia,False,source_lists_other_country,Period of Ineligibility of 3 years,Resolved,https://ita.sport/news/the-ita-reports-that-gymnast-daniil-kuzmin-has-been-sanctioned-with-a-3-year-period-of-ineligibility/,True,True,daniil kuzmin,False,False
ITA,"Akhundtabarmazandarani, Puneh",Boxing,Athlete,Iran,False,source_lists_other_country,Provisional Suspension,On-going,,True,False,akhundtabarmazandarani puneh,False,False
ITA,"Urakova, Gulsevar",Sambo,Athlete,Uzbekistan,False,source_lists_other_country,Period of Ineligibility of 5 years,Resolved,https://ita.sport/news/the-ita-reports-that-two-sambo-athletes-have-been-sanctioned-with-a-5-and-3-year-period-of-ineligibility-respectively/,True,True,gulsevar urakova,False,False
ITA,"Murotov, Ozodbek",Sambo,Athlete,Uzbekistan,False,source_lists_other_country,Period of Ineligibility of 3 years,Resolved,https://ita.sport/news/the-ita-reports-that-two-sambo-athletes-have-been-sanctioned-with-a-5-and-3-year-period-of-ineligibility-respectively/,True,True,murotov ozodbek,False,False
ITA,"Omirov, Dayanch",Kurash,Athlete,Turkmenistan,False,source_lists_other_country,Period of Ineligibility of six years,Resolved,https://ita.sport/news/the-ita-reports-that-kurash-athlete-dayanch-omirov-has-been-sanctioned-with-a-six-year-period-of-ineligibility/,True,True,dayanch omirov,False,False
ITA,"Nihad, Nihad Fozail Oglu",Mixed Martial Arts,Athlete,Azerbaijan,False,source_lists_other_country,Period of Ineligibility of 4 years,Resolved,https://ita.sport/news/the-ita-reports-that-mma-athlete-nihad-fozail-oglu-nihad-has-been-sanctioned-with-a-four-year-period-of-ineligibility/,True,True,fozail nihad nihad oglu,False,False
ITA,"de Andrade Sigueira, Maicon",Taekwondo,Athlete,Brazil,False,source_lists_other_country,Period of Ineligibility of 2 years,Resolved,https://ita.sport/news/the-ita-reports-that-taekwondo-athlete-maicol-de-andrade-siqueira-receives-a-2-year-period-of-ineligibility/,True,True,andrade de maicon sigueira,False,False
ITA,"Barbosu, Ana Maria",Gymnastics,Athlete,Romania,False,source_lists_other_country,Provisional Suspension (since 5 May 2026),On-going,https://ita.sport/news/the-ita-charges-gymnast-ana-maria-barbosu-with-an-anti-doping-rule-violation-for-three-whereabouts-failures/,True,False,ana barbosu maria,False,False
ITA,"Tsikhantsou, Yauheni",Weightlifting,Athlete,Belarus,False,source_lists_other_country,Provisional Suspension (since 20 April 2026),On-going,https://ita.sport/news/the-ita-notifies-weightlifter-yauheni-tsikhantsou-of-an-apparent-anti-doping-rule-violation/,True,False,tsikhantsou yauheni,False,False
ITA,"Rasulov, Nurlan",Weightlifting,Athlete,Azerbaijan,False,source_lists_other_country,Period of Ineligibility of 5 years,Resolved,https://ita.sport/news/the-ita-reports-that-weightlifter-nurlan-rasulov-has-accepted-a-5-year-ban-for-his-anti-doping-rule-violation/,True,True,nurlan rasulov,False,False
ITA,"Akbas, Batuhan",Weightlifting,Athlete,Türkiye,False,source_lists_other_country,Provisional Suspension (since 27 April 2026),On-going,https://ita.sport/news/the-ita-notifies-weightlifter-batuhan-akbas-of-an-apparent-anti-doping-rule-violation/,True,False,akbas batuhan,False,False
ITA,"Ramirez Rodriguez, Alexei",Baseball,Athlete,Cuba,False,source_lists_other_country,Provisional Suspension (since 27 April 2026),On-going,https://ita.sport/news/the-ita-notifies-baseball-player-alexei-ramirez-rodriguez-of-an-apparent-anti-doping-rule-violation/,True,False,alexei ramirez rodriguez,False,False
ITA,"Bailey, Christopher",Rowing,Athlete,United Kingdom,False,source_lists_other_country,Period of Ineligibility of 2 years,Resolved,,True,False,bailey christopher,False,False
ITA,"Maciel Marcos, Vitória",Taekwondo,Athlete,Brazil,False,source_lists_other_country,Period of Ineligibility of 2 years,Resolved,https://ita.sport/news/the-ita-reports-that-athlete-vitoria-maciel-marcos-has-accepted-a-2-year-ban-for-her-anti-doping-rule-violation/,True,True,maciel marcos vitoria,False,False
ITA,"Kanikovskiy, Matvey",Judo,Athlete,Russia,False,source_lists_other_country,Provisional Suspension (since 10 April 2026),On-going,,True,False,kanikovskiy matvey,False,False
ITA,"Martinez Franco, Emerson Rafael",Baseball,Athlete,Colombia,False,source_lists_other_country,Provisional Suspension (since 30 March 2026),On-going,https://ita.sport/news/the-ita-notifies-baseball-player-emerson-rafael-martinez-franco-of-an-apparent-anti-doping-rule-violation/,True,False,emerson franco martinez rafael,False,False
ITA,"Herrera Malambo, Jean Carlos",Baseball,Athlete,Colombia,False,source_lists_other_country,Provisional Suspension (since 20 January 2026),Resolved,https://ita.sport/news/the-ita-reports-that-baseball-player-jean-carlos-herrera-malambo-has-been-sanctioned-with-a-3-year-period-of-ineligibility/,True,True,carlos herrera jean malambo,False,False
ITA,"Abdullah, Wehbi",Cycling,Athlete,Iraq,False,source_lists_other_country,Provisional Suspension (since 27 march 2026),On-going,https://ita.sport/news/the-ita-notifies-road-cyclist-wehbi-abdullah-of-an-apparent-anti-doping-rule-violation/,True,False,abdullah wehbi,False,False
ITA,"Alpsten, Lisa",Bodybuilding,Athlete,Sweden,False,source_lists_other_country,Provisional Suspension (since 24 March 2026),On-going,,True,False,alpsten lisa,False,False
ITA,"Laporta, Linda",Cycling,Athlete,Italy,False,source_lists_other_country,Provisional Suspension (since 20 March 2026),On-going,https://ita.sport/news/the-ita-notifies-cyclist-linda-laporta-of-an-apparent-anti-doping-rule-violation/,True,False,laporta linda,False,False
ITA,"Yordanov, Plamen",Sambo,Athlete,Bulgaria,False,source_lists_other_country,Period of Ineligibility of 4 years,Resolved,https://ita.sport/news/the-ita-reports-that-sambo-athlete-plamen-yordanov-has-been-sanctioned-with-a-four-year-period-of-ineligibility/,True,True,plamen yordanov,False,False
ITA,"Aasli, Ilyas",Ju-Jitsu,Athlete,Morocco,False,source_lists_other_country,Period of Ineligibility of 2 years,Resolved,https://ita.sport/news/the-ita-reports-that-ju-jitsu-athlete-ilyas-aasli-has-been-sanctioned-with-a-two-year-period-of-ineligibility/,True,True,aasli ilyas,False,False
ITA,"Pineda Matamoros, Edgar Alexis",Bodybuilding,Athlete,El Salvador,False,source_lists_other_country,Provisional Suspension (since 6 March 2026),On-going,,True,False,alexis edgar matamoros pineda,False,False
ITA,"Gonzalez Munoz, Tamara Ruth",Bodybuilding,Athlete,Mexico,False,source_lists_other_country,Provisional Suspension (since 6 March 2026),On-going,,True,False,gonzalez munoz ruth tamara,False,False
ITA,"BRYZGALOV, Sergei",Bodybuilding,Athlete,Russian Federation,False,source_lists_other_country,Provisional Suspension (since 6 March 2026),On-going,,True,False,bryzgalov sergei,False,False
ITA,"Tatunashvili, Levan",Canoe,Athlete,Georgia,False,source_lists_other_country,Period of Ineligibility of 3 years,Resolved,https://ita.sport/news/the-ita-reports-that-canoeist-levan-tatunashvili-has-been-sanctioned-with-a-3-year-period-of-ineligibility/,True,True,levan tatunashvili,False,False
ITA,"Pham, Dinh Thi",Weightlifting,Athlete,Vietnam,False,source_lists_other_country,Period of Ineligibility of 2 years,Resolved,https://ita.sport/news/the-ita-reports-that-weightlifter-dinh-thi-pham-has-accepted-a-2-year-ban-for-her-anti-doping-rule-violation/,True,True,dinh pham thi,False,False
ITA,"Tseveensuren, Tsogbadrakh",Wrestling,Athlete,Mongolia,False,source_lists_other_country,Period of Ineligibility of 4 years,Resolved,https://ita.sport/news/the-ita-acknowledges-the-cas-add-decision-sanctioning-wrestler-tsogbadrakh-tseveensuren/,True,True,tseveensuren tsogbadrakh,False,False
ITA,"Kentchadze, Avtandil",Wrestling,Athlete,Georgia,False,source_lists_other_country,Period of Ineligibility of 20 months,Resolved,https://ita.sport/news/the-ita-reports-that-wrestler-avtandil-kentchadze-has-been-sanctioned-with-a-20-month-period-of-ineligibility/,True,True,avtandil kentchadze,False,False
ITA,"Kepa, Olaf",Ju-Jitsu,Athlete,Poland,False,source_lists_other_country,Period of Ineligibility of 5 years,On-going,https://ita.sport/news/the-ita-reports-that-ju-jitsu-athlete-olaf-kepa-has-accepted-a-5-year-sanction-for-his-anti-doping-rule-violation/,True,False,kepa olaf,False,False
ITA,"Gapurov, Shokhrukhbek",Sambo,Athlete,Uzbekistan,False,source_lists_other_country,Period of Ineligibility of 3 years,Resolved,https://ita.sport/news/the-ita-reports-that-sambo-athlete-shokhrukhbek-gapurov-has-accepted-a-3-year-ban-for-his-anti-doping-rule-violation/,True,True,gapurov shokhrukhbek,False,False
ITA,"Copic, Goran",Bodybuilding,Athlete,Serbia,False,source_lists_other_country,Period of Ineligibility of 6 years,Resolved,,True,False,copic goran,False,False
ITA,"FALAH, Hootah",Bodybuilding,Athlete,Iran,False,source_lists_other_country,Provisional Suspension (since 27 February 2026),On-going,,True,False,falah hootah,False,False
ITA,"ABDULLAYEV, Ashur",Bodybuilding,Athlete,Azerbaijan,False,source_lists_other_country,Provisional Suspension (since 27 February 2026),On-going,,True,False,abdullayev ashur,False,False
ITA,"KALUGIN, Vladimir",Bodybuilding,Athlete,Russian Federation,False,source_lists_other_country,Provisional Suspension (since 27 February 2026),On-going,,True,False,kalugin vladimir,False,False
ITA,"Dajomes Barrera, Neisi Patricia",Weightlifting,Athlete,Ecuador,False,source_lists_other_country,Period of Ineligibility of 14 months,Resolved,https://ita.sport/news/the-ita-reports-that-weightlifter-neisi-patricia-dajomes-barrera-has-been-sanctioned-with-a-14-month-period-of-ineligibility/,True,True,barrera dajomes neisi patricia,False,False
ITA,"Bernard, Cameron-Lie",Gymnastics,Athlete,France,False,source_lists_other_country,Period of Ineligibility of 22 months,Resolved,https://ita.sport/news/the-ita-reports-that-gymnast-cameron-lie-bernard-accepted-a-22-month-sanction-for-three-whereabouts-failures/,True,True,bernard cameron lie,False,False
ITA,"ALMOUDU, Hasan Aboud",Bodybuilding,Athlete,Saudi Arabia,False,source_lists_other_country,Provisional Suspension (since 26 February 2026),On-going,,True,False,aboud almoudu hasan,False,False
ITA,"ALIYEV, Tarlan",Bodybuilding,Athlete,Azerbaijan,False,source_lists_other_country,Provisional Suspension (since 25 February 2026),On-going,,True,False,aliyev tarlan,False,False
ITA,"GULUZADE, Ahmad",Bodybuilding,Athlete,Azerbaijan,False,source_lists_other_country,Provisional Suspension (since 25 February 2026),On-going,,True,False,ahmad guluzade,False,False
ITA,"SINAL, Burak",Bodybuilding,Athlete,Türkiye,False,source_lists_other_country,Provisional Suspension (since 25 February 2026),On-going,,True,False,burak sinal,False,False
ITA,"Drake Dominguez, Yadir",Baseball,Athlete,Cuba,False,source_lists_other_country,Period of Ineligibility of 2 years,Resolved,https://ita.sport/news/the-ita-reports-that-baseball-player-yadir-drake-dominguez-has-been-sanctioned-with-a-two-year-period-of-ineligibility/,True,True,dominguez drake yadir,False,False
ITA,"BELIC, Dusan",Bodybuilding,Athlete,Serbia,False,source_lists_other_country,Provisional Suspension (since 19 February 2026),On-going,,True,False,belic dusan,False,False
ITA,"SIKORA, Igor",Bodybuilding,Athlete,Serbia,False,source_lists_other_country,Provisional Suspension (since 19 February 2026),On-going,,True,False,igor sikora,False,False
ITA,"ALZAIN, Oweis",Bodybuilding,Athlete,Syria,False,source_lists_other_country,Provisional Suspension (since 19 February 2026),On-going,,True,False,alzain oweis,False,False
ITA,"HAJIBAGHER, Abolfazl",Bodybuilding,Athlete,Iran,False,source_lists_other_country,Provisional Suspension (since 19 February 2026),On-going,,True,False,abolfazl hajibagher,False,False
ITA,"De Leon, Anderson",Baseball,Athlete,Spain,False,source_lists_other_country,Period of Ineligibility of 5 years,Resolved,https://ita.sport/news/the-ita-reports-that-baseball-player-anderson-de-leon-has-been-sanctioned-with-a-5-year-period-of-ineligibility/,True,True,anderson de leon,False,False
ITA,"KOLENSKY, Tomas",Bodybuilding,Athlete,Czech Republic,False,source_lists_other_country,Provisional Suspension (since 16 February 2026),On-going,,True,False,kolensky tomas,False,False
ITA,"Vargas Rueda, Jose Andres",Wrestling,Athlete,Mexico,False,source_lists_other_country,Period of Ineligibility of 3 months,Resolved,https://ita.sport/news/the-ita-reports-that-wrestler-jose-andres-vargas-rueda-has-accepted-a-3-month-ban-for-his-anti-doping-rule-violation/,True,True,andres jose rueda vargas,False,False
ITA,"NIKOLAIENKO, Dmytro",Bodybuilding,Athlete,Ukraine,False,source_lists_other_country,Provisional Suspension (since 11 February 2026),On-going,,True,False,dmytro nikolaienko,False,False
ITA,"Moreno, Angel",Bodybuilding,Athlete,Paraguay,False,source_lists_other_country,Provisional Suspension (since 10 February 2026),On-going,,True,False,angel moreno,False,False
ITA,"Turaev, Khikmatillokh",Military Judo,Athlete,Uzbekistan,False,source_lists_other_country,Period of ineligibility of 6 years,Resolved,,True,False,khikmatillokh turaev,False,False
ITA,"WILHELMSSON, Oliver",Bodybuilding,Athlete,Sweden,False,source_lists_other_country,Provisional Suspension (since 9 February 2026),On-going,,True,False,oliver wilhelmsson,False,False
ITA,"ASHRAF, Shazad",Bodybuilding,Athlete,Norway,False,source_lists_other_country,Provisional Suspension (since 9 February 2026),On-going,,True,False,ashraf shazad,False,False
ITA,"ACOSTA MUÑOZ, Jesús Alejandro",Bodybuilding,Athlete,Mexico,False,source_lists_other_country,Provisional Suspension (since 9 February 2026),On-going,,True,False,acosta alejandro jesus munoz,False,False
ITA,"Bayona Pineda, Martha",Cycling,Athlete,Colombia,False,source_lists_other_country,Period of ineligibility of 18 months,Resolved,https://www.uci.org/pressrelease/uci-statement-concerning-martha-bayona-pineda/1lVG810ExGkBop80wVieJ8,True,True,bayona martha pineda,False,False
ITA,"Sapunov, Danylo",Ironman,Athlete,Ukraine,False,source_lists_other_country,Period of Ineligibility of 3.5 years,Resolved,https://ita.sport/news/the-ita-reports-that-athlete-daniil-sapunov-has-accepted-a-3-5-year-ban-for-his-breach-of-anti-doping-rules/,True,True,danylo sapunov,False,False
ITA,"Manarbek, Ibrahim",Ju-Jitsu,Athlete,Kazakhstan,False,source_lists_other_country,Period of Ineligibility of 3 years,Resolved,https://ita.sport/news/the-ita-reports-that-ju-jitsu-athlete-ibrahim-manarbek-has-accepted-a-3-year-sanction-for-his-anti-doping-rule-violation/,True,True,ibrahim manarbek,False,False
ITA,"Ismoilov, Khakimjon",Sambo,Athlete,Uzbekistan,False,source_lists_other_country,Period of Ineligibility of 2 years,Resolved,https://ita.sport/news/the-ita-reports-that-sambo-athlete-khakimjon-ismoilov-has-accepted-a-2-year-ban-for-his-anti-doping-rule-violation/,True,True,ismoilov khakimjon,False,False
ITA,"Antonova, Larisa",Canoe,Athlete,Russan Federation,False,source_lists_other_country,Disqualification of all individual results at the 2025 World Masters Games,Resolved,https://ita.sport/news/2025-world-masters-games-the-ita-sanctions-russian-athlete-larisa-antonova/,True,True,antonova larisa,False,False
ITA,"Gómez Becerra, Germán Darío",Cycling,Athlete,Colombia,False,source_lists_other_country,Provisional Suspension (since 27 January 2026),On-going,https://www.uci.org/pressrelease/uci-statement-concerning-german-dario-gomez-becerra/2u6Oi3EmHGFFIUe7P2NNJh,True,False,becerra dario german gomez,False,False
ITA,"Daurov, Soslan",Wrestling,Athlete,Belarus,False,source_lists_other_country,Provisional Suspension (since 27 January 2026),On-going,https://ita.sport/news/olympic-games-rio-2016-re-analysis-the-ita-notifies-seven-athletes-of-potential-anti-doping-rule-violations/,True,False,daurov soslan,False,False
ITA,"EFREMOV, Ivan",Weightlifting,Athlete,Uzbekistan,False,source_lists_other_country,Provisional Suspension (since 27 January 2026),On-going,https://ita.sport/news/olympic-games-rio-2016-re-analysis-the-ita-notifies-seven-athletes-of-potential-anti-doping-rule-violations/,True,False,efremov ivan,False,False
ITA,"SAAD, Ahmed",Weightlifting,Athlete,Egypt,False,source_lists_other_country,Provisional Suspension (since 27 January 2026),On-going,https://ita.sport/news/olympic-games-rio-2016-re-analysis-the-ita-notifies-seven-athletes-of-potential-anti-doping-rule-violations/,True,False,ahmed saad,False,False
ITA,"AHMED, Esraa Elsayed Rashed Elsayed",Weightlifting,Athlete,Egypt,False,source_lists_other_country,Provisional Suspension (since 27 January 2026),On-going,https://ita.sport/news/olympic-games-rio-2016-re-analysis-the-ita-notifies-seven-athletes-of-potential-anti-doping-rule-violations/,True,False,ahmed elsayed elsayed esraa rashed,False,False
ITA,"DIDZBALIS, Aurimas",Weightlifting,Athlete,Lithuania,False,source_lists_other_country,Provisional Suspension (since 27 January 2026),On-going,https://ita.sport/news/olympic-games-rio-2016-re-analysis-the-ita-notifies-seven-athletes-of-potential-anti-doping-rule-violations/,True,False,aurimas didzbalis,False,False
ITA,"Pinto Gaspar, Pedro Afonso",Triathlon,Athlete,Portugal,False,source_lists_other_country,Period of Ineligibility of 3 years,Resolved,https://ita.sport/news/the-ita-reports-that-triathlete-pedro-afonso-pinto-gaspar-has-accepted-a-3-year-sanction-for-his-adrv/,True,True,afonso gaspar pedro pinto,False,False
ITA,"Buzacarini, Rafael Augusto",Judo,Athlete,Brazil,False,source_lists_other_country,Provisional Suspension (since 23 January 2026 ),On-going,https://ita.sport/news/olympic-games-rio-2016-re-analysis-the-ita-notifies-seven-athletes-of-potential-anti-doping-rule-violations/,True,False,augusto buzacarini rafael,False,False
ITA,"Basturk, Ramazan",Bodybuilding,Athlete,Türkiye,False,source_lists_other_country,Period of Ineligibility of 6 years,Resolved,,True,False,basturk ramazan,False,False
ITA,"PALLOCSKA, Iren",Bodybuilding,Athlete,Hungary,False,source_lists_other_country,Provisional Suspension (since 22 January 2026),On-going,,True,False,iren pallocska,False,False
ITA,"Clark, Matthew",Cycling,Athlete,United States,False,source_lists_other_country,Period of ineligibility of 3 years,Resolved,,True,False,clark matthew,False,False
ITA,"Musa, Rilind",Bodybuilding,Athlete,Kosovo,False,source_lists_other_country,Period of Ineligibility of 6 years,Resolved,,True,False,musa rilind,False,False
ITA,"Gregus, Jozef",Bodybuilding,Athlete,Slovakia,False,source_lists_other_country,Period of Ineligibility of 4 years,Resolved,,True,False,gregus jozef,False,False
ITA,"ZUKLIC, Dejanira",Bodybuilding,Athlete,Croatia,False,source_lists_other_country,Provisional Suspension (since 19 January 2026),On-going,,True,False,dejanira zuklic,False,False
ITA,"POVOVA, Agata",Bodybuilding,Athlete,Czech Republic,False,source_lists_other_country,Provisional Suspension (since 16 January 2026),On-going,,True,False,agata povova,False,False
ITA,"COLIN, Mapula",Bodybuilding,Athlete,South Africa,False,source_lists_other_country,Provisional Suspension (since 16 December 2025),On-going,,True,False,colin mapula,False,False
ITA,"Houssem, Oucif",Wrestling,Athlete,Algeria,False,source_lists_other_country,Provisional Suspension (since 15 January 2026),On-going,https://ita.sport/news/islamic-solidarity-games-riyad-2025-the-ita-notifies-two-athletes-of-potential-anti-doping-rule-violations/,True,False,houssem oucif,False,False
ITA,"WYSZYNSKA, Kaja",Bodybuilding,Athlete,Poland,False,source_lists_other_country,Provisional Suspension (since 13 January 2026),On-going,,True,False,kaja wyszynska,False,False
ITA,"FONTOWICZ, Natalia",Bodybuilding,Athlete,Poland,False,source_lists_other_country,Provisional Suspension (since 13 January 2026),On-going,,True,False,fontowicz natalia,False,False
ITA,"JANCIC, Jelena",Bodybuilding,Athlete,Serbia,False,source_lists_other_country,Provisional Suspension (since 12 January 2026),On-going,,True,False,jancic jelena,False,False
ITA,"Llauca Mendoza, Rosa Camila",Taekwondo,Athlete,Peru,False,source_lists_other_country,Period of Ineligibility of two years,Resolved,https://ita.sport/news/the-ita-reports-a-two-year-period-of-ineligibility-for-taekwondo-athlete-rosa-camila-llauca-mendoza/,True,True,camila llauca mendoza rosa,False,False
ITA,"Tudela Chiozza, Miguel",Surfing,Athlete,Peru,False,source_lists_other_country,Period of Ineligibility of 16 months (time served under provisional suspension credited),Resolved,https://ita.sport/news/the-ita-acknowledges-cas-add-decision-to-sanction-surfer-miguel-tudela-chiozza-with-16-months-of-ineligibility/,True,True,chiozza miguel tudela,False,False
ITA,"Lee, Shinjae",Bodybuilding,Athlete,Republic of Korea,False,source_lists_other_country,Period of Ineligibility of 3 years,Resolved,,True,False,lee shinjae,False,False
ITA,"ROSKOT, Tomas",Bodybuilding,Athlete,Czech Republic,False,source_lists_other_country,Provisional Suspension (since 18 December 2025),On-going,,True,False,roskot tomas,False,False
ITA,"Carvalho Ferreira, António",Cycling,Athlete,Portugal,False,source_lists_other_country,Period of ineligibility of 4 years,Resolved,https://www.uci.org/pressrelease/uci-statement-concerning-antonio-carvalho-ferreira/2DQAmTdVRnw145nfhlFygL,True,True,antonio carvalho ferreira,False,False
ITA,"Mohammadi, Iman",Wrestling,Athlete,Iran - Islamic Republic of Iran,False,source_lists_other_country,Provisional Suspension (since 5 December 2025),On-going,https://ita.sport/news/the-ita-notifies-wrestler-iman-mohammadi-of-an-apparent-anti-doping-rule-violation/,True,False,iman mohammadi,False,False
ITA,"Gobeev, Mikhail",Weightlifting,Athlete,Russian Federation,False,source_lists_other_country,Period of Ineligibility of twice 4 years,Resolved,https://ita.sport/news/the-ita-reports-that-weightlifter-mikhail-gobeev-has-been-sanctioned-with-a-4-year-period-of-ineligibility/,True,True,gobeev mikhail,False,False
ITA,"Bekbauov, Dulat",Boxing,Athlete,Kazakhstan,False,source_lists_other_country,Two-year period of Ineligibility,Resolved,https://ita.sport/news/the-ita-reports-that-boxer-dulat-bekbauov-has-been-sanctioned-with-a-2-year-period-of-ineligibility/,True,True,bekbauov dulat,False,False
ITA,"Pimentel Sivira, Maiker Josue",Softball,Athlete,Venezuela,False,source_lists_other_country,Period of Ineligibility of 3 years,Resolved,https://ita.sport/news/the-ita-reports-that-softball-player-maiker-josue-pimentel-sivira-has-been-sanctioned-with-a-3-year-period-of-ineligibility/,True,True,josue maiker pimentel sivira,False,False
ITA,"Lazeroff, Scott",Aquatics,Athlete,United States,False,source_lists_other_country,Period of Ineligibility of 14 months,Resolved,https://ita.sport/news/the-ita-reports-that-high-diver-scott-lazeroff-has-accepted-a-14-months-ban-for-his-anti-doping-rule-violation/,True,True,lazeroff scott,False,False
ITA,"Sciortino, Martti",Cycling,Athlete,Italy,False,source_lists_other_country,Period of ineligibility of 18 months,Resolved,https://www.uci.org/pressrelease/uci-statement-concerning-martti-sciortino2/6LSIAEbHLYFbHiRMGN2Has,True,True,martti sciortino,False,False
ITA,"Gomez, Mauro Gabriel",Mixed Martial Arts,Athlete,Argentina,False,source_lists_other_country,Period of Ineligibility of 2 years,Resolved,https://ita.sport/news/the-ita-reports-that-mixed-martial-arts-athlete-mauro-gabriel-gomez-has-been-sanctioned-with-a-2-year-period-of-ineligibility/,True,True,gabriel gomez mauro,False,False
ITA,"Byvaltseva, Aleksandra",Bodybuilding,Athlete,Russian Federation,False,source_lists_other_country,Provisional Suspension (since 27 November 2025),On-going,,True,False,aleksandra byvaltseva,False,False
ITA,"Murillo, Fabiana JIMENEZ",Bodybuilding,Athlete,Costa Rica,False,source_lists_other_country,Provisional Suspension (since 27 November 2025),On-going,,True,False,fabiana jimenez murillo,False,False
ITA,"Millasaky, Ricardo",Bodybuilding,Athlete,Peru,False,source_lists_other_country,Provisional Suspension (since 27 November 2025),On-going,,True,False,millasaky ricardo,False,False
ITA,"Constanza de Perez, Carolina",Bodybuilding,Athlete,El Salvador,False,source_lists_other_country,Provisional Suspension (since 27 November 2025),On-going,,True,False,carolina constanza de perez,False,False
ITA,"Suniaga, Adoniel",Bodybuilding,Athlete,Chile,False,source_lists_other_country,Provisional Suspension (since 27 November 2025),On-going,,True,False,adoniel suniaga,False,False
ITA,"Al-Lami, Qasim Hasan Abdulhussein",Weightlifting,Athlete,Iraq,False,source_lists_other_country,Period of Ineligibility of 7 years,Resolved,https://ita.sport/?post_type=news&p=21017&preview=true,True,True,abdulhussein al hasan lami qasim,False,False
ITA,"KULETA, Granit",Bodybuilding,Athlete,Kosovo,False,source_lists_other_country,Provisional Suspension (since 19 January 2026),On-going,,True,False,granit kuleta,False,False
ITA,"Buzdugan, Petru",Mixed Martial Arts,Athlete,Moldova,False,source_lists_other_country,Period of Ineligibility of 4 years,Resolved,https://ita.sport/news/the-ita-reports-that-mixed-martial-arts-athlete-petru-buzdugan-has-been-sanctioned-with-a-4-year-period-of-ineligibility/,True,True,buzdugan petru,False,False
ITA,"Springer, Avlyn",Bodybuilding,Athlete,Barbados,False,source_lists_other_country,Provisional Suspension (since 20 November 2025),On-going,,True,False,avlyn springer,False,False
ITA,"Contreras, Lesly",Bodybuilding,Athlete,Mexico,False,source_lists_other_country,Provisional Suspension (since 20 November 2025),On-going,,True,False,contreras lesly,False,False
ITA,"Trujillo Aguilar, Antony Brando",Bodybuilding,Athlete,Peru,False,source_lists_other_country,Provisional Suspension (since 20 November 2025),On-going,,True,False,aguilar antony brando trujillo,False,False
ITA,"Estigarribia, Nohelia Beatriz",Bodybuilding,Athlete,Paraguay,False,source_lists_other_country,Provisional Suspension (since 20 November 2025),On-going,,True,False,beatriz estigarribia nohelia,False,False
ITA,"Costea, Bianca",Bodybuilding,Athlete,Romania,False,source_lists_other_country,Provisional Suspension (since 20 November 2025),On-going,,True,False,bianca costea,False,False
ITA,"Ghalandari, Mostafa",Bodybuilding,Athlete,Iran,False,source_lists_other_country,Provisional Suspension (since 20 November 2025),On-going,,True,False,ghalandari mostafa,False,False
ITA,"Aparicio Hernandez, Miguel Antonio",Bodybuilding,Athlete,Costa Rica,False,source_lists_other_country,Provisional Suspension (since 20 November 2025),On-going,,True,False,antonio aparicio hernandez miguel,False,False
ITA,"Duque Robles, Carolina",Bodybuilding,Athlete,Mexico,False,source_lists_other_country,Provisional Suspension (since 20 November 2025),On-going,,True,False,carolina duque robles,False,False
ITA,"Ronceros Valencia, Alexis",Bodybuilding,Athlete,Peru,False,source_lists_other_country,Provisional Suspension (since 20 November 2025),On-going,,True,False,alexis ronceros valencia,False,False
ITA,"Proskuryakov, Artyom",Cycling,Athlete,Azerbaijan,False,source_lists_other_country,Period of ineligibility of 3 years,Resolved,https://www.uci.org/pressrelease/uci-statement-concerning-artyom-proskuryakov2/6rmgpqNMFtp8d7qxDTt8My,True,True,artyom proskuryakov,False,False
ITA,"Reategui Shapiama, Mayra Maybe",Bodybuilding,Athlete,Peru,False,source_lists_other_country,Provisional Suspension (since 10 November 2025),On-going,,True,False,maybe mayra reategui shapiama,False,False
ITA,"Balarezo Salinas, Denisse Andrea",Bodybuilding,Athlete,Ecuador,False,source_lists_other_country,Provisional Suspension (since 10 November 2025),On-going,,True,False,andrea balarezo denisse salinas,False,False
ITA,"Paredes Vasquez, Jose Jhair",Bodybuilding,Athlete,Ecuador,False,source_lists_other_country,Provisional Suspension (since 10 November 2025),On-going,,True,False,jhair jose paredes vasquez,False,False
ITA,"Valdivieso Blacio, Renato Paul",Bodybuilding,Athlete,Ecuador,False,source_lists_other_country,Provisional Suspension (since 10 November 2025),On-going,,True,False,blacio paul renato valdivieso,False,False
ITA,"Taboada Zambrano, Lenny Osmar",Bodybuilding,Athlete,Ecuador,False,source_lists_other_country,Provisional Suspension (since 11 November 2025),On-going,,True,False,lenny osmar taboada zambrano,False,False
ITA,"Bocca Iglesia, Juan Jose",Bodybuilding,Athlete,Ecuador,False,source_lists_other_country,Provisional Suspension (since 11 November 2025),On-going,,True,False,bocca iglesia jose juan,False,False
ITA,"Martinez Hernandez, Luis Matias",Bodybuilding,Athlete,Uruguay,False,source_lists_other_country,Provisional Suspension (since 11 November 2025),On-going,,True,False,hernandez luis martinez matias,False,False
ITA,"Vignoli Santos, Agustin Federico",Bodybuilding,Athlete,Uruguay,False,source_lists_other_country,Provisional Suspension (since 11 November 2025),On-going,,True,False,agustin federico santos vignoli,False,False
ITA,"Batta Egea, Maria Otilia",Bodybuilding,Athlete,Venezuela,False,source_lists_other_country,Provisional Suspension (since 11 November 2025),On-going,,True,False,batta egea maria otilia,False,False
ITA,"Chilard, Nicolas",Judo,Athlete,France,False,source_lists_other_country,Period of ineligibility of 4 years,Resolved,,True,False,chilard nicolas,False,False
ITA,"Palenicek, Jan",Bodybuilding,Athlete,Czech Republic,False,source_lists_other_country,Period of Ineligibility of 2 years,Resolved,,True,False,jan palenicek,False,False
ITA,"Lazkano Lopez, Oier",Cycling,Athlete,Spain,False,source_lists_other_country,Provisional Suspension (since 30 October 2025),On-going,https://www.uci.org/pressrelease/uci-statement-on-oier-lazkano-lopez/4xbYXOMQoHOK2VdhHlcLub,True,False,lazkano lopez oier,False,False
ITA,"Mangue Gaya, Boubacar",Taekwondo,Athlete,Niger,False,source_lists_other_country,Period of Ineligibility of 2 years,Resolved,https://ita.sport/news/the-ita-reports-that-taekwondo-athlete-boubacar-mangue-gaya-has-accepted-a-2-year-ban-for-his-anti-doping-rule-violation/,True,True,boubacar gaya mangue,False,False
ITA,"Costa, Vinicius Rangel",Cycling,Athlete,Brazil,False,source_lists_other_country,Period of ineligibility of 20 months,Resolved,https://www.uci.org/pressrelease/uci-statement-concerning-vinicius-rangel-costa/2QNZgFdmqSwMSKg92jBxqj,True,True,costa rangel vinicius,False,False
ITA,"Thompson, Denica",Bodybuilding,Athlete,Bahamas,False,source_lists_other_country,Provisional Suspension (since 24 October 2025),On-going,,True,False,denica thompson,False,False
ITA,"Mutolapova, Anastasia",Bodybuilding,Athlete,Russian Federation,False,source_lists_other_country,Provisional Suspension (since 24 October 2025),On-going,,True,False,anastasia mutolapova,False,False
ITA,"Morcos, Sandra",Mixed Martial Arts,Athlete,Egypt,False,source_lists_other_country,Period of Ineligibility of 4 years,Resolved,,True,False,morcos sandra,False,False
ITA,"Simmonds, Imogen Carlina",Ironman,Athlete,Switzerland,False,source_lists_other_country,No Fault or Negligence,Resolved,https://ita.sport/news/ironman-athlete-imogen-simmonds-accepts-a-finding-of-no-fault-for-her-anti-doping-rule-violation/,True,True,carlina imogen simmonds,False,False
ITA,"Oliveira Da Silva, Silvia",Bodybuilding,Athlete,Brazil,False,source_lists_other_country,Provisional Suspension (since 16 October 2025),On-going,,True,False,da oliveira silva silvia,False,False
ITA,"Pryimachov, Oleh",Muaythai,Athlete,Ukraine,False,source_lists_other_country,Period of Ineligibility of 2 years,Resolved,https://ita.sport/news/the-ita-reports-that-muaythai-athlete-oleh-pryimachov-has-been-sanctioned-with-a-4-year-period-of-ineligibility/,True,True,oleh pryimachov,False,False
ITA,"Gulliver, Arran",Bobsleigh,Athlete,United Kingdom,False,source_lists_other_country,Period of Ineligibility of 2 years,Resolved,https://ita.sport/news/the-ita-reports-that-bobsleigh-athlete-arran-gulliver-has-been-sanctioned-with-a-2-year-period-of-ineligibility/,True,True,arran gulliver,False,False
ITA,"Anueng, Khatthamarasri",Muaythai,Athlete,Thailand,False,source_lists_other_country,Period of Ineligibility of 3 years,Resolved,https://ita.sport/news/the-ita-reports-that-muaythai-athlete-khatthamarasri-anueng-has-been-sanctioned-with-a-3-year-period-of-ineligibility/,True,True,anueng khatthamarasri,False,False
ITA,"Bachir, Ricardo",Mixed Martial Arts,Athlete,Lebanon,False,source_lists_other_country,Period of Ineligibility of 4 years,Resolved,https://ita.sport/news/the-ita-reports-that-mixed-martial-arts-athlete-ricardo-bachir-has-been-sanctioned-with-a-4-year-period-of-ineligibility/,True,True,bachir ricardo,False,False
ITA,"Davitadze, Revaz",Weightlifting,Athlete,Georgia,False,source_lists_other_country,Period of Ineligibility of 4 years,Resolved,https://ita.sport/news/the-ita-acknowledges-the-cas-awards-sanctioning-weightlifters-revaz-davitadze-and-gurami-giorbelidze/,True,True,davitadze revaz,False,False
ITA,"Giorbelidze, Gurami",Weightlifting,Athlete,Georgia,False,source_lists_other_country,Period of Ineligibility of 4 years,Resolved,https://ita.sport/news/the-ita-acknowledges-the-cas-awards-sanctioning-weightlifters-revaz-davitadze-and-gurami-giorbelidze/,True,True,giorbelidze gurami,False,False
ITA,"Spac, Alexandru",Weightlifting,Athlete,Moldova,False,source_lists_other_country,Period of Ineligibility of 7 years,Resolved,https://ita.sport/news/the-ita-reports-that-weightlifter-alexandru-spac-has-accepted-a-7-year-period-of-ineligibility-for-his-adrv/,True,True,alexandru spac,False,False
ITA,"Radonjic, Magdalena",Bodybuilding,Athlete,Montenegro,False,source_lists_other_country,Period of Ineligibility of 5 years,Resolved,,True,False,magdalena radonjic,False,False
ITA,"Almteiri, Abdulla",Bodybuilding,Athlete,United Arab Emirates,False,source_lists_other_country,Provisional Suspension (since 19 September 2025),On-going,,True,False,abdulla almteiri,False,False
ITA,"Egle, Madeleine",Luge,Athlete,Austria,False,source_lists_other_country,Period of Ineligibility of 20 months,Resolved,,True,False,egle madeleine,False,False
ITA,"Krkoska, Ondrej",Bodybuilding,Athlete,Czech Republic,False,source_lists_other_country,Period of Ineligibility of 4 years,Resolved,,True,False,krkoska ondrej,False,False
ITA,"Pokatilov, Andrey",Weightlifting,Athlete,Russian Federation,False,source_lists_other_country,Period of Ineligibility of 4 years,Resolved,https://ita.sport/news/the-ita-reports-that-weightlifter-andrey-pokatilov-was-sanctioned-based-on-wada-investigation-mclaren-report-and-lims-data/,True,True,andrey pokatilov,False,False
ITA,"Marczuk, Otylia",Cycling,Athlete,Poland,False,source_lists_other_country,Period of ineligibility of 4 years,Resolved,https://www.uci.org/pressrelease/uci-statement-concerning-otylia-marczuk/7kZ0sB0iFADx1c2jxvjF1p,True,True,marczuk otylia,False,False
ITA,"Idrees, Baqer",Triathlon,Athlete,Iraq,False,source_lists_other_country,Period of Ineligibility of 2 years,Resolved,https://ita.sport/news/the-ita-reports-that-triathlete-baqer-idrees-has-been-sanctioned-with-a-2-year-period-of-ineligibility/,True,True,baqer idrees,False,False
ITA,"Wulff, Simon",Bobsleigh,Athlete,Germany,False,source_lists_other_country,Period of Ineligibility of 21 months,Resolved,https://ita.sport/news/german-bobsleigh-athlete-simon-wulff-has-been-sanctioned-with-a-21-month-period-of-ineligibility/,True,True,simon wulff,False,False
ITA,"Nabiyeva, Zhanela",Sambo,Athlete,Kazakhstan,False,source_lists_other_country,Period of Ineligibility of 2 years,Resolved,https://ita.sport/news/the-ita-reports-that-sambo-athlete-zhanela-nabiyeva-has-accepted-a-2-year-ban-for-her-anti-doping-rule-violation/,True,True,nabiyeva zhanela,False,False
ITA,"Martinson, Louis Wayne Loic Gael",Weightlifting,Athlete,Mauritius,False,source_lists_other_country,Period of Ineligibility of 3 years,Resolved,https://ita.sport/news/the-ita-reports-that-weightlifter-louis-wayne-loic-gael-martinson-has-accepted-a-3-year-ban-for-his-adrv/,True,True,gael loic louis martinson wayne,False,False
ITA,"Popova, Iryna",Cycling,Athlete,Ukraine,False,source_lists_other_country,Period of ineligibility of 4 years,Resolved,https://www.uci.org/pressrelease/uci-statement-concerning-iryna-popova/4gAhYjd3XxsXiZht2JyIkT,True,True,iryna popova,False,False
ITA,"Pereira, Ana Luiza",Wrestling,Athlete,Brazil,False,source_lists_other_country,Period of Ineligibility of 3 years,Resolved,,True,False,ana luiza pereira,False,False
ITA,"Ukropina, Aleksa",Waterpolo,Athlete,Montenegro,False,source_lists_other_country,Period of Ineligibility of 2 years,Resolved,,True,False,aleksa ukropina,False,False
ITA,"Bonnamour, Franck",Cycling,Athlete,France,False,source_lists_other_country,Period of ineligibility of 4 years,Resolved,https://www.uci.org/pressrelease/uci-statement-concerning-franck-bonnamour/7DO58wM1YA71kZ9xpaHEkX,True,True,bonnamour franck,False,False
ITA,"Deghmache, Mehdi",Canoe,Athlete,France,False,source_lists_other_country,Provisional Suspension (since 21 August 2025),On-going,https://ita.sport/news/the-ita-notifies-canoeist-mehdi-deghmache-of-an-apparent-anti-doping-rule-violation/,True,False,deghmache mehdi,False,False
ITA,"Martins Machado, Thamires",Wrestling,Athlete,Brazil,False,source_lists_other_country,Provisional Suspension (since 18 August 2025),On-going,,True,False,machado martins thamires,False,False
ITA,"Sarno, Vanessa",Weightlifting,Athlete,Philippines,False,source_lists_other_country,Period of Ineligibility of 2 years,Resolved,https://ita.sport/news/the-ita-reports-that-weightlifter-vanessa-sarno-accepted-a-2-year-sanction-for-three-whereabouts-failures/,True,True,sarno vanessa,False,False
ITA,"Manca Lemus, Alma Emerita",Bodybuilding,Athlete,El Salvador,False,source_lists_other_country,Provisional Suspension (since 13 August 2025),On-going,,True,False,alma emerita lemus manca,False,False
ITA,"Davgasuren, Otgonjargal",Bodybuilding,Athlete,Mongolia,False,source_lists_other_country,Provisional Suspension (since 5 August 2025),On-going,,True,False,davgasuren otgonjargal,False,False
ITA,"Erdemir, Tugrul Han",Boxing,Athlete,Turkey,False,source_lists_other_country,Period of Ineligibility of 2 years,Resolved,https://ita.sport/news/cas-confirms-two-year-ban-imposed-on-turkish-boxer-tugrulhan-erdemir/,True,True,erdemir han tugrul,False,False
ITA,"Goers, Nicole",Bodybuilding,Athlete,Germany,False,source_lists_other_country,Provisional Suspension (since 29 July 2025),On-going,,True,False,goers nicole,False,False
ITA,"Zaki, Adnan",Triathlon,Athlete,Syria,False,source_lists_other_country,Period of Ineligibility of 2 years,Resolved,https://ita.sport/news/the-ita-reports-that-triathlete-adnan-zaki-accepted-a-2-year-period-of-ineligibility-for-his-anti-doping-rule-violation/,True,True,adnan zaki,False,False
ITA,"Fernandez Cruz, Delio",Cycling,Athlete,Spain,False,source_lists_other_country,Provisional Suspensioin (since 22 July 2025),On-going,,True,False,cruz delio fernandez,False,False
ITA,"Mullojonov, Lazizbek",Boxing,Athlete,Uzbekistan,False,source_lists_other_country,Provisional Suspension (since 22 July 2025),Ongoing,https://ita.sport/news/the-ita-notifies-boxer-lazizbek-mullojonov-of-an-apparent-anti-doping-rule-violation/,True,False,lazizbek mullojonov,False,False
ITA,"Tolhoek, Antwan",Cycling,Athlete,Netherland,False,source_lists_other_country,Period of ineligibility of 4 years,Resolved,https://www.uci.org/pressrelease/uci-statement-concerning-antwan-tolhoek1/7smBeq7cWIpWUNwt2m26XI,True,True,antwan tolhoek,False,False
ITA,"Oleksiak, Penelope",Swimming,Athlete,Canada,False,source_lists_other_country,Period of Ineligibility of 24 months,Resolved,https://ita.sport/news/the-ita-notifies-swimmer-penelope-oleksiak-of-an-apparent-anti-doping-rule-violation/,True,True,oleksiak penelope,False,False
ITA,"Krastev, Dimitar",Sport Fishing,Athlete,Bulgaria,False,source_lists_other_country,Period of Ineligibility of 4 years,Resolved,,True,False,dimitar krastev,False,False
ITA,"Morisho Lombe, Daniel",Handball,N/A,Democratic Republic of the Congo,False,source_lists_other_country,Period of Ineligibility of 2 years,Resolved,https://ita.sport/news/the-ita-reports-that-handball-player-daniel-morisholombe-has-been-sanctioned-with-a-2-year-period-of-ineligibility/,True,True,daniel lombe morisho,False,False
ITA,"Chia Bermudez, Luis Carlos",Cycling,Athlete,Colombia,False,source_lists_other_country,Period of ineligibility of 3 years,Resolved,,True,False,bermudez carlos chia luis,False,False
ITA,"Bedward, Shania Sophia",Weightlifting,Athlete,Canada,False,source_lists_other_country,Period of Ineligibility of 2 years,Resolved,https://ita.sport/news/the-ita-reports-that-weightlifter-shania-sophia-bedward-accepted-a-2-year-ban-for-her-anti-doping-rule-violation/,True,True,bedward shania sophia,False,False
ITA,"Mirzajonov, Abduraxmon",Sambo,Athlete,Uzbekistan,False,source_lists_other_country,Period of Ineligibility of 3 years,Resolved,https://ita.sport/news/the-ita-reports-that-sambo-athlete-abduraxmon-mirzajonov-has-been-sanctioned-with-a-3-year-period-of-ineligibility/,True,True,abduraxmon mirzajonov,False,False
ITA,"Kwon, Dae Hee",Weightlifting,Athlete,Republic of Korea,False,source_lists_other_country,Period of Ineligibility of 3 years,Resolved,https://ita.sport/news/the-ita-reports-that-weightlifter-dae-hee-kwon-accepted-a-3-year-ban-for-his-anti-doping-rule-violation/,True,True,dae hee kwon,False,False
ITA,"Nowak, Przemyslaw",Bodybuilding,Athlete,Poland,False,source_lists_other_country,Provisional Suspension (since 30 June 2025),On-going,,True,False,nowak przemyslaw,False,False
ITA,"Erciyes, Emre",Bodybuilding,Athlete,Türkiye,False,source_lists_other_country,Provisional Suspension (since 30 June 2025),On-going,,True,False,emre erciyes,False,False
ITA,"Hidayat, Guluzade",Bodybuilding,Athlete,Azerbaijan,False,source_lists_other_country,Provisional Suspension (since 30 June 2025),On-going,,True,False,guluzade hidayat,False,False
ITA,"Löwentraut, Marcel",Bodybuilding,Athlete,Germany,False,source_lists_other_country,Provisional Suspension (since 30 June 2025),On-going,,True,False,lowentraut marcel,False,False
ITA,"Mulero, Aitana",Bodybuilding,Athlete,Spain,False,source_lists_other_country,Provisional Suspension (since 30 June 2025),On-going,,True,False,aitana mulero,False,False
ITA,"Kozokov, Erkin",Kurash,Athlete,Uzbekistan,False,source_lists_other_country,Period of Ineligibility of 3 years,Resolved,https://ita.sport/news/the-ita-reports-that-kurash-athlete-erkin-kozokov-accepted-a-3-year-ban-for-his-anti-doping-rule-violation/,True,True,erkin kozokov,False,False
ITA,"Volikákis, Chrístos",Cycling,Athlete,Greece,False,source_lists_other_country,Period of ineligibility of 3 years,Resolved,https://www.uci.org/pressrelease/uci-statement-concerning-christos-volikakis/574JoP2UHTw9lzDewKJM1P,True,True,christos volikakis,False,False
ITA,"Khataev, Imam",Boxing,Athlete,Russian Federation,False,source_lists_other_country,Period of Ineligibility of 2 years,Resolved,,True,False,imam khataev,False,False
ITA,"Ambelj, Fouad",Breaking,Athlete,Austria,False,source_lists_other_country,Period of Ineligibility - 4 years,Resolved,https://ita.sport/news/the-ita-reports-that-dancer-fouad-ambelj-b-boy-lil-zoo-has-been-sanctioned-with-a-4-year-period-of-ineligibility/,True,True,ambelj fouad,False,False
ITA,"Fayzullaeva, Dilnoza",Weightlifting,Athlete,Uzbekistan,False,source_lists_other_country,Period of Ineligibility of 2 years,Resolved,https://ita.sport/news/the-ita-reports-that-weightlifter-dilnoza-fayzullaeva-has-accepted-a-2-year-period-of-ineligibility/,True,True,dilnoza fayzullaeva,False,False
ITA,"Park, Eugene Kim",Golf,Athlete,Guam,False,source_lists_other_country,Period of Ineligibility - 4 years,Resolved,https://ita.sport/news/the-ita-reports-that-golf-player-eugene-kim-park-has-been-sanctioned-with-a-4-year-period-of-ineligibility/,True,True,eugene kim park,False,False
ITA,"Shukhratova, Rukhshona",Kickboxing,Athlete,Uzbekistan,False,source_lists_other_country,Period of Ineligibility of 2 years,Resolved,https://ita.sport/news/kickboxer-shukhratova-rukhshona-accepts-a-two-year-period-of-ineligibility-for-her-anti-doping-rule-violation/,True,True,rukhshona shukhratova,False,False
ITA,"Lamrani, Abderrezzak",Muaythai,Athlete,Algeria,False,source_lists_other_country,Period of Ineligibility of 6 years,Resolved,https://ita.sport/news/the-ita-reports-that-athlete-abderrezzak-lamrani-has-been-sanctioned-with-a-6-year-period-of-ineligibility/,True,True,abderrezzak lamrani,False,False
ITA,"Echeverri Cardona, Carlos Daniel",Cycling,Athlete,Colombia,False,source_lists_other_country,Period of ineligibility of 3 years,Resolved,,True,False,cardona carlos daniel echeverri,False,False
ITA,"Rashitov, Ulugbek",Taekwondo,Athlete,Uzbekistan,False,source_lists_other_country,Period of Ineligibility of 2 years,Resolved,https://ita.sport/news/the-ita-reports-that-taekwondo-athlete-ulugbek-rashitov-accepted-a-2-year-sanction-for-three-whereabouts-failures/,True,True,rashitov ulugbek,False,False
ITA,"Matiash, Danylo",Kickboxing,Athlete,Ukraine,False,source_lists_other_country,Period of Ineligibility of 2 years,Resolved,https://ita.sport/news/the-ita-reports-that-kickboxer-danylo-matiash-has-been-sanctioned-with-a-2-year-period-of-ineligibility/,True,True,danylo matiash,False,False
ITA,"Kantor, Ben",Softball,Athlete,Israel,False,source_lists_other_country,Period of Ineligibility of 3 years,Resolved,,True,False,ben kantor,False,False
ITA,"Kornalewski, Tomasz",Bodybuilding,Athlete,Poland,False,source_lists_other_country,Provisional Suspension (since 16 May 2025),On-going,,True,False,kornalewski tomasz,False,False
ITA,"Das Neves Borgo, Matheus (Dr)",N/A,Athlete Support Personnel,N/A,False,pending_individual_verification,Period of Ineligibility of 6 years,Resolved,,True,False,borgo das matheus neves,False,False
ITA,"Sazzokov, Hamrobek",Kurash,Athlete,Uzbekistan,False,source_lists_other_country,Period of Ineligibility of 4 years,Resolved,,True,False,hamrobek sazzokov,False,False
ITA,"Abdullin, Aslan",Wrestling,Athlete,Russian Federation,False,source_lists_other_country,Period of Ineligibility of 4 years,Resolved,,True,False,abdullin aslan,False,False
ITA,"Salas Buitimea, Noel",Baseball,Athlete,Mexico,False,source_lists_other_country,Period of Ineligibility of 4 years,Resolved,https://ita.sport/news/the-ita-reports-that-baseball-player-noel-salas-buitimea-has-been-sanctioned-with-a-four-year-period-of-ineligibility/,True,True,buitimea noel salas,False,False
ITA,"Tejada Abrego, Ruben Dario",Baseball,Athlete,Panama,False,source_lists_other_country,Period of Ineligibility of 4 years,Resolved,https://ita.sport/news/the-ita-reports-that-baseball-player-ruben-dario-tejada-abrego-was-sanctioned-with-a-four-year-period-of-ineligibility/,True,True,abrego dario ruben tejada,False,False
ITA,"Evans, Joanna",Swimming,Athlete,Bahrain,False,source_lists_other_country,Period of Ineligibility of 4 years,Resolved,,True,False,evans joanna,False,False
ITA,"Sokolova, Aleksandra",Open Water Swimming,Athlete,Russian Federation,False,source_lists_other_country,Period of Ineligibility of 4 years,Resolved,,True,False,aleksandra sokolova,False,False
ITA,"Podyakov, Artem",Open Water Swimming,Athlete,Russian Federation,False,source_lists_other_country,Period of Ineligibility of 4 years,Resolved,,True,False,artem podyakov,False,False
ITA,"Lobuzov, Artem",Swimming,Athlete,Russian Federation,False,source_lists_other_country,Period of Ineligibility of 4 years,Resolved,,True,False,artem lobuzov,False,False
ITA,"Fiol Villanueva, Mauricio",Swimming,Athlete,Peru,False,source_lists_other_country,Period of Ineligibility of 8 years,Resolved,,True,False,fiol mauricio villanueva,False,False
ITA,"Zhen, Ba",N/A,Athlete Support Personnel,China,False,source_lists_other_country,Period of Ineligibility of 8 years,Resolved,,True,False,ba zhen,False,False
ITA,"Gusmao, Rebecca",Swimming,Athlete,Brazil,False,source_lists_other_country,Lifetime period of Ineligibility,Resolved,,True,False,gusmao rebecca,False,False
ITA,"Dias Laia, Francisca",Canoe,Athlete,Portugal,False,source_lists_other_country,Period of Ineligibility of 4 years,Resolved,https://ita.sport/news/the-ita-reports-that-canoeist-francisca-dias-laia-has-been-sanctioned-with-a-four-year-period-of-ineligibility/,True,True,dias francisca laia,False,False
ITA,"Fowler, Jaclynn Reese",Diving,Athlete,USA,False,source_lists_other_country,Period of Ineligibility of 4 years,Resolved,https://ita.sport/news/ita-reports-that-diver-jaclynn-reese-fowler-has-been-sanctioned-with-a-4-year-period-of-ineligibility/,True,True,fowler jaclynn reese,False,False
ITA,"Acuña Rocha, Francisco",Baseball,Athlete,Colombia,False,source_lists_other_country,Period of Ineligibility of 2 years,Resolved,https://ita.sport/news/the-ita-reports-that-baseball-player-francisco-acuna-rocha-has-been-sanctioned-with-a-2-year-period-of-ineligibility/,True,True,acuna francisco rocha,False,False
ITA,"Zhetibayev, Sarsen",Grappling,Athlete,Kazakhstan,False,source_lists_other_country,Period of Ineligibility of 3 years,Resolved,https://ita.sport/news/the-ita-reports-that-wrestler-sarsen-zhetibayev-has-been-sanctioned-with-a-3-year-period-of-ineligibility/,True,True,sarsen zhetibayev,False,False
ITA,"Maulenin, Abilkaiyr",Kurash,Athlete,Kazakhstan,False,source_lists_other_country,Provisional Suspension (since 27 May 2025),On-going,https://ita.sport/news/the-ita-notifies-kurash-athlete-abilkaiyr-maulenin-of-an-apparent-anti-doping-rule-violation/,True,False,abilkaiyr maulenin,False,False
ITA,"Ibarra, Jeffrey",Baseball,Athlete,Mexico,False,source_lists_other_country,Provisional Suspension (since 26 May 2025),On-going,,True,False,ibarra jeffrey,False,False
ITA,"Huynh, Do Dat",Wushu,Athlete,Vietnam,False,source_lists_other_country,Period of Ineligibility of 2 years,Resolved,,True,False,dat do huynh,False,False
ITA,"Rodriguez Ferreira, Abner",Kickboxing,Athlete,Brazil,False,source_lists_other_country,Provisional Suspension (since 23 May 2025),On-going,,True,False,abner ferreira rodriguez,False,False
ITA,"Kevlishvili Marusashvili, Davit",Judo,Athlete,Spain,False,source_lists_other_country,Period of ineligibility of 2 years,Resolved,,True,False,davit kevlishvili marusashvili,False,False
ITA,"Gviniashvili, Beka",Judo,Athlete,Georgia,False,source_lists_other_country,Period of ineligibility of 4 years,Resolved,,True,False,beka gviniashvili,False,False
ITA,"Jalal, Ahmed",Handball,Athlete,Bahrain,False,source_lists_other_country,Period of Ineligibility of 2 years,Resolved,https://ita.sport/news/the-ita-reports-2-year-sanction-for-handball-player-ahmed-jalal-abbas-mansoor-fadhul/,True,True,ahmed jalal,False,False
ITA,"Lyu, Xiaojun",Weightlifting,Athlete,China,False,source_lists_other_country,Period of Ineligibility of 4 years,Resolved,https://ita.sport/news/the-ita-acknowledges-the-cas-add-decision-sanctioning-weightlifter-xiaojun-lyu/,True,True,lyu xiaojun,False,False
ITA,"Pasych, Ivan",Mixed Martial Arts,Athlete,Ukraine,False,source_lists_other_country,Period of Ineligibility of 4 years,Resolved,,True,False,ivan pasych,False,False
ITA,"Salamatina, Valeriya",Swimming,Athlete,Russian Federation,False,source_lists_other_country,Period of Ineligibility of 2 years,Resolved,,True,False,salamatina valeriya,False,False
ITA,"Bochkov, Rodion",Weightlifting,Athlete,Russian Federation,False,source_lists_other_country,Period of Ineligibility of 8 years,Resolved,,True,False,bochkov rodion,False,False
ITA,"Sadikova, Feruza",Taekwondo,Athlete,Uzbekistan,False,source_lists_other_country,Period of Ineligibility of 3 years,Resolved,https://ita.sport/wordpress/wp-admin/post.php?post=19103&action=edit,True,True,feruza sadikova,False,False
ITA,"Holinko, Anastasiia",Mixed Martial Arts,Athlete,Ukraine,False,source_lists_other_country,Period of Ineligibility of 2 years,Resolved,,True,False,anastasiia holinko,False,False
ITA,"Lopez Moreno, Miguel Angel",Cycling,Athlete,Colombia,False,source_lists_other_country,Period of ineligibility of 4 years,Resolved,https://www.uci.org/pressrelease/uci-statement-concerning-miguel-angel-lopez/6CjUOXvDkWZN1FdLo8eYlV,True,True,angel lopez miguel moreno,False,False
ITA,"Villegas Rodriguez, Angel Eduardo",Baseball,Athlete,Venezuela,False,source_lists_other_country,Period of Ineligibility of 4 years,Resolved,https://ita.sport/wordpress/wp-admin/post.php?post=19084&action=edit,True,True,angel eduardo rodriguez villegas,False,False
ITA,"Ortiz Ceballos, Jankel Armando",Baseball,Athlete,Puerto Rico,False,source_lists_other_country,Period of Ineligibility of 4 years,Resolved,,True,False,armando ceballos jankel ortiz,False,False
ITA,"Pinto Costa, Luis Miguel",Cycling,Athlete,Portugal,False,source_lists_other_country,Period of ineligibility of 2 years,Resolved,,True,False,costa luis miguel pinto,False,False
ITA,"Mostafa, Malak Hamdy",Kurash,Athlete,Egypt,False,source_lists_other_country,Period of Ineligibility of 2 years,Resolved,https://ita.sport/news/the-ita-reports-that-kurash-athlete-malak-hamdy-mostafa-has-been-sanctioned-with-a-2-year-period-of-ineligibility/,True,True,hamdy malak mostafa,False,False
ITA,"Mostafa, Mariam Hamdy",Kurash,Athlete,Egypt,False,source_lists_other_country,Period of Ineligibility of 2 years,Resolved,https://ita.sport/news/the-ita-reports-that-kurash-athlete-mariam-hamdy-mostafa-has-been-sanctioned-with-a-2-year-period-of-ineligibility/,True,True,hamdy mariam mostafa,False,False
ITA,"Soares Martins, Miguel",Handball,Athlete,Portugal,False,source_lists_other_country,No ADRV,Resolved,https://ita.sport/news/the-ita-reports-that-a-sample-provided-by-handball-player-miguel-soares-martin-returned-an-adverse-analytical-finding/,True,True,martins miguel soares,False,False
ITA,"Moreno Bedoya, Andres Mauricio",Taekwondo,Athlete,Colombia,False,source_lists_other_country,Period of Ineligibility of 2 years,Resolved,,True,False,andres bedoya mauricio moreno,False,False
ITA,"Aitpanbet, Samat",Grappling,Athlete,Kazakhstan,False,source_lists_other_country,Period of Ineligibility of 3 years,Resolved,https://ita.sport/news/the-ita-sanctions-wrestler-samat-aitpanbet-with-a-3-year-period-of-ineligibility/,True,True,aitpanbet samat,False,False
ITA,"Bhandari, Sagar",Weightlifting,Athlete,Nepal,False,source_lists_other_country,Period of Ineligibility of 4 years,Resolved,,True,False,bhandari sagar,False,False
ITA,"Hafnaoui, Ahmed Ayoub",Swimming,Athlete,Tunisia,False,source_lists_other_country,Period of Ineligibility of 21 months,Resolved,,True,False,ahmed ayoub hafnaoui,False,False
ITA,"Medet Kyzy, Aitolkun",Wrestling,Athlete,Kyrgyzstan,False,source_lists_other_country,Period of Ineligibility of 3 years,Resolved,,True,False,aitolkun kyzy medet,False,False
ITA,"Juraeva, Gulkhayo",Military Judo,Athlete,Uzbekistan,False,source_lists_other_country,Period of ineligibility of 3 years,Resolved,,True,False,gulkhayo juraeva,False,False
ITA,"Sierra Lara, Jaime Samuel",Mixed Martial Arts,Athlete,Mexico,False,source_lists_other_country,Period of Ineligibility of 2 years,Resolved,,True,False,jaime lara samuel sierra,False,False
ITA,"Gotardelo Muller, Guilherme",Cycling,Athlete,Brazil,False,source_lists_other_country,Period of ineligibility of 4 years,Resolved,,True,False,gotardelo guilherme muller,False,False
ITA,"Kajaia, Iakobi",Wrestling,Athlete,Georgia,False,source_lists_other_country,Period of Ineligibility of 2 years,Resolved,,True,False,iakobi kajaia,False,False
ITA,"Tcabolov, Khetik",Wrestling,Athlete,Serbia,False,source_lists_other_country,Period of Ineligibility of 6 years,Resolved,,True,False,khetik tcabolov,False,False
ITA,"Gelnarova, Hana",Mixed Martial Arts,Athlete,Czech Republic,False,source_lists_other_country,Provisional Suspension (from 3 April 2025),On-going,,True,False,gelnarova hana,False,False
ITA,"Sofuoglu, Ali",Karate,Athlete,Türkiye,False,source_lists_other_country,Period of Ineligibility of 2 years,Resolved,https://ita.sport/news/the-ita-acknowledges-the-wkfs-decision-to-sanction-athlete-ali-sofuoglu-with-a-two-year-period-of-ineligibility/,True,True,ali sofuoglu,False,False
ITA,"Nagucheva, Danna",Judo,Athlete,Russian Federation,False,source_lists_other_country,Provisional Suspension (since 28 March 2025),On-going,,True,False,danna nagucheva,False,False
ITA,"Nooristani, Mohammad Khaibar",Boxing,Athlete,Afghanistan,False,source_lists_other_country,Period of Ineligibility of 6 years,Resolved,,True,False,khaibar mohammad nooristani,False,False
ITA,"Alves Gabriel, Vania",Judo,Athlete,Angola,False,source_lists_other_country,Period of ineligibility of 4 years,Resolved,,True,False,alves gabriel vania,False,False
ITA,"Bozorboyev, Abbos",Kickboxing,Athlete,Uzbekistan,False,source_lists_other_country,Period of Ineligibility of 4 years,Resolved,,True,False,abbos bozorboyev,False,False
ITA,"Olivares Medina, Miguel Austin",Baseball,Athlete,Venezuela,False,source_lists_other_country,Period of Ineligibility of 3 years,Resolved,https://ita.sport/news/the-ita-reports-that-baseball-player-miguel-austin-olivares-medina-was-sanctioned-with-a-3-year-period-of-ineligibility/,True,True,austin medina miguel olivares,False,False
ITA,"Baboryko, Dmitriy",Wrestling,Athlete,Russian Federation,False,source_lists_other_country,Period of Ineligibility of 2 years,Resolved,https://ita.sport/news/the-ita-reports-that-wrestler-dmitriy-baboryko-has-been-sanctioned-with-a-2-year-period-of-ineligibility/,True,True,baboryko dmitriy,False,False
ITA,"Martinez Acevez, Melissa Lisset",Kickboxing,Athlete,Mexico,False,source_lists_other_country,Period of Ineligibility of 2 years,Resolved,https://ita.sport/news/the-ita-sanctions-two-kickboxers-with-2-year-ineligibility-periods-each-for-three-whereabouts-failures/,True,True,acevez lisset martinez melissa,False,False
ITA,"Fozilzhanov, Ikbol",Kickboxing,Athlete,Kyrgyzstan,False,source_lists_other_country,Period of Ineligibility of 2 years,Resolved,https://ita.sport/news/the-ita-sanctions-two-kickboxers-with-2-year-ineligibility-periods-each-for-three-whereabouts-failures/,True,True,fozilzhanov ikbol,False,False
ITA,"Lamkabber, Anas",Wrestling,Athlete,Morocco,False,source_lists_other_country,Period of Ineligibility of 4 years,Resolved,https://ita.sport/news/the-ita-reports-that-wrestler-anas-lamkabber-has-been-sanctioned-with-a-4-year-period-of-ineligibility/,True,True,anas lamkabber,False,False
ITA,"Tovarlaza, Tia Sarah",Weightlifting,Athlete,Croatia,False,source_lists_other_country,Period of Ineligibility of 4 years,Resolved,https://ita.sport/news/the-ita-acknowledges-the-cas-add-decision-sanctioning-weightlifters-goran-cetkovic-and-tia-sarah-tovarlaza/,True,True,sarah tia tovarlaza,False,False
ITA,"Cetkovic, Goran",Weightlifting,Athlete,Croatia,False,source_lists_other_country,Period of Ineligibility of 4 years,Resolved,https://ita.sport/news/the-ita-acknowledges-the-cas-add-decision-sanctioning-weightlifters-goran-cetkovic-and-tia-sarah-tovarlaza/,True,True,cetkovic goran,False,False
ITA,"Cruveillier, Caroline-Rita-Daniele",Boxing,Athlete,France,False,source_lists_other_country,Period of Ineligibility of 2 years,Resolved,https://ita.sport/news/the-ita-sanctions-boxer-caroline-cruveillier-with-a-24-month-period-of-ineligibility-for-three-whereabouts-failures/,True,True,caroline cruveillier daniele rita,False,False
ITA,"Ozmen, Kerem",Boxing,Athlete,Turkey,False,source_lists_other_country,Period of Ineligibility of 15 months,Resolved,,True,False,kerem ozmen,False,False
ITA,"Tran, Ha Vi",Gymnastics,Athlete,Vietnam,False,source_lists_other_country,Period of Ineligibility of 2 years,Resolved,https://ita.sport/news/the-ita-sanctions-gymnast-ha-vi-tran-with-a-24-month-period-of-ineligibility/,True,True,ha tran vi,False,False
ITA,"Dolzhikova, Elizaveta",Taekwondo,Athlete,Russian Federation,False,source_lists_other_country,Period of Ineligibility of 2 years,Resolved,https://ita.sport/news/the-ita-reports-that-two-taekwondo-athletes-have-each-been-sanctioned-with-a-2-year-period-of-ineligibility/,True,True,dolzhikova elizaveta,False,False
ITA,"Orazkhan, Zeinep",Mixed Martial Arts,Athlete,Kazakhstan,False,source_lists_other_country,Provisional Suspension (from 3 March 2025),On-going,https://ita.sport/news/ita-notifies-gamma-athletes-mazhit-sardarov-aidyn-tolepbayev-zeinep-orazkhan-of-apparent-anti-doping-rule-violations/,True,False,orazkhan zeinep,False,False
ITA,"Djangabaev, Rustam",Weightlifting,Athlete,Uzbekistan,False,source_lists_other_country,Period of Ineligibility of 8 years,Resolved,https://ita.sport/news/the-ita-reports-that-weightlifter-rustam-djangabaev-has-been-sanctioned-with-an-eight-year-period-of-ineligibility/,True,True,djangabaev rustam,False,False
ITA,"Reyes, Hernandez",Wushu,Athlete,Mexico,False,source_lists_other_country,Period of Ineligibility of 2 years,Resolved,,True,False,hernandez reyes,False,False
ITA,"Alijonova, Gulsanam",Taekwondo,Athlete,Uzbekistan,False,source_lists_other_country,Provisional Suspension (since 26 February 2025),On-going,,True,False,alijonova gulsanam,False,False
ITA,"Narwal, Gitika",Boxing,Athlete,India,False,source_lists_other_country,Period of Ineligibility of 1 year,Resolved,https://ita.sport/news/the-ita-acknowledges-the-cas-add-decision-sanctioning-boxer-gitika-narwal/,True,True,gitika narwal,False,False
ITA,"Schlittig, Vicky",Weightlifting,Athlete,Germany,False,source_lists_other_country,Period of Ineligibility of 4 years,Resolved,https://ita.sport/news/the-ita-acknowledges-the-decision-of-cas-imposing-a-four-year-period-of-ineligibility-on-weightlifter-vicky-schlittig/,True,True,schlittig vicky,False,False
ITA,"Vusurovic, Pavle",Kickboxing,Athlete,Montenegro,False,source_lists_other_country,Period of Ineligibility of 2 years,Resolved,https://ita.sport/news/the-ita-sanctions-kickboxing-athlete-pavle-vusurovic-with-a-24-month-period-of-ineligibility/,True,True,pavle vusurovic,False,False
ITA,"Kaskinova, Zhanna",Mixed Martial Arts,Athlete,Kazakhstan,False,source_lists_other_country,Period of Ineligibility of 2 years,Resolved,,True,False,kaskinova zhanna,False,False
ITA,"Sanathoi, Yumnam",Wushu,Athlete,India,False,source_lists_other_country,Period of Ineligibility of 2 years,Resolved,,True,False,sanathoi yumnam,False,False
ITA,"Ding, Miao",Mixed Martial Arts,Athlete,China,False,source_lists_other_country,Period of Ineligibility of 4 years,Resolved,,True,False,ding miao,False,False
ITA,"Akbar, Muhammad Waqas",Weightlifting,Athlete Support Personnel,Pakistan,False,source_lists_other_country,Period of Ineligibility of 4 years,Resolved,https://ita.sport/news/the-ita-updates-on-its-investigative-and-prosecutorial-activities-concerning-the-pakistan-weightlifting-federation/,True,True,akbar muhammad waqas,False,False
ITA,"Butt, Amjad Amin",Weightlifting,Athlete Support Personnel,Pakistan,False,source_lists_other_country,Period of Ineligibility of 4 years,Resolved,https://ita.sport/news/the-ita-updates-on-its-investigative-and-prosecutorial-activities-concerning-the-pakistan-weightlifting-federation/,True,True,amin amjad butt,False,False
ITA,"Gutierrez Crespo, Yesenia Guadalupe",Wushu,Athlete,Mexico,False,source_lists_other_country,Period of Ineligibility of 2 years,Resolved,,True,False,crespo guadalupe gutierrez yesenia,False,False
ITA,"Volkova, Yuliya",Taekwondo,Athlete,Russian Federation,False,source_lists_other_country,Period of Ineligibility of 2 years,Resolved,https://ita.sport/news/the-ita-reports-that-two-taekwondo-athletes-have-each-been-sanctioned-with-a-2-year-period-of-ineligibility/,True,True,volkova yuliya,False,False
ITA,"Abdulkhalikov, Magomed",Wushu,Athlete,Russian Federation,False,source_lists_other_country,Period of Ineligibility of 2 years,Resolved,,True,False,abdulkhalikov magomed,False,False
ITA,"El-Sahragty, Sarah",Kurash,Athlete,Egypt,False,source_lists_other_country,Period of Ineligibility of 4 years,Resolved,,True,False,el sahragty sarah,False,False
ITA,"Yilmaz, Batuhan",Kurash,Athlete,Türkiye,False,source_lists_other_country,Period of Ineligibility of 4 years,Resolved,,True,False,batuhan yilmaz,False,False
ITA,"Laurenz, Marcel",Cícling,Athlete,Germany,False,source_lists_other_country,Period of ineligibility of 3 years,Resolved,,True,False,laurenz marcel,False,False
ITA,"Domnich, Alik",Mixed Martial Arts,Athlete,Kazakhstan,False,source_lists_other_country,Period of Ineligibility of 2 years,Resolved,,True,False,alik domnich,False,False
ITA,"Radad, Mohamed",Sambo,Athlete,United States,False,source_lists_other_country,Period of Ineligibility of 4 years,Resolved,,True,False,mohamed radad,False,False
ITA,"Veli, Evagjelia",Weightlifting,Athlete,Albania,False,source_lists_other_country,Period of Ineligibility of 8 years,Resolved,,True,False,evagjelia veli,False,False
ITA,"Samim Faizad, Mohammad",Judo,Athlete,Afghanistan,False,source_lists_other_country,Period of ineligibility of 4 years,Resolved,,True,False,faizad mohammad samim,False,False
ITA,"Sehen Sehen, Sajjad Ghanim",Judo,Athlete,Iraq,False,source_lists_other_country,Period of ineligibility of 4 years,Resolved,,True,False,ghanim sajjad sehen sehen,False,False
ITA,"Conseguera Almanza, Randy Miguel",Baseball,Athlete,Colombia,False,source_lists_other_country,Period of Ineligibility of 2 years,Resolved,,True,False,almanza conseguera miguel randy,False,False
ITA,"Ibragimov, Murad",Mixed Martial Arts,Athlete,Bahrain,False,source_lists_other_country,Period of Ineligibility of 4 years,Resolved,,True,False,ibragimov murad,False,False
ITA,"Nad Varga, Kristina",Boxing,Athlete,Serbia,False,source_lists_other_country,Period of Ineligibility of 3 years,Resolved,https://ita.sport/news/ita-sanctions-boxer-kristina-nad-varga-with-a-3-year-period-of-ineligibility-for-the-presence-of-a-prohibited-substance/,True,True,kristina nad varga,False,False
ITA,"Povetkin, Alexander",Boxing,Athlete,Russian Federation,False,source_lists_other_country,Period of Ineligibility of 4 years,Resolved,https://ita.sport/news/the-ita-reports-that-boxer-alexander-povetkin-has-been-sanctioned-with-a-4-year-period-of-ineligibility/,True,True,alexander povetkin,True,False
ITA,"Konushbaev, Sardarbek",Wrestling,Athlete,Kyrgyzstan,False,source_lists_other_country,Period of Ineligibility of 4 years,Resolved,,True,False,konushbaev sardarbek,False,False
ITA,"Choubani, Abolfazl Ali",Wrestling,Athlete,Iran,False,source_lists_other_country,Period of Ineligibility of 2 years,Resolved,,True,False,abolfazl ali choubani,False,False
ITA,"Amanova, Aynur",Kurash,Athlete,Turkmenistan,False,source_lists_other_country,Period of Ineligibility of 4 years,Resolved,,True,False,amanova aynur,False,False
ITA,"Babinyan, Zarina",Judo,Athlete,Russian Federation,False,source_lists_other_country,Period of ineligibility of 4 years,Resolved,,True,False,babinyan zarina,False,False
ITA,"Ni, Aleksey",Weightlifting,Athlete Support Personnel,Kazakhstan,False,source_lists_other_country,Period of Ineligibility of 4 years,Resolved,,True,False,aleksey ni,False,False
ITA,"Ni, Viktor",Weightlifting,Athlete Support Personnel,Kazakhstan,False,source_lists_other_country,Period of Ineligibility of 4 years,Resolved,,True,False,ni viktor,False,False
ITA,"Dostiyev, Ilhkan",Cycling,Athlete,Kazakhstan,False,source_lists_other_country,Period of ineligibility of 4 years,Resolved,https://www.uci.org/pressrelease/uci-statement-concerning-ilkhan-dostiyev/7M4UeMJJgr9zhISMyYzVEJ,True,True,dostiyev ilhkan,False,False
ITA,"Lmangazaliev, Asadula",Muaythai,Athlete,Russian Federation,False,source_lists_other_country,Period of Ineligibility of 4 years,Resolved,,True,False,asadula lmangazaliev,False,False
ITA,"Tejenov, Tejen",Kurash,Athlete,Turkmenistan,False,source_lists_other_country,Period of Ineligibility of 4 years,Resolved,,True,False,tejen tejenov,False,False
ITA,"Gieryk, Kacper",Cycling,Athlete,Poland,False,source_lists_other_country,Period of ineligibility of 3 years,Resolved,,True,False,gieryk kacper,False,False
ITA,"Alsaadi, Bilal",Cycling,Athlete,Qatar,False,source_lists_other_country,Period of ineligibility of 3 years,Resolved,,True,False,alsaadi bilal,False,False
ITA,"Moussa Omar, Djilani",Wushu,Athlete,Djibouti,False,source_lists_other_country,Period of Ineligibility of 4 years,Resolved,,True,False,djilani moussa omar,False,False
ITA,"Egamberdiev, Kholmurod",Rowing,Athlete,Uzbekistan,False,source_lists_other_country,Period of Ineligibility of 3 years,Resolved,,True,False,egamberdiev kholmurod,False,False
ITA,"Ranaivosoa Coret, Marie Hanitra",Weightlifting,Athlete,Mauritius,False,source_lists_other_country,Period of Ineligibility of 3 years,Resolved,,True,False,coret hanitra marie ranaivosoa,False,False
ITA,"Bjelajac, Bosko",Rowing,Athlete,Serbia,False,source_lists_other_country,Period of Ineligibility of 6 years,Resolved,https://ita.sport/news/the-ita-reports-that-rower-bosko-bjelajac-has-been-sanctioned-with-a-6-year-period-of-ineligibility/,True,True,bjelajac bosko,False,False
ITA,"Drozd, Grigoriy",Boxing,Athlete,Russian Federation,False,source_lists_other_country,Period of Ineligibility of 4 years,Resolved,,True,False,drozd grigoriy,False,False
ITA,"Golunov, Aleksandr",Wrestling,Athlete,Russian Federation,False,source_lists_other_country,Period of Ineligibility of 4 years,Resolved,,True,False,aleksandr golunov,False,False
ITA,"Ogunsemilore, Cynthia Temitayo",Boxing,Athlete,Nigeria,False,source_lists_other_country,Period of Ineligibility of 2 years,Resolved,,True,False,cynthia ogunsemilore temitayo,False,False
ITA,"Neykov, Emil",Rowing,Athlete,Bulgaria,False,source_lists_other_country,Provisional Suspension (since 11 December 2024),On-going,,True,False,emil neykov,False,False
ITA,"Toibag, Damir",Boxing,Athlete,Kazakhstan,False,source_lists_other_country,Period of Ineligibility of 2 years,Resolved,,True,False,damir toibag,False,False
ITA,"Durgaev, Khizar",Wrestling,Athlete,Russia,False,source_lists_other_country,Period of Ineligibility of 4 years,Resolved,,True,False,durgaev khizar,False,False
ITA,"Malikov, Kamal",Wrestling,Athlete,Russia,False,source_lists_other_country,Period of Ineligibility of 4 years,Resolved,,True,False,kamal malikov,False,False
ITA,"Sayakhov, Albert",Weightlifting,Athlete,Russian Federation,False,source_lists_other_country,Period of Ineligibility of 4 years,Resolved,,True,False,albert sayakhov,False,False
ITA,"Kakovkin, Petr",Judo,Athlete,Russian Federation,False,source_lists_other_country,Period of ineligibility of 2 years,Resolved,,True,False,kakovkin petr,False,False
ITA,"Ollo Rangel, Richard Jose",Weightlifting,Athlete,Venezuela,False,source_lists_other_country,Period of Ineligibility of 4 years,Resolved,,True,False,jose ollo rangel richard,False,False
ITA,"Rodríguez, Elvismar",Judo,Athlete,Venezuela,False,source_lists_other_country,Period of ineligibility of 20 months,Resolved,,True,False,elvismar rodriguez,False,False
ITA,"Djuraeva, Dinara",Canoe,Athlete,Uzbekistan,False,source_lists_other_country,Period of Ineligibility of 2 years,Resolved,,True,False,dinara djuraeva,False,False
ITA,"Mosquera Valencia, Francisco Antonio",Weightlifting,Athlete,Colombia,False,source_lists_other_country,N/A,Resolved,,True,False,antonio francisco mosquera valencia,False,False
ITA,"Zaalishvili, Gela",Judo,Athlete,Georgia,False,source_lists_other_country,Period of ineligibility of 18 months,Resolved,,True,False,gela zaalishvili,False,False
ITA,"Marin Hernandez, Ewart Andres",Boxing,Athlete,Cuba,False,source_lists_other_country,Period of Ineligibility of 42 months,Resolved,,True,False,andres ewart hernandez marin,False,False
ITA,"Fomovskiy, Aleksey",Cycling,Athlete,Uzbekistan,False,source_lists_other_country,Period of ineligibility of 3 years,Resolved,,True,False,aleksey fomovskiy,False,False
ITA,"Vysočan, Daniel",Cycling,Athlete,Czech Repuclic,False,source_lists_other_country,Period of ineligibility of 3 years,Resolved,,True,False,daniel vysocan,False,False
ITA,"Baatarsukh, Chinzorig",Boxing,Athlete,Mongolia,False,source_lists_other_country,Period of Ineligibility of 4 years,Resolved,,True,False,baatarsukh chinzorig,False,False
ITA,"Elefteriadi, Lyudmila",Weightlifting,Athlete,Uzbekistan,False,source_lists_other_country,Period of Ineligibility of 4 years,Resolved,,True,False,elefteriadi lyudmila,False,False
ITA,"Yokubov, Doston",Weightlifting,Athlete,Uzbekistan,False,source_lists_other_country,Period of Ineligibility of 5 years,Resolved,,True,False,doston yokubov,False,False
ITA,"Nurjavova, Rushana",Sambo,Athlete,Turkmenistan,False,source_lists_other_country,Period of Ineligibility of 5 years,Resolved,,True,False,nurjavova rushana,False,False
ITA,"Seitimova, Anar",Sambo,Athlete,Kazakhstan,False,source_lists_other_country,Period of Ineligibility of 3 years,Resolved,,True,False,anar seitimova,False,False
ITA,"Payeras, Marcelo",Rowing,Athlete,Brazil,False,source_lists_other_country,Period of Ineligibility of 3 years,Resolved,,True,False,marcelo payeras,False,False
ITA,"Mejia, Hernando",Baseball,Athlete,Colombia,False,source_lists_other_country,Period of Ineligibility of 4 years,Resolved,,True,False,hernando mejia,False,False
ITA,"Kiamran, Nabati",Muaythai,Athlete,Russian Federation,False,source_lists_other_country,Period of Ineligibility of 4 years,Resolved,,True,False,kiamran nabati,False,False
ITA,"Herrera, David",Handball,Athlete,Costa Rica,False,source_lists_other_country,Period of Ineligibility of 3 years,Resolved,,True,False,david herrera,False,False
ITA,"Ghemu, Alexandrina",Kurash,Athlete,Republic of Moldova,False,source_lists_other_country,Period of Ineligibility of 2 years,Resolved,,True,False,alexandrina ghemu,False,False
ITA,"Pliesnoi, Anton",Weightlifting,Athlete,Georgia,False,source_lists_other_country,Period of Ineligibility of 3 years and 9 months,Resolved,,True,False,anton pliesnoi,False,False
ITA,"Barnard, Melissa",Kurash,Athlete,South Africa,False,source_lists_other_country,Period of Ineligibility of 2 years,Resolved,,True,False,barnard melissa,False,False
ITA,"Alshammari, Bader",Weightlifting,Athlete,Kuwait,False,source_lists_other_country,Period of Ineligibility of 4 years,Resolved,,True,False,alshammari bader,False,False
ITA,"Wi, Na Yeon",Archery,Athlete,Republic of Korea,False,source_lists_other_country,Period of Ineligibility of 4 years,Resolved,,True,False,na wi yeon,False,False
ITA,"Seyi Ntsengue, Dieudonné Wilfried",Boxing,Athlete,Cameroon,False,source_lists_other_country,Period of Ineligibility of 2 years,Resolved,,True,False,dieudonne ntsengue seyi wilfried,False,False
ITA,"Kanjinga, C'est La Vie Lisa",Boxing,Athlete,Republic of Congo,False,source_lists_other_country,Period of Ineligibility of 2 years,Resolved,,True,False,c est kanjinga la lisa vie,False,False
ITA,"Pinki, Pinki",Wrestling,Athlete,India,False,source_lists_other_country,Period of Ineligibility of 2 years,Resolved,,True,False,pinki pinki,False,False
ITA,"Maznitsyn, Stanislav",Weightlifting,Athlete,Israel,False,source_lists_other_country,Period of Ineligibility of 2 years,Resolved,,True,False,maznitsyn stanislav,False,False
ITA,"Khamraev, Abdulaziz",Kurash,Athlete,Uzbekistan,False,source_lists_other_country,Period of Ineligibility of 4 years,Resolved,,True,False,abdulaziz khamraev,False,False
ITA,"Khatayev, Rassul",Mixed Martial Arts,Athlete,Kazakhstan,False,source_lists_other_country,Period of Ineligibility of 3 years,Resolved,,True,False,khatayev rassul,False,False
ITA,"Ribera Pinto, Maria Jose",Swimming,Athlete,Bolivia,False,source_lists_other_country,Provisional Suspension (since 8 October 2024),On-going,,True,False,jose maria pinto ribera,False,False
ITA,"-, Arun",Wushu,Athlete,India,False,source_lists_other_country,Period of Ineligibility of 5 years,Resolved,,True,False,arun,False,False
ITA,"Medetbek Kyzy, Miraida",Sambo,Athlete,Kyrgyzstan,False,source_lists_other_country,Period of Ineligibility of 2 years,Resolved,,True,False,kyzy medetbek miraida,False,False
ITA,"Tran Huy, Hai",Wushu,Athlete,Viet Nam,False,source_lists_other_country,Period of Ineligibility of 2 years,Resolved,,True,False,hai huy tran,False,False
ITA,"Darwish, Ashrakt Nabil Sadik",Taekwondo,Athlete,Egypt,False,source_lists_other_country,Period of Ineligibility of 22 months,Resolved,,True,False,ashrakt darwish nabil sadik,False,False
ITA,"Chumak, Dmytro",Weightlifting,Athlete,Ukraine,False,source_lists_other_country,Period of Ineligibility of 6 years,Resolved,,True,False,chumak dmytro,False,False
ITA,"Pashov, Dragomir",Mixed Martial Arts,Athlete,Bulgaria,False,source_lists_other_country,Period of Ineligibility of 5 years,Resolved,,True,False,dragomir pashov,False,False
ITA,"Talantbekov, Akylbek",Wrestling,Athlete,Kyrgyzstan,False,source_lists_other_country,Period of Ineligibility of 4 years,Resolved,,True,False,akylbek talantbekov,False,False
ITA,"Mohamed, Ahmed Emad",Weightlifting,Athlete,Egypt,False,source_lists_other_country,Period of Ineligibility of 8 years,Resolved,,True,False,ahmed emad mohamed,False,False
ITA,"El Jazouli, Anas",Kickboxing,Athlete,Morocco,False,source_lists_other_country,Period of Ineligibility of 2 years,Resolved,,True,False,anas el jazouli,False,False
ITA,"Emami, Mohammad",Taekwondo,Athlete,Islamic Republic of Iran,False,source_lists_other_country,Period of Ineligibility of 4 years,Resolved,,True,False,emami mohammad,False,False
ITA,"Camilo Cortes, Rigoberto",Canoe,Athlete,Mexico,False,source_lists_other_country,Period of Ineligibility of 2 years,Resolved,,True,False,camilo cortes rigoberto,False,False
ITA,"Usupov, Saiakbai",Wrestling,Athlete,Kyrgyzstan,False,source_lists_other_country,Period of Ineligibility of 12 years,Resolved,,True,False,saiakbai usupov,False,False
ITA,"Demir, Sennur",Boxing,Athlete,Turkey,False,source_lists_other_country,Period of Ineligibility of 2 years,Resolved,,True,False,demir sennur,False,False
ITA,"Baez, Javier",Baseball,Athlete,Puerto Rico,False,source_lists_other_country,Period of Ineligibility of 2 years,Resolved,,True,False,baez javier,False,False
ITA,"Zakharevich, Valeriia",Sambo,Athlete,Ukraine,False,source_lists_other_country,Period of Ineligibility of 2 years,Resolved,,True,False,valeriia zakharevich,False,False
ITA,"Asad, Ali",Wrestling,Athlete,Pakistan,False,source_lists_other_country,Period of Ineligibility of 4 years,Resolved,,True,False,ali asad,False,False
ITA,"Amanova, Aynur",Kurash,Athlete,Turkmenistan,False,source_lists_other_country,Period of Ineligibility of 2 years,Resolved,,True,False,amanova aynur,False,False
ITA,"Mirzamurodov, Javokhir",Kurash,Athlete,Uzbekistan,False,source_lists_other_country,Period of Ineligibility of 4 years,Resolved,,True,False,javokhir mirzamurodov,False,False
ITA,"Konstantinidi, Eleni",Weightlifting,Athlete,Greece,False,source_lists_other_country,Period of Ineligibility of 4 years,Resolved,,True,False,eleni konstantinidi,False,False
ITA,"Marlow, Lonnie Jacob",Archery,Athlete,United States,False,source_lists_other_country,Period of Ineligibility of 2 years,Resolved,,True,False,jacob lonnie marlow,False,False
ITA,"Buyandelger, Erdenezul",Weightlifting,Athlete,Mongolia,False,source_lists_other_country,Period of Ineligibility of 3 years,Resolved,,True,False,buyandelger erdenezul,False,False
ITA,"Pirvu, Oleg",Mixed Martial Arts,Athlete,Moldova,False,source_lists_other_country,Provisional Suspension (from 9 August 2024),On-going,,True,False,oleg pirvu,False,False
ITA,"Mulamba, Dominique Lasconi",Athletics,Athlete,Democratic Republic of Congo,False,source_lists_other_country,ADRV confirmed. Ineligibility for the Olympic Games Paris 2024 and disqualification of results,Concluded - (case referred to World Athletics for further consequences),https://ita.sport/news/olympic-games-paris-2024-the-ita-asserts-an-apparent-anti-doping-rule-violation-against-congolese-athlete-dominique-lasconi-mulamba/,True,False,dominique lasconi mulamba,False,False
ITA,"Diaz Ramirez, Victor Manuel",Baseball,Athlete,Spain,False,source_lists_other_country,Period of Ineligibility of 4 years,Resolved,,True,False,diaz manuel ramirez victor,False,False
ITA,"Samim Faizad, Mohammad",Judo,Athlete,Afghanistan,False,source_lists_other_country,ADRV confirmed. Ineligibility for the Olympic Games Paris 2024 and disqualification of results,Concluded - (case referred to International Judo Federation for further consequences),https://ita.sport/news/olympic-games-paris-2024-the-ita-asserts-an-apparent-anti-doping-rule-violation-against-athlete-mohammad-samim-faizad/,True,False,faizad mohammad samim,False,False
ITA,"Temitayo Ogunsemilore, Cynthia",Boxing,Athlete,Nigeria,False,source_lists_other_country,ADRV confirmed. Ineligibility for the Olympic Games Paris 2024,Concluded - (case referred to International Federation for further consequences),https://ita.sport/news/olympic-games-paris-2024-the-ita-asserts-an-apparent-anti-doping-rule-violation-against-nigerian-athlete-cynthia-temitayo-ogunsemilore/,True,False,cynthia ogunsemilore temitayo,False,False
ITA,"Ghanim Sehen Sehen, Sajjad",Judo,Athlete,Iraq,False,source_lists_other_country,ADRV confirmed. Ineligibility for the Olympic Games Paris 2024,Concluded - (case referred to International Judo Federation for further consequences),https://ita.sport/news/olympic-games-paris-2024-the-ita-asserts-an-apparent-anti-doping-rule-violation-against-iraqi-athlete-sajjad-ghanim-sehen-sehen/,True,False,ghanim sajjad sehen sehen,False,False
ITA,"Ewart, Jesse",Cycling,Athlete,Ireland,False,source_lists_other_country,Period of ineligibility of 3 years,Resolved,,True,False,ewart jesse,False,False
ITA,"Niangi, Maria",Judo,Athlete,Angola,False,source_lists_other_country,Period of ineligibility of 4 years,Resolved,,True,False,maria niangi,False,False
ITA,"Santos Lima, Lucas",Sambo,Athlete,Brazil,False,source_lists_other_country,Period of Ineligibility of 3 years,Resolved,,True,False,lima lucas santos,False,False
ITA,"Pressly, Ryan",Baseball,Athlete,United States,False,source_lists_other_country,Period of Ineligibility of 2 years,Resolved,,True,False,pressly ryan,False,False
ITA,"Silva, Braulio",Baseball,Athlete,Nicaragua,False,source_lists_other_country,Period of Ineligibility of 4 years,Resolved,,True,False,braulio silva,False,False
ITA,"Ystybay, Aibolat",Judo,Athlete,Kazakhstan,False,source_lists_other_country,Period of ineligibility of 3 years,Resolved,,True,False,aibolat ystybay,False,False
ITA,"Kossekov, Muhammet",Sambo,Athlete,Turkmenistan,False,source_lists_other_country,Period of Ineligibility of 4 years,Resolved,,True,False,kossekov muhammet,False,False
ITA,"Herrera Yanes, Jasier",Baseball,Athlete,Colombia,False,source_lists_other_country,Period of Ineligibility of 4 years,Resolved,,True,False,herrera jasier yanes,False,False
ITA,"Fedorov, Alexei",Rowing,Athlete,Russian Federation,False,source_lists_other_country,Period of Ineligibility of 3 years,Resolved,,True,False,alexei fedorov,False,False
ITA,"Kozhakin, Ruslan",Weightlifting,Athlete,Ukraine,False,source_lists_other_country,Period of Ineligibility of 3 years and 6 months,Resolved,,True,False,kozhakin ruslan,False,False
ITA,"Taranenko, Bohdan",Weightlifting,Athlete,Ukraine,False,source_lists_other_country,Period of Ineligibility of 3 years and 6 months,Resolved,,True,False,bohdan taranenko,False,False
ITA,"Kozhakin, Ruslan",Weightlifting,Athlete,Ukraine,False,source_lists_other_country,Period of Ineligibility of 3 years and 6 months,Resolved,https://ita.sport/news/the-ita-asserts-apparent-anti-doping-rule-violations-against-4-weightlifters-prior-to-the-iwf-world-championships/,True,True,kozhakin ruslan,False,False
ITA,"Taranenko, Bohdan",Weightlifting,N/A,Ukraine,False,source_lists_other_country,Period of Ineligibility of 3 years and 6 months,Resolved,https://ita.sport/news/the-ita-asserts-apparent-anti-doping-rule-violations-against-4-weightlifters-prior-to-the-iwf-world-championships/,True,True,bohdan taranenko,False,False
ITA,"Gunes, Viktoria Zeynep",Swimming,Athlete,Türkiye,False,source_lists_other_country,Period of Ineligibility of 2 years,Resolved,,True,False,gunes viktoria zeynep,False,False
ITA,"Singh Saini, Jasleen",Judo,Athlete,India,False,source_lists_other_country,Period of ineligibility of 3 years,Resolved,,True,False,jasleen saini singh,False,False
ITA,"Zamarron Alaniz, Ximena Isabel",Softball,Athlete,Mexico,False,source_lists_other_country,Period of Ineligibility of 2 years,Resolved,,True,False,alaniz isabel ximena zamarron,False,False
ITA,"Hooda, Parveen",Boxing,Athlete,India,False,source_lists_other_country,Period of Ineligibility of 22 months,Resolved,https://ita.sport/news/ita-sanctions-indian-boxer-parveen-hooda-with-a-22-month-period-of-ineligibility-for-three-whereabouts-failures/,True,True,hooda parveen,False,False
ITA,"Farghaly, Mohamed Ahmed",Wrestling,Athlete,Egypt,False,source_lists_other_country,Provisional Suspension (since 17 May 2024),On-going,https://ita.sport/news/the-ita-reports-that-wrestler-mohamed-ahmed-farghaly-has-been-sanctioned-with-a-3-year-period-of-ineligibility/,True,False,ahmed farghaly mohamed,False,False
ITA,"Figueiredo, Natasha Rosa",Weightlifting,Athlete,Brazil,False,source_lists_other_country,Period of Ineligibility of 16 months,Resolved,https://ita.sport/news/the-ita-provides-an-update-on-two-rule-violations-for-weightlifters-qualified-for-tokyo-2020/,True,True,figueiredo natasha rosa,False,False
ITA,"Gobeev, Mikhail",Weightlifting,Athlete,Russian Federation,False,source_lists_other_country,Period of Ineligibility of 4 years,Resolved,https://ita.sport/news/the-ita-provides-an-update-on-two-rule-violations-for-weightlifters-qualified-for-tokyo-2020/,True,True,gobeev mikhail,False,False
ITA,"Jassir Atique, Antonio",Ironman,Athlete,Colombia,False,source_lists_other_country,Period of ineligibility of 2 years,Resolved,,True,False,antonio atique jassir,False,False
ITA,"Pereira, Maria Gabriela",Taekwondo,Athlete,Brazil,False,source_lists_other_country,Provisional Suspension (since 8 May 2024),On-going,,True,False,gabriela maria pereira,False,False
ITA,"Chartier, Collin",Ironman,Athlete,United States,False,source_lists_other_country,Period of ineligibility of 3 years,Resolved,,True,False,chartier collin,False,False
ITA,"Orsag, Jiri",Weightlifting,Athlete,Czech Republic,False,source_lists_other_country,Provisional Suspension (since 28 March 2023),On-going,,True,False,jiri orsag,False,False
ITA,"Berlusconi, Massimo",Cycling,Athlete,Italy,False,source_lists_other_country,Period of ineligibility of 4 years,Resolved,https://assets.ctfassets.net/761l7gh5x5an/5UDLgF3KKVLNNHYFcOAIAW/d3e6939bae4a5a460cf2c29bbdc2d5b8/Judgment_ADT_02.2024_UCI_v._Massimo_Berlusconi_for_publication.pdf,True,True,berlusconi massimo,False,False
ITA,"Smailov, Assylbek",Sambo,Athlete,Kazakhstan,False,source_lists_other_country,Period of Ineligibility of 3 years,Resolved,,True,False,assylbek smailov,False,False
ITA,"Castillo Torres, Julio César",Boxing,Athlete,Ecuador,False,source_lists_other_country,Period of Ineligibility of 2 years,Resolved,,True,False,castillo cesar julio torres,False,False
ITA,"Fischerov, David",Weightlifting,Athlete,Bulgaria,False,source_lists_other_country,Period of Ineligibility of 3 years,Resolved,,True,False,david fischerov,False,False
ITA,"Nomurodov, Olimjon",Sambo,Athlete,Uzbekistan,False,source_lists_other_country,Period of Ineligibility of 4 years,Resolved,,True,False,nomurodov olimjon,False,False
ITA,"Nomurodov, Olimjon",Sambo,Athlete,Uzbekistan,False,source_lists_other_country,Period of Ineligibility of 4 years,Resolved,,True,False,nomurodov olimjon,False,False
ITA,"Usoltseva, Nataliya",Weightlifting,Athlete,Russian Federation,False,source_lists_other_country,Period of Ineligibility of 2 years,Resolved,,True,False,nataliya usoltseva,False,False
ITA,"Hammadi, Maghnia",Weightlifting,Athlete,Algeria,False,source_lists_other_country,Period of Ineligibility of 6 years,Resolved,,True,False,hammadi maghnia,False,False
ITA,"Alexeyeva, Taissiya",Weightlifting,Athlete,Kazakhstan,False,source_lists_other_country,Period of Ineligibility of 4 years,Resolved,,True,False,alexeyeva taissiya,False,False
ITA,"Philippe, Gwendoline",Karate,Athlete,France,False,source_lists_other_country,Period of Ineligibility of 2 years,Resolved,,True,False,gwendoline philippe,False,False
ITA,"Castillo, Merlin",Weightlifting,Athlete,Honduras,False,source_lists_other_country,Period of Ineligibility of 2 years,Resolved,,True,False,castillo merlin,False,False
ITA,"Valiyev, Ramil",Sambo,Athlete,Azerbaijan,False,source_lists_other_country,Period of Ineligibility of 5 years,Resolved,,True,False,ramil valiyev,False,False
ITA,"Garcia, Onelki",Baseball,Athlete,Cuba,False,source_lists_other_country,Period of Ineligibility of 3 years,Resolved,,True,False,garcia onelki,False,False
ITA,"Maestre Perez, Gabriel José",Boxing,Athlete,Venezuela,False,source_lists_other_country,Period of Ineligibility of 2 years,Resolved,,True,False,gabriel jose maestre perez,False,False
ITA,"El Asmar, Fares Amir Shokry",Wrestling,Athlete,Egypt,False,source_lists_other_country,Period of Ineligibility of 4 years,Resolved,,True,False,amir asmar el fares shokry,False,False
ITA,"Kolomiets, Evgeny",Weightlifting,Athlete,Russian Federation,False,source_lists_other_country,Period of Ineligibility of 2 years,Resolved,,True,False,evgeny kolomiets,False,False
ITA,"Sabanchiev, Martin",Weightlifting,Athlete,Russian Federation,False,source_lists_other_country,Period of Ineligibility of 4 years,Resolved,,True,False,martin sabanchiev,False,False
ITA,"Pencue Martinez, Nikol Andrea",Judo,Athlete,Colombia,False,source_lists_other_country,Period of ineligibility of 3 years,Resolved,,True,False,andrea martinez nikol pencue,False,False
ITA,"Nagamboulou Modeshe, Ama",Kurash,Athlete,Congo,False,source_lists_other_country,Period of Ineligibility of 2 years,Resolved,,True,False,ama modeshe nagamboulou,False,False
ITA,"Kolasangian, Reza",Sport Climbing,Athlete,Iran,False,source_lists_other_country,Period of Ineligibility of 4 years,Resolved,,True,False,kolasangian reza,False,False
ITA,"Jumaniyazov, Gochmyrat",Wushu,Athlete,Turkmenistan,False,source_lists_other_country,Period of Ineligibility of 3 years,Resolved,,True,False,gochmyrat jumaniyazov,False,False
ITA,"Torekhanova, Aigerim",Wushu,Athlete,Kazakhstan,False,source_lists_other_country,Period of Ineligibility of 3 years,Resolved,,True,False,aigerim torekhanova,False,False
ITA,"Kataev, Soslan",Weightlifting,Athlete,Russian Federation,False,source_lists_other_country,Period of Ineligibility of 4 years,Resolved,,True,False,kataev soslan,False,False
ITA,"Kachaeva, Julija",Weightlifting,Athlete,Russian Federation,False,source_lists_other_country,Period of Ineligibility of 4 years,Resolved,,True,False,julija kachaeva,False,False
ITA,"Rehman, Abdur",Weightlifting,Athlete,Pakistan,False,source_lists_other_country,Period of Ineligibility of 4 years,Resolved,,True,False,abdur rehman,False,False
ITA,"Mustafa, Ghulam",Weightlifting,Athlete,Pakistan,False,source_lists_other_country,Period of Ineligibility of 4 years,Resolved,,True,False,ghulam mustafa,False,False
ITA,"Sharjeel Butt, Muhammad",Weightlifting,Athlete,Pakistan,False,source_lists_other_country,Period of Ineligibility of 4 years,Resolved,,True,False,butt muhammad sharjeel,False,False
ITA,"Sultonova, Mamlakat",Sambo,Athlete,Uzbekistan,False,source_lists_other_country,Period of Ineligibility of 2 years,Resolved,,True,False,mamlakat sultonova,False,False
ITA,"Afornali, Derik Felix",Ironman,Athlete,Brazil,False,source_lists_other_country,Period of ineligibility of 2 years,Resolved,https://ita.sport/news/the-ita-imposes-a-2-year-sanction-on-ironman-athlete/,True,True,afornali derik felix,False,False
ITA,"Tshama, David Mwenekabue",Boxing,Athlete,Democratic Republic of Congo,False,source_lists_other_country,Period of Ineligibility of 2 years,Resolved,,True,False,david mwenekabue tshama,False,False
ITA,"Hryshchanka, Kiryl",Wrestling,Athlete,Belarus,False,source_lists_other_country,Period of Ineligibility of 4 years,Resolved,,True,False,hryshchanka kiryl,False,False
ITA,"Amjad, Farhan",Weightlifting,Athlete,Pakistan,False,source_lists_other_country,Period of Ineligibility of 4 years,Resolved,,True,False,amjad farhan,False,False
ITA,"Sidakov, Georgiy",Weightlifting,Athlete,Russian Federation,False,source_lists_other_country,Period of Ineligibility of 2 years,Resolved,,True,False,georgiy sidakov,False,False
ITA,"Gagloev, Soslan",Weightlifting,Athlete,Russian Federation,False,source_lists_other_country,Period of Ineligibility of 4 years,Resolved,,True,False,gagloev soslan,False,False
ITA,"Bonnat Michel, Zacarias",Weightlifting,Athlete,Dominican Republic,False,source_lists_other_country,Period of Ineligibility of 4 years,Resolved,,True,False,bonnat michel zacarias,False,False
ITA,"Safaryan, Aleksandr",Weightlifting,Athlete,Russian Federation,False,source_lists_other_country,Period of Ineligibility of 4 years,Resolved,,True,False,aleksandr safaryan,False,False
ITA,"Polovnikov, Vassilij",Weightlifting,Athlete,Russian Federation,False,source_lists_other_country,Period of Ineligibility of 4 years,Resolved,,True,False,polovnikov vassilij,False,False
ITA,"Mezhgikhov, Eduard",Weightlifting,Athlete,Russian Federation,False,source_lists_other_country,Period of Ineligibility of 4 years,Resolved,,True,False,eduard mezhgikhov,False,False
ITA,"Donen, Dogan",Weightlifting,Athlete,Turkey,False,source_lists_other_country,Period of Ineligibility of 2 years,Resolved,,True,False,dogan donen,False,False
ITA,"Coloma, Joelita Sharifa",Weightlifting,Athlete,Seychelles,False,source_lists_other_country,Provisional Suspension (since 29 November 2023),On-going,,True,False,coloma joelita sharifa,False,False
ITA,"Dementiev, Serhii",Weightlifting,Athlete,Russian Federation,False,source_lists_other_country,Period of Ineligibility of 4 years,Resolved,,True,False,dementiev serhii,False,False
ITA,"Bozorgishoob, Danial",Taekwondo,Athlete,Islamic Republic of Iran,False,source_lists_other_country,Period of Ineligibility of 3 years,Resolved,,True,False,bozorgishoob danial,False,False
ITA,"Yufkin, Aleksey",Weightlifting,Athlete,Russian Federation,False,source_lists_other_country,Period of Ineligibility of 2 years,Resolved,,True,False,aleksey yufkin,False,False
ITA,"Sukhar, Elena",Weightlifting,Athlete,Russian Federation,False,source_lists_other_country,Period of Ineligibility of 10 years,Resolved,,True,False,elena sukhar,False,False
ITA,"Sidakov, Georgiy",Weightlifting,Athlete,Russian Federation,False,source_lists_other_country,Period of Ineligibility of 2 years,Resolved,,True,False,georgiy sidakov,False,False
ITA,"Sabanchiev, Martin",Weightlifting,Athlete,Russian Federation,False,source_lists_other_country,Period of Ineligibility of 4 years,Resolved,,True,False,martin sabanchiev,False,False
ITA,"Khalilzoda, Subhiddini",Sambo,Athlete,Tajikistan,False,source_lists_other_country,Period of Ineligibility of 4 years,Resolved,,True,False,khalilzoda subhiddini,False,False
ITA,"Kubanychbek Uulu, Kasiet",Mixed Martial Arts,Athlete,Kyrgyzstan,False,source_lists_other_country,Period of Ineligibility of 4 years,Resolved,,True,False,kasiet kubanychbek uulu,False,False
ITA,"Magno, Irish",Boxing,Athlete,Philippines,False,source_lists_other_country,Period of Ineligibility of 2 years,Resolved,,True,False,irish magno,False,False
ITA,"Gholami, Sajjad Saberali",Wrestling,Athlete,Iran,False,source_lists_other_country,Period of Ineligibility of 2 years,Resolved,,True,False,gholami saberali sajjad,False,False
ITA,"Dotti, Juan Pablo",Cycling,Athlete,Argentina,False,source_lists_other_country,Period of ineligibility of 3 years,Resolved,,True,False,dotti juan pablo,False,False
ITA,"Gurbangeldiyeva, Aygozel",Wushu,Athlete,Turkmenistan,False,source_lists_other_country,Period of Ineligibility of 4 years,Resolved,,True,False,aygozel gurbangeldiyeva,False,False
ITA,"Rahmanov, Meylis",Wushu,Athlete,Turkmenistan,False,source_lists_other_country,Period of Ineligibility of 4 years,Resolved,,True,False,meylis rahmanov,False,False
ITA,"Marushchak, Alina",Weightlifting,Athlete,Ukraine,False,source_lists_other_country,Period of Ineligibility of 2 years,Resolved,,True,False,alina marushchak,False,False
ITA,"Chumak, Dmytro",Weightlifting,Athlete,Ukraine,False,source_lists_other_country,Period of Ineligibility of 6 years,Resolved,https://ita.sport/news/the-ita-asserts-adrvs-against-weightlifter-dmytro-chumak-and-coach-matsokha-mykhailo/,True,True,chumak dmytro,False,False
ITA,"Krendeleva, Tatyana",Weightlifting,Athlete,Russian Federation,False,source_lists_other_country,Provisional Suspension (since 1 June 2022),On-going,,True,False,krendeleva tatyana,False,False
ITA,"Bayav, Pelinsu",Weightlifting,Athlete,Turkey,False,source_lists_other_country,Period of Ineligibility of 3 years,Resolved,,True,False,bayav pelinsu,False,False
ITA,"Khusenov, Farzinshoh",Sambo,Athlete,Tajikistan,False,source_lists_other_country,Period of Ineligibility of 3 years,Resolved,,True,False,farzinshoh khusenov,False,False
ITA,"Abdueva, Farida",Mixed Martial Arts,Athlete,Kyrgyzstan,False,source_lists_other_country,Period of Ineligibility of 4 years,Resolved,,True,False,abdueva farida,False,False
ITA,"Kalhor, Reza",Taekwondo,Athlete,Islamic Republic of Iran,False,source_lists_other_country,Period of Ineligibility of 3 years,Resolved,,True,False,kalhor reza,False,False
ITA,"Melikuziev, Bektemir",Boxing,Athlete,Uzbekistan,False,source_lists_other_country,Period of Ineligibility of 4 years,Resolved,,True,False,bektemir melikuziev,False,False
ITA,"Gor, Yakup",Wrestling,Athlete,Turkey,False,source_lists_other_country,Period of Ineligibility of 2 years,Resolved,,True,False,gor yakup,False,False
ITA,"Kazaryan, Armen",Weightlifting,Athlete,Russian Federation,False,source_lists_other_country,Period of Ineligibility of 4 years,Resolved,,True,False,armen kazaryan,False,False
ITA,"Ajan, Tamas",Weightlifting,Official,Hungary,False,source_lists_other_country,Lifetime period of Ineligibility,Resolved,https://ita.sport/news/former-iwf-president-and-iwf-vice-president-sanctioned-with-a-lifetime-ban-as-a-result-of-itas-prosecution/,True,True,ajan tamas,False,False
ITA,"Mkrtumyan, Vanik",Weightlifting,Athlete,Russian Federation,False,source_lists_other_country,Period of Ineligibility of 4 years,Resolved,,True,False,mkrtumyan vanik,False,False
ITA,"Rasulov, Ramazan",Weightlifting,Athlete,Russian Federation,False,source_lists_other_country,Period of Ineligibility of 4 years,Resolved,,True,False,ramazan rasulov,False,False
ITA,"Amanova, Medine",Weightlifting,Athlete,Turkmenistan,False,source_lists_other_country,Period of Ineligibility of 15 months,Resolved,,True,False,amanova medine,False,False
ITA,"Amanova, Ogulgerek",Weightlifting,Athlete,Turkmenistan,False,source_lists_other_country,Period of Ineligibility of 15 months,Resolved,,True,False,amanova ogulgerek,False,False
ITA,"Muratov, Gennady",Weightlifting,Athlete,Russian Federation,False,source_lists_other_country,Provisional Suspension (since 28 April 2022),Resolved,,True,False,gennady muratov,False,False
ITA,"Yegnong, Njieyo Maxime",Boxing,Athlete,Cameroon,False,source_lists_other_country,Period of Ineligibility of 2 years,Resolved,,True,False,maxime njieyo yegnong,False,False
ITA,"Ponomarev, Valentin",Weightlifting,Athlete,Russian Federation,False,source_lists_other_country,Period of Ineligibility of 4 years,Resolved,,True,False,ponomarev valentin,False,False
ITA,"Beytula, Yunder",Weightlifting,Athlete,Bulgaria,False,source_lists_other_country,Period of Ineligibility of 8 years for ADRV of Art. 2.3 and Art. 2.5 of the 2019 IWF ADRV - Lifetime period of Ineligibility of Art. 2.1 of the 2021 IWF ADRV,Resolved,https://ita.sport/news/the-ita-asserts-an-apparent-adrv-against-bulgarian-weightlifter-yunder-beytula/,True,True,beytula yunder,False,False
ITA,"Nikolaishvili, Salome",Swimming,Athlete,Georgia,False,source_lists_other_country,Period of Ineligibility of 4 years,Resolved,,True,False,nikolaishvili salome,False,False
ITA,"Ozmen, Kerem",Boxing,Athlete,Turkey,False,source_lists_other_country,Period of Ineligibility of 20 months,Resolved,,True,False,kerem ozmen,False,False
ITA,"Niedzwiedz, Adam Dominik",Wrestling,Athlete,Poland,False,source_lists_other_country,Period of Ineligibility of 6 years,Resolved,,True,False,adam dominik niedzwiedz,False,False
ITA,"Mezhgikhov, Eduard",Weightlifting,Athlete,Russian Federation,False,source_lists_other_country,Period of Ineligibility of 4 years,Resolved,,True,False,eduard mezhgikhov,False,False
ITA,"Alekyan, Armen",Weightlifting,Athlete,Russian Federation,False,source_lists_other_country,Period of Ineligibility of 4 years,Resolved,,True,False,alekyan armen,False,False
ITA,"Chalyy, Dmitriy",Weightlifting,Athlete,Russian Federation,False,source_lists_other_country,Period of Ineligibility of 4 years,Resolved,,True,False,chalyy dmitriy,False,False
ITA,"Dormitorio, Ariana Thea Patrice",Cycling,Athlete,Philippines,False,source_lists_other_country,Period of ineligibility of 3 years,N/A,https://ita.sport/news/asian-games-hangzhou-2022-the-ita-notifies-athlete-ariana-dormitorio-evangelista-of-an-apparent-anti-doping-rule-violation/,True,False,ariana dormitorio patrice thea,False,False
ITA,"Cuello, Mirco",Boxing,Athlete,Argentina,False,source_lists_other_country,Period of Ineligibility of 2 years,Resolved,,True,False,cuello mirco,False,False
ITA,"Kuchmii, Mykola",Wrestling,Athlete,Ukraine,False,source_lists_other_country,Period of Ineligibility of 3 years,Resolved,,True,False,kuchmii mykola,False,False
ITA,"Hunko, Lidiia",Bobsleigh,Athlete,Ukraine,False,source_lists_other_country,Period of Ineligibility of 4 years,Resolved,,True,False,hunko lidiia,False,False
ITA,"Rahimov, Nijat",Weightlifting,Athlete,Kazakhstan,False,source_lists_other_country,Period of Ineligibility of 8 years,On-going,https://ita.sport/news/the-ita-welcomes-decision-of-cas-add-to-sanction-weightlifter-nijat-rahimov-for-adrv-of-swapping-samples/,True,False,nijat rahimov,True,False
ITA,"Hamilton, Nikki",Weightlifting,Athlete,Scotland,False,source_lists_other_country,Period of Ineligibility of 3 years,Resolved,,True,False,hamilton nikki,False,False
ITA,"Samed, Shakul",Boxing,Athlete,Ghana,False,source_lists_other_country,Period of Ineligibility of 2 years,Resolved,,True,False,samed shakul,False,False
ITA,"Tukhtaev, Feruz",Wrestling,Athlete,Uzbekistan,False,source_lists_other_country,Period of Ineligibility of 2 years - from 4 August 2022 until 3 August 2024,Resolved,,True,False,feruz tukhtaev,False,False
ITA,"Vujovic, Miroslav",Kickboxing,Athlete,Montenegro,False,source_lists_other_country,Period of Ineligibility of 4 years,Resolved,,True,False,miroslav vujovic,False,False
ITA,"Madanamoothoo, Jack Anthony",Weightlifting,Athlete,Mauritius,False,source_lists_other_country,Period of Ineligibility of 3 years,Resolved,,True,False,anthony jack madanamoothoo,False,False
ITA,"Bretas, Sotirios",Cycling,Athlete,Greece,False,source_lists_other_country,Period of ineligibility of 4 years,Resolved,,True,False,bretas sotirios,False,False
ITA,"A Alzouri, Jasim Mohammed",Weightlifting,Athlete,Saudi Arabia,False,source_lists_other_country,Period of Ineligibility of 3 years,Resolved,,True,False,a alzouri jasim mohammed,False,False
ITA,"Rejepov, Rejepbay",Weightlifting,Athlete,Turkmenistan,False,source_lists_other_country,Period of Ineligibility of 3 years,Resolved,,True,False,rejepbay rejepov,False,False
ITA,"Malomuzh, Daria",Kickboxing,Athlete,Croatia,False,source_lists_other_country,Period of Ineligibility of 3 years,Resolved,,True,False,daria malomuzh,False,False
ITA,"Guadamud Pico, Juan David",Weightlifting,Athlete,Ecuador,False,source_lists_other_country,Period of Ineligibility of 4 years,Resolved,,True,False,david guadamud juan pico,False,False
ITA,"Dakhlaoui, Haithem",Wrestling,Athlete,Tunisia,False,source_lists_other_country,Period of Ineligibility of 3 years - from 28 April 2022 until 27 April 2025,Resolved,,True,False,dakhlaoui haithem,False,False
ITA,"Benta, Joao",Cycling,Athlete,Portugal,False,source_lists_other_country,Period of ineligibility of 8 years,Resolved,https://assets.ctfassets.net/761l7gh5x5an/6znNOZUodIu3tCtdtIsCPp/34d7b56bf86c7e2e93451db09c4e2ba8/UCI_ADT_03.2023_UCI_v._Mr_Joao_Ricardo_Cardoso_Benta.pdf,True,True,benta joao,False,False
ITA,"Ribeiro, Vasco",Surfing,Athlete,Portugal,False,source_lists_other_country,Period of Ineligibility of 3 years,Resolved,https://ita.sport/news/the-ita-acknowledges-the-decision-of-cas-confirming-the-sanction-of-surfer-vasco-ribeiro/,True,True,ribeiro vasco,False,False
ITA,"Godelli, Daniel",Weightlifting,Athlete,Albania,False,source_lists_other_country,Provisional Suspension (since 3 July 2023),On-going,,True,False,daniel godelli,False,False
ITA,"Alakaev, Shakhsoltan",Wrestling,Athlete,Russia,False,source_lists_other_country,Period of Ineligibility of 6 years - from 17 September 2021 until 16 September 2027,Resolved,,True,False,alakaev shakhsoltan,False,False
ITA,"Dilmukhamedov, Askhat",Wrestling,Athlete,Kazakhstan,False,source_lists_other_country,Period of Ineligibility of 3 years - from 14 July 2021 until 13 July 2024,Resolved,https://ita.sport/news/the-ita-asserts-an-apparent-anti-doping-rule-violation-against-kazakstan-wrestler-askhat-dilmukhamedov/,True,True,askhat dilmukhamedov,False,False
ITA,"Alobaidi, Hisham",Handball,Athlete,Saudi Arabia,False,source_lists_other_country,Period of Ineligibility of 4 years,Resolved,,True,False,alobaidi hisham,False,False
ITA,"Arakcheeva, Larisa",Canoe,Athlete,Russia,False,source_lists_other_country,Provisional Suspension (since 10 May 2023),On-going,,True,False,arakcheeva larisa,False,False
ITA,"Lobova, Natalya",Canoe,Athlete,Russia,False,source_lists_other_country,Provisional Suspension (since 10 May 2023),On-going,,True,False,lobova natalya,False,False
ITA,"Yurchenko, Vitaliy",Canoe,Athlete,Russia,False,source_lists_other_country,Provisional Suspension (since 10 May 2023),On-going,,True,False,vitaliy yurchenko,False,False
ITA,"Mazzucco, Fabio",Cycling,Athlete,Italy,False,source_lists_other_country,Period of ineligibility of 3 years,Resolved,,True,False,fabio mazzucco,False,False
ITA,"Zabolotnaya, Natalia",Weightlifting,Athlete,Russian Federation,False,source_lists_other_country,Period of Ineligibility of 2 years,Resolved,https://ita.sport/news/the-ita-asserts-adrvs-and-prosecutes-weightlifters-based-on-wada-ii-investigations-mclaren-report-and-lims-data/,True,True,natalia zabolotnaya,False,False
ITA,"Zubova, Olga",Weightlifting,Athlete,Russian Federation,False,source_lists_other_country,Period of Ineligibility of 2 years,Resolved,https://ita.sport/news/the-ita-asserts-adrvs-and-prosecutes-weightlifters-based-on-wada-ii-investigations-mclaren-report-and-lims-data/,True,True,olga zubova,False,False
ITA,"Aukhadov, Apti",Weightlifting,Athlete,Russian Federation,False,source_lists_other_country,Period of Ineligibility of 18 months,Resolved,https://ita.sport/news/the-ita-asserts-adrvs-and-prosecutes-weightlifters-based-on-wada-ii-investigations-mclaren-report-and-lims-data/,True,True,apti aukhadov,True,False
ITA,"Kosov, Alexey",Weightlifting,Athlete,Russian Federation,False,source_lists_other_country,Period of Ineligibility of 4 years,Resolved,,True,False,alexey kosov,False,False
ITA,"Hamada, Mohammed",Weightlifting,Athlete,Palestine,False,source_lists_other_country,Period of Ineligibility of 20 months,Resolved,,True,False,hamada mohammed,False,False
ITA,"Abbaspoor, Alireza",Weightlifting,Athlete,Iran - Islamic Republic of,False,source_lists_other_country,Period of Ineligibility of 2 years,Resolved,,True,False,abbaspoor alireza,False,False
ITA,"Tojiev, Aziz",Boxing,Athlete,Uzbekistan,False,source_lists_other_country,Period of Ineligibility of 3 years,Resolved,,True,False,aziz tojiev,False,False
ITA,"Arthur, Angus",Wrestling,Athlete,Jamaica,False,source_lists_other_country,Period of Ineligibility of 4 years - from 18 June 2020 until 17 June 2024,Resolved,,True,False,angus arthur,False,False
ITA,"Rasuljonov, Khurshidbek",Boxing,Athlete,Uzbekistan,False,source_lists_other_country,Period of Ineligibility of 3 years,Resolved,,True,False,khurshidbek rasuljonov,False,False
ITA,"Alzyoudi, Hanan",Boxing,Athlete,United Arab Emirates,False,source_lists_other_country,Period of Ineligibility of 4 years,Resolved,,True,False,alzyoudi hanan,False,False
ITA,"Antunes, Amaro",Cycling,Athlete,Portugal,False,source_lists_other_country,Period of ineligibility of 4 years,Resolved,,True,False,amaro antunes,False,False
ITA,"Bideev, Aslan",Weightlifting,Athlete,Russian Federation,False,source_lists_other_country,Period of Ineligibility of 4 years,Resolved,https://ita.sport/news/the-ita-assterts-anti-doping-rule-violations-against-russian-weightlifters-aslan-bideev-and-andrey-kozlov/,True,True,aslan bideev,False,False
ITA,"Kozlov, Andrey",Weightlifting,Athlete,Russian Federation,False,source_lists_other_country,Period of Ineligibility of 4 years,Resolved,https://ita.sport/news/the-ita-assterts-anti-doping-rule-violations-against-russian-weightlifters-aslan-bideev-and-andrey-kozlov/,True,True,andrey kozlov,False,False
ITA,"Mohammadiha, Hossein",Cycling,Athlete,Iran,False,source_lists_other_country,Period of ineligibility of 6 years,Resolved,https://assets.ctfassets.net/761l7gh5x5an/2hv9JdXTxIkJXmqmzw6cgB/dd1b6ceeb6cf5f185a955fc4e496875b/UCI_ADT_02.2022_UCI_v._Mr_Hossein_Mohammadiha.pdf,True,True,hossein mohammadiha,False,False
ITA,"Mykhailo, Matsokha",Weightlifting,Coach,Ukraine,False,source_lists_other_country,Lifetime period of Ineligibility,Resolved,https://ita.sport/news/the-ita-asserts-adrvs-against-weightlifter-dmytro-chumak-and-coach-matsokha-mykhailo/,True,True,matsokha mykhailo,False,False
ITA,"Batsiushka, Hanna",Weightlifting,Athlete,Belarus,False,source_lists_other_country,Period of Ineligibility of 2 years,Resolved,https://ita.sport/news/the-ita-asserts-13-rule-violations-against-weightlifters-following-a-re-analysis-campaign-of-2012-samples/,True,True,batsiushka hanna,False,False
ITA,"Fatih, Baydar",Weightlifting,Athlete,Turkey,False,source_lists_other_country,Period of Ineligibility of 2 years,Resolved,https://ita.sport/news/the-ita-asserts-13-rule-violations-against-weightlifters-following-a-re-analysis-campaign-of-2012-samples/,True,True,baydar fatih,False,False
ITA,"Kilic, Gokhan",Weightlifting,Athlete,Turkey,False,source_lists_other_country,Period of Ineligibility of 2 years,Resolved,https://ita.sport/news/the-ita-asserts-13-rule-violations-against-weightlifters-following-a-re-analysis-campaign-of-2012-samples/,True,True,gokhan kilic,False,False
ITA,"Yilmaz, Hatice",Weightlifting,Athlete,Turkey,False,source_lists_other_country,Period of Ineligibility of 2 years,Resolved,https://ita.sport/news/the-ita-asserts-13-rule-violations-against-weightlifters-following-a-re-analysis-campaign-of-2012-samples/,True,True,hatice yilmaz,False,False
ITA,"Sezer, Bunyami",Weightlifting,Athlete,Turkey,False,source_lists_other_country,Period of Ineligibility of 2 years,Resolved,https://ita.sport/news/the-ita-asserts-13-rule-violations-against-weightlifters-following-a-re-analysis-campaign-of-2012-samples/,True,True,bunyami sezer,False,False
ITA,"Batsiushka, Hanna",Weightlifting,Athlete,Belarus,False,source_lists_other_country,Period of Ineligibility of 2 years,Resolved,https://ita.sport/news/the-ita-asserts-13-rule-violations-against-weightlifters-following-a-re-analysis-campaign-of-2012-samples/,True,True,batsiushka hanna,False,False
ITA,"Slivenko, Oksana",Weightlifting,Athlete,Russian Federation,False,source_lists_other_country,Period of Ineligibility of 2 years,Resolved,https://ita.sport/news/the-ita-sanctions-three-russian-weightlifters-based-on-wada-ii-investigations-prof-mclaren-report-and-lims-data/,True,True,oksana slivenko,False,False
ITA,"Albegov, Ruslan",Weightlifting,Athlete,Russian Federation,False,source_lists_other_country,Period of Ineligibility of 4 years,Resolved,,True,False,albegov ruslan,False,False
ITA,"Lapikov, Dimitriy",Weightlifting,Athlete,Russian Federation,False,source_lists_other_country,Period of Ineligibility of 8 years,Resolved,,True,False,dimitriy lapikov,False,False
ITA,"Lomova, Nadezhda",Weightlifting,Athlete,Russian Federation,False,source_lists_other_country,Period of Ineligibility of 8 years,Resolved,,True,False,lomova nadezhda,False,False
ITA,"Rodrigues, João",Cycling,Athlete,Portugal,False,source_lists_other_country,Period of ineligibility of 7 years,Resolved,,True,False,joao rodrigues,False,False
ITA,"Aschettino, Giuseppe",Weightlifting,Athlete,United Kingdom,False,source_lists_other_country,Period of Ineligibility of 3 years,Resolved,,True,False,aschettino giuseppe,False,False
ITA,"A Almulad, Mustafa Radha",Weightlifting,Athlete,Saudi Arabia,False,source_lists_other_country,Period of Ineligibility of 3 years,Resolved,,True,False,a almulad mustafa radha,False,False
ITA,"Talib, Talha",Weightlifting,Athlete,Pakistan,False,source_lists_other_country,Period of Ineligibility of 3 years,Resolved,https://ita.sport/news/the-ita-asserts-apparent-anti-doping-rule-violations-against-6-weightlifters-from-pakistan/,True,True,talha talib,False,False
ITA,"Pulaku, Hysen",Weightlifting,Athlete,Albania,False,source_lists_other_country,Period of Ineligibility of 2 years,Resolved,https://ita.sport/news/the-ita-asserts-13-rule-violations-against-weightlifters-following-a-re-analysis-campaign-of-2012-samples/,True,True,hysen pulaku,False,False
ITA,"Yelistratova, Yuliya",Triathlon,Athlete,Ukraine,False,source_lists_other_country,5-year ban,Concluded,https://ita.sport/news/the-ita-acknowledges-the-cas-add-decision-sanctioning-triathlete-yulia-yelistratova/,True,False,yelistratova yuliya,False,False
ITA,"Odhiambo, Mark",Athletics,Athlete,Kenya,False,source_lists_other_country,Ineligibility for the Olympic Games Tokyo 2020,Concluded (case referred to World Athletics (AIU) for further consequences),https://ita.sport/news/ita-asserts-an-apparent-adrv-against-kenyan-track-and-field-athlete-mark-odhiambo/,True,False,mark odhiambo,False,False
ITA,"Saveh Shemshaki, Hossein",Alpine Skiing,Athlete,Islamic Republic of Iran,False,source_lists_other_country,Ineligibility for the Olympic Winter Games Beijing 2022,Concluded (case referred to Fédération Internationale de Ski for further consequences),https://ita.sport/news/beijing-2022-the-ita-asserts-an-apparent-anti-doping-rule-violation-against-iranian-athlete-hossein-saveh-shemshaki/,True,False,hossein saveh shemshaki,False,False
ITA,"Abramyan, Benik",Athletics,Athlete,Georgia,False,source_lists_other_country,Ineligibility for the Olympic Games Tokyo 2020,Concluded (case referred to World Athletics (AIU) for further consequences),https://ita.sport/news/the-ita-asserts-an-apparent-anti-doping-rule-violation-against-georgian-athlete-benik-abramyan/,True,False,abramyan benik,False,False
ITA,"Kaminska, Valentyna",Cross Country Skiing,Athlete,Ukraine,False,source_lists_other_country,Ineligibility for the Olympic Winter Games Beijing 2022,Concluded (case referred to Fédération Internationale de Ski for further consequences),https://ita.sport/news/beijing-2022-the-ita-asserts-an-apparent-anti-doping-rule-violation-against-ukrainian-athlete-valentyna-kaminska/,True,False,kaminska valentyna,False,False
ITA,"Mikhou, Alsadik",Athletics,Athlete,Bahrain,False,source_lists_other_country,Ineligibility for the Olympic Games Tokyo 2020,Concluded (case referred to World Athletics (AIU) for further consequences),https://ita.sport/news/the-ita-asserts-an-apparent-adrv-against-bahrain-track-and-field-athlete-alsadik-mikhou/,True,False,alsadik mikhou,False,False
ITA,"Hunko, Lidiia",Bobsleigh,Athlete,Ukraine,False,source_lists_other_country,Ineligibility for the Olympic Winter Games Beijing 2022,Concluded (case referred to International Bobsleigh and Skeleton Federation for further consequences),https://ita.sport/news/beijing-2022-the-ita-asserts-an-apparent-anti-doping-rule-violation-against-ukrainian-athlete-lidiia-hunko/,True,False,hunko lidiia,False,False
ITA,"Chijindu, Ujah",Athletics,Athlete,Great Britain,False,source_lists_other_country,Ineligibility for the Olympic Games Tokyo 2020,Concluded (case referred to World Athletics (AIU) for further consequences),https://ita.sport/news/the-ita-acknowledges-decision-of-cas-add-to-disqualify-silver-medal-in-4x100m-sprint-relay-for-olympic-games-tokyo-2020/,True,False,chijindu ujah,False,False
ITA,"Barquero Jimenez, Laura",Figure Skating,Athlete,Spain,False,source_lists_other_country,Ineligibility for the Olympic Winter Games Beijing 2022,Concluded (case referred to International Skating Union for further consequences),https://ita.sport/news/beijing-2022-the-ita-asserts-an-apparent-anti-doping-rule-violation-against-spanish-athlete-laura-barquero/,True,False,barquero jimenez laura,False,False
ITA,"El Abbassi, El Hassan",Athletics,Athlete,Bahrain,False,source_lists_other_country,Ineligibility for the Olympic Games Tokyo 2020,Concluded (case referred to World Athletics (AIU) for further consequences),https://ita.sport/news/the-ita-asserts-and-apparent-adrv-against-bahrain-track-and-field-athlete-el-hassan-el-abbassi/,True,False,abbassi el el hassan,False,False
ITA,"Fedorovtsev, Sergej",Rowing,Athlete,Russian Federation,False,source_lists_other_country,Provisional Suspension (since 13 April 2021),On-going,,True,False,fedorovtsev sergej,False,False
ITA,"Mikhaylevskiy, Vyacheslav",Rowing,Athlete,Russian Federation,False,source_lists_other_country,Provisional Suspension - lifted on 14 April 2025,On-going,,True,False,mikhaylevskiy vyacheslav,False,False
ITA,"Ryabtsev, Vladislav",Rowing,Athlete,Russian Federation,False,source_lists_other_country,Provisional Suspension - lifted on 14 April 2025,On-going,,True,False,ryabtsev vladislav,False,False
ITA,"Kleshnev, Denis",Rowing,Athlete,Russian Federation,False,source_lists_other_country,Provisional Suspension - lifted on 14 April 2025,On-going,,True,False,denis kleshnev,False,False
ITA,"Coca Sierra, Luis Alberto",Weightlifting,Athlete,Dominican Republic,False,source_lists_other_country,Period of Ineligibility of 4 years,Resolved,,True,False,alberto coca luis sierra,False,False
ITA,"Mascorro Osuna, Tania Guadalupe",Weightlifting,Athlete,Mexico,False,source_lists_other_country,Period of Ineligibility of 4 years,Resolved,,True,False,guadalupe mascorro osuna tania,False,False
ITA,"Dyab, Nahil",Weightlifting,Athlete,Syrian Arab Republic,False,source_lists_other_country,Period of Ineligibility of 4 years,Resolved,,True,False,dyab nahil,False,False
ITA,"Likharad, Chika Joy",Weightlifting,Athlete,Belarus,False,source_lists_other_country,Period of Ineligibility of 4 years,Resolved,,True,False,chika joy likharad,False,False
ITA,"Fernandes Siva, Clemilda",Cycling,Athlete,Brasil,False,source_lists_other_country,Period of ineligibility of 8 years,Resolved,https://assets.ctfassets.net/761l7gh5x5an/5jLcqIzEAeV2wJPqjoGXfQ/f0f12072879a892febd028b88051f375/uci-adt-06.2019-uci-v.-ms-clemilda-fernandes-silva-final.pdf,True,True,clemilda fernandes siva,False,False
ITA,"Cocos, Roxana",Weightlifting,Athlete,Romania,False,source_lists_other_country,Lifetime period of Ineligibility,Resolved,,True,False,cocos roxana,False,False
ITA,"Nguyen, Thi Thu Trang",Weightlifting,Athlete,Viet Nam,False,source_lists_other_country,Period of Ineligibility of 4 years,Resolved,,True,False,nguyen thi thu trang,False,False
ITA,"Pavon Funes, Cristopher",Weightlifting,Athlete,Honduras,False,source_lists_other_country,Period of Ineligibility of 4 years,Resolved,,True,False,cristopher funes pavon,False,False
ITA,"Modzmanashvili, Davit",Wrestling,Athlete,Georgia,False,source_lists_other_country,Period of Ineligibility of 8 years - from 3 October 2018 until 2 October 2026,Resolved,,True,False,davit modzmanashvili,False,False
ITA,"Villalobos Solis, Roman",Cycling,Athlete,Costa Rica,False,source_lists_other_country,Period of ineligibility of 8 years,Resolved,https://assets.ctfassets.net/761l7gh5x5an/3kI6ydkqXxFRAMh30PyWcr/2f54b7a9f17a4b70cd3366d16e3f2077/uci-adt-05.2020-uci-v.-mr-rom-n-villalobos-sol-s.pdf,True,True,roman solis villalobos,False,False
ITA,"Myshov, Aleksandr",Weightlifting,Athlete,Russian Federation,False,source_lists_other_country,Period of Ineligibility of 2 years,Resolved,,True,False,aleksandr myshov,False,False
ITA,"Pulsabsakul, Chitchanok",Weightlifting,Athlete,Thailand,False,source_lists_other_country,Period of Ineligibility of 4 years,Resolved,,True,False,chitchanok pulsabsakul,False,False
ITA,"Sukanya, Srisurat",Weightlifting,Athlete,Thailand,False,source_lists_other_country,Period of Ineligibility of 4 years,Resolved,,True,False,srisurat sukanya,False,False
ITA,"Fioretti, Luca",Cycling,Athlete,Italy,False,source_lists_other_country,Period of ineligibility of 7 years and 6 months,Resolved,,True,False,fioretti luca,False,False
ITA,"Hosseini, Mohammad",Weightlifting,Athlete,Islamic Republic of Iran,False,source_lists_other_country,Period of Ineligibility of 4 years,Resolved,,True,False,hosseini mohammad,False,False
ITA,"Mogushkov, Chingiz",Weightlifting,Athlete,Russian Federation,False,source_lists_other_country,Period of Ineligibility of 4 years,Resolved,,True,False,chingiz mogushkov,False,False
ITA,"Sheyko, Maksim",Weightlifting,Athlete,Russian Federation,False,source_lists_other_country,Period of Ineligibility of 6 years,Resolved,,True,False,maksim sheyko,False,False
ITA,"Abiodun Otunla, Bilikis",Weightlifting,Athlete,Nigeria,False,source_lists_other_country,Period of Ineligibility of 8 years,Resolved,,True,False,abiodun bilikis otunla,False,False
ITA,"Marti, Jose-Pepe",Cycling,Athlete Support Personnel,Spain,False,source_lists_other_country,Period of ineligibility of 15 years,Resolved,https://www.uci.org/pressrelease/uci-declaration-on-the-cas-decision-concerning-mr-bruyneel-dr-celaya-and-mr-mart%C3%AD/5UtFl15AVyaZd2QgkhPsgV,True,True,jose marti pepe,False,False
ITA,"Bruyneel, Johan",Cycling,Athlete Support Personnel,Belgium,False,source_lists_other_country,Life ban,Resolved,https://www.uci.org/pressrelease/uci-declaration-on-the-cas-decision-concerning-mr-bruyneel-dr-celaya-and-mr-mart%C3%AD/5UtFl15AVyaZd2QgkhPsgV,True,True,bruyneel johan,False,False
ITA,"Celaya Lezama, Pedro",Cycling,Athlete Support Personnel,Spain,False,source_lists_other_country,Life ban,Resolved,https://www.uci.org/pressrelease/uci-declaration-on-the-cas-decision-concerning-mr-bruyneel-dr-celaya-and-mr-mart%C3%AD/5UtFl15AVyaZd2QgkhPsgV,True,True,celaya lezama pedro,False,False
ITA,"Emami, Rahim",Cycling,Athlete,Iran,False,source_lists_other_country,Period of ineligibility of 7 years and 6 months and + 4 years,Resolved,,True,False,emami rahim,False,False
ITA,"Benedetti, Luca",Cycling,Athlete,Italy,False,source_lists_other_country,Life ban,Resolved,,True,False,benedetti luca,False,False
ITA,"Di Luca, Danilo",Cycling,Athlete,Italy,False,source_lists_other_country,Life ban,Resolved,,True,False,danilo di luca,False,False
ITA,"Armstrong, Lance",Cycling,Athlete,United States,False,source_lists_other_country,Life ban,Resolved,,True,False,armstrong lance,True,False
ITA,"Forde, Barry",Cycling,Athlete,Barbados,False,source_lists_other_country,Life ban,Resolved,,True,False,barry forde,False,False
ITA,"Axelsson, Niklas",Cycling,Athlete,Sweden,False,source_lists_other_country,Life ban,Resolved,,True,False,axelsson niklas,False,False
ITA,"Bello Clavijo, Ferney Orlando",Cycling,Athlete,Colombia,False,source_lists_other_country,Life ban,Resolved,,True,False,bello clavijo ferney orlando,False,False
ITA,"Velasquez Arias, Neri Felipe",Cycling,Athlete,Guatemala,False,source_lists_other_country,Life ban,Resolved,,True,False,arias felipe neri velasquez,False,False
ITA,"Imamverdiev, Magerram",Judo,Athlete,Azerbaijan,False,source_lists_other_country,Period of Ineligibility of 2 years,Resolved,,True,False,imamverdiev magerram,False,False
ITA,"Ribera Pinto, María José",Aquatics,Athlete,Bolivia,False,source_lists_other_country,ADRV confirmed. Ineligibility for the Olympic Games Paris 2024 and disqualification of results,Concluded - (case referred to World Aquatics for further consequences),https://ita.sport/news/olympic-games-paris-2024-the-ita-sanctions-bolivian-athlete-maria-jose-ribera-pinto/,True,False,jose maria pinto ribera,False,False
ITA,"Maldonado Valdés, Martín",Baseball,Athlete,Puerto Rico,False,source_lists_other_country,Provisional Suspension (since 27 April 2026),Ongoing,,True,False,maldonado martin valdes,False,False
ITA,"Nooristani, Mohammad Khaibar",Boxing,Athlete,Afghanistan,False,source_lists_other_country,Provisional Suspension (from 2 November 2023),On-going,https://ita.sport/news/asian-games-hangzhou-2022-the-ita-notifies-athlete-mohammad-khaibar-nooristani-of-an-apparent-anti-doping-rule-violation/,True,False,khaibar mohammad nooristani,False,False
ITA,"Alasiri, Yousef Mohammed",Track and Field,Athlete,Saudi Arabia,False,source_lists_other_country,Provisional Suspension (since 2 October 2023),Concluded (case referred to World Athletics for further consequences),https://ita.sport/news/asian-games-hangzhou-2022-the-ita-notifies-athlete-yousef-mohammed-alasiri-of-an-apparent-anti-doping-rule-violation/,True,False,alasiri mohammed yousef,False,False
ITA,"Dormitorio, Ariana Thea Patrice",Cycling,Athlete,Philippines,False,source_lists_other_country,Ineligibility for the Asian Games 2022,Concluded (case referred to UCI for further consequences),https://ita.sport/news/asian-games-hangzhou-2022-the-ita-notifies-athlete-ariana-dormitorio-evangelista-of-an-apparent-anti-doping-rule-violation/,True,False,ariana dormitorio patrice thea,False,False
ITA,"Fomovskiy, Aleksey",Cycling,Athlete,Uzbekistan,False,source_lists_other_country,Ineligibility for the Asian Games 2022,Concluded (case referred to UCI for further consequences),https://ita.sport/news/the-ita-notifies-cycling-athlete-aleksey-fomovskiy-uzbekistan-of-an-apparent-anti-doping-rule-violation/,True,False,aleksey fomovskiy,False,False
ITA,"Tejenov, Tejen",Kurash,Athlete,Turkmenistan,False,source_lists_other_country,Provisional Suspension (since 22 December 2023),On-going,https://ita.sport/news/the-ita-notifies-kurash-athlete-tejan-tejenov-turkmenistan-of-an-apparent-anti-doping-rule-violation/,True,False,tejen tejenov,False,False
ITA,"A ALFARSI, Wesam Nasser",Track and Field,Athlete,Saudi Arabia,False,source_lists_other_country,Ineligibility for the Asian Games 2022,Concluded (case referred to World Athletics for further consequences),https://ita.sport/news/asian-games-hangzhou-2022-the-ita-notifies-track-and-field-athlete-wesam-nasser-a-alfarsi-saudi-arabia-of-an-apparent-anti-doping-rule-violation/,True,False,a alfarsi nasser wesam,False,False
ITA,"Buyandelger, Erdenezul",Weightlifting,Athlete,Mongolia,False,source_lists_other_country,Period of Ineligibility of 3 years,Provisional Suspension,https://ita.sport/news/asian-games-hangzhou-2022-the-ita-notifies-weighlifter-erdenezul-buyandelger-mongolia-of-an-apparent-anti-doping-rule-violation/,True,False,buyandelger erdenezul,False,False
ITA,"Alsaadi, Bilal Haitham",Cycling,Athlete,Qatar,False,source_lists_other_country,Ineligibility for the Asian Games 2022,Concluded (case referred to UCI for further consequences),https://ita.sport/news/asian-games-hangzhou-2022-the-ita-notifies-cyclist-bilal-haitham-alsaadi-qatar-of-an-apparent-anti-doping-rule-violation/,True,False,alsaadi bilal haitham,False,False
ITA,"Bzai, Sami",Basketball,Athlete,Jordan,False,source_lists_other_country,Ineligibility for the Asian Games 2022,Concluded (case referred to FIBA for further consequences),https://ita.sport/news/asian-games-hangzhou-2022-the-ita-notifies-basketball-player-sami-bzai-jordan-of-an-apparent-anti-doping-rule-violation/,True,False,bzai sami,False,False
ITA,"Brownlee, Justin",Basketball,Athlete,Philippines,False,source_lists_other_country,Ineligibility for the Asian Games 2022,Concluded (case referred to FIBA for further consequences),https://ita.sport/news/asian-games-hangzhou-2022-the-ita-notifies-basketball-player-justin-brownlee-philippines-of-an-apparent-anti-doping-rule-violation/,True,False,brownlee justin,False,False
ITA,"Baatarsukh, Chinzorig",Boxing,Athlete,Mongolia,False,source_lists_other_country,Ineligibility for the Asian Games 2022,Resolved,https://ita.sport/news/asian-games-hangzhou-2022-the-ita-notifies-boxing-athlete-chinzorig-baatarsukh-mongolia-of-an-apparent-anti-doping-rule-violation/,True,True,baatarsukh chinzorig,False,False
ITA,"Hussain, Adil",Kabaddi,Athlete,Pakistan,False,source_lists_other_country,N/A,On-going,https://ita.sport/news/asian-games-hangzhou-2022-the-ita-notifies-kabbadi-athlete-adil-hussain-pakistan-of-an-apparent-anti-doping-rule-violation/,True,False,adil hussain,False,False
